SeqID,Library_ID,Library_name,Sample-prep_person,Sample-prep_url,Primary_taxa,SeqSubmissionDate,SeqReceiptDate,Tissue,Molecule,Platform,Sequencer,Length,BriefDesc,SRA_ID,SRA_Submission_Date,SRA_Release_Date,Experiment,Product_url,Read1FileLocation,Read1URL,Read1FastQC,Read2FileLocation,Read2URL,Read2FastQC
16C_32psu_1_S1_L001,1,16C_32psu_1,ST,"https://shellytrigg.github.io/121th-post/, https://shellytrigg.github.io/122th-post/, https://shellytrigg.github.io/123th-post/",S_salar,20190712,20190719,skin,DNA,Illumina,NovaSeq,PE150,RRBS-ZymoPicoMethylseq,,,,"Temperature x salinity effect on salmon-sea lice infection, MspI + TaqA1",,/Volumes/web/nightingales/S_salar/16C_32psu_1_S1_L001_R1_001.fastq.gz,http://owl.fish.washington.edu/nightingales/S_salar/16C_32psu_1_S1_L001_R1_001.fastq.gz,http://gannet.fish.washington.edu/metacarcinus/Salmo_Calig/analyses/20190722/16C_32psu_1_S1_L001_R1_001_fastqc.html,/Volumes/web/nightingales/S_salar/16C_32psu_1_S1_L001_R2_001.fastq.gz,http://owl.fish.washington.edu/nightingales/S_salar/16C_32psu_1_S1_L001_R2_001.fastq.gz,http://gannet.fish.washington.edu/metacarcinus/Salmo_Calig/analyses/20190722/16C_32psu_1_S1_L001_R2_001_fastqc.html
16C_32psu_1_S1_L002,1,16C_32psu_1,ST,"https://shellytrigg.github.io/121th-post/, https://shellytrigg.github.io/122th-post/, https://shellytrigg.github.io/123th-post/",S_salar,20190712,20190719,skin,DNA,Illumina,NovaSeq,PE150,RRBS-ZymoPicoMethylseq,,,,"Temperature x salinity effect on salmon-sea lice infection, MspI + TaqA1",,/Volumes/web/nightingales/S_salar/16C_32psu_1_S1_L002_R1_001.fastq.gz,http://owl.fish.washington.edu/nightingales/S_salar/16C_32psu_1_S1_L002_R1_001.fastq.gz,http://gannet.fish.washington.edu/metacarcinus/Salmo_Calig/analyses/20190722/16C_32psu_1_S1_L002_R1_001_fastqc.html,/Volumes/web/nightingales/S_salar/16C_32psu_1_S1_L002_R2_001.fastq.gz,http://owl.fish.washington.edu/nightingales/S_salar/16C_32psu_1_S1_L002_R2_001.fastq.gz,http://gannet.fish.washington.edu/metacarcinus/Salmo_Calig/analyses/20190722/16C_32psu_1_S1_L002_R2_001_fastqc.html
16C_32psu_2_S2_L001,2,16C_32psu_2,ST,"https://shellytrigg.github.io/121th-post/, https://shellytrigg.github.io/122th-post/, https://shellytrigg.github.io/123th-post/",S_salar,20190712,20190719,skin,DNA,Illumina,NovaSeq,PE150,RRBS-ZymoPicoMethylseq,,,,"Temperature x salinity effect on salmon-sea lice infection, MspI + TaqA2",,/Volumes/web/nightingales/S_salar/16C_32psu_2_S2_L001_R1_001.fastq.gz,http://owl.fish.washington.edu/nightingales/S_salar/16C_32psu_2_S2_L001_R1_001.fastq.gz,http://gannet.fish.washington.edu/metacarcinus/Salmo_Calig/analyses/20190722/16C_32psu_2_S2_L001_R1_001_fastqc.html,/Volumes/web/nightingales/S_salar/16C_32psu_2_S2_L001_R2_001.fastq.gz,http://owl.fish.washington.edu/nightingales/S_salar/16C_32psu_2_S2_L001_R2_001.fastq.gz,http://gannet.fish.washington.edu/metacarcinus/Salmo_Calig/analyses/20190722/16C_32psu_2_S2_L001_R2_001_fastqc.html
16C_32psu_2_S2_L002,2,16C_32psu_2,ST,"https://shellytrigg.github.io/121th-post/, https://shellytrigg.github.io/122th-post/, https://shellytrigg.github.io/123th-post/",S_salar,20190712,20190719,skin,DNA,Illumina,NovaSeq,PE150,RRBS-ZymoPicoMethylseq,,,,"Temperature x salinity effect on salmon-sea lice infection, MspI + TaqA2",,/Volumes/web/nightingales/S_salar/16C_32psu_2_S2_L002_R1_001.fastq.gz,http://owl.fish.washington.edu/nightingales/S_salar/16C_32psu_2_S2_L002_R1_001.fastq.gz,http://gannet.fish.washington.edu/metacarcinus/Salmo_Calig/analyses/20190722/16C_32psu_2_S2_L002_R1_001_fastqc.html,/Volumes/web/nightingales/S_salar/16C_32psu_2_S2_L002_R2_001.fastq.gz,http://owl.fish.washington.edu/nightingales/S_salar/16C_32psu_2_S2_L002_R2_001.fastq.gz,http://gannet.fish.washington.edu/metacarcinus/Salmo_Calig/analyses/20190722/16C_32psu_2_S2_L002_R2_001_fastqc.html
16C_32psu_3_S3_L001,3,16C_32psu_3,ST,"https://shellytrigg.github.io/121th-post/, https://shellytrigg.github.io/122th-post/, https://shellytrigg.github.io/123th-post/",S_salar,20190712,20190719,skin,DNA,Illumina,NovaSeq,PE150,RRBS-ZymoPicoMethylseq,,,,"Temperature x salinity effect on salmon-sea lice infection, MspI + TaqA3",,/Volumes/web/nightingales/S_salar/16C_32psu_3_S3_L001_R1_001.fastq.gz,http://owl.fish.washington.edu/nightingales/S_salar/16C_32psu_3_S3_L001_R1_001.fastq.gz,http://gannet.fish.washington.edu/metacarcinus/Salmo_Calig/analyses/20190722/16C_32psu_3_S3_L001_R1_001_fastqc.html,/Volumes/web/nightingales/S_salar/16C_32psu_3_S3_L001_R2_001.fastq.gz,http://owl.fish.washington.edu/nightingales/S_salar/16C_32psu_3_S3_L001_R2_001.fastq.gz,http://gannet.fish.washington.edu/metacarcinus/Salmo_Calig/analyses/20190722/16C_32psu_3_S3_L001_R2_001_fastqc.html
16C_32psu_3_S3_L002,3,16C_32psu_3,ST,"https://shellytrigg.github.io/121th-post/, https://shellytrigg.github.io/122th-post/, https://shellytrigg.github.io/123th-post/",S_salar,20190712,20190719,skin,DNA,Illumina,NovaSeq,PE150,RRBS-ZymoPicoMethylseq,,,,"Temperature x salinity effect on salmon-sea lice infection, MspI + TaqA3",,/Volumes/web/nightingales/S_salar/16C_32psu_3_S3_L002_R1_001.fastq.gz,http://owl.fish.washington.edu/nightingales/S_salar/16C_32psu_3_S3_L002_R1_001.fastq.gz,http://gannet.fish.washington.edu/metacarcinus/Salmo_Calig/analyses/20190722/16C_32psu_3_S3_L002_R1_001_fastqc.html,/Volumes/web/nightingales/S_salar/16C_32psu_3_S3_L002_R2_001.fastq.gz,http://owl.fish.washington.edu/nightingales/S_salar/16C_32psu_3_S3_L002_R2_001.fastq.gz,http://gannet.fish.washington.edu/metacarcinus/Salmo_Calig/analyses/20190722/16C_32psu_3_S3_L002_R2_001_fastqc.html
16C_32psu_4_S4_L001,4,16C_32psu_4,ST,"https://shellytrigg.github.io/121th-post/, https://shellytrigg.github.io/122th-post/, https://shellytrigg.github.io/123th-post/",S_salar,20190712,20190719,skin,DNA,Illumina,NovaSeq,PE150,RRBS-ZymoPicoMethylseq,,,,"Temperature x salinity effect on salmon-sea lice infection, MspI + TaqA4",,/Volumes/web/nightingales/S_salar/16C_32psu_4_S4_L001_R1_001.fastq.gz,http://owl.fish.washington.edu/nightingales/S_salar/16C_32psu_4_S4_L001_R1_001.fastq.gz,http://gannet.fish.washington.edu/metacarcinus/Salmo_Calig/analyses/20190722/16C_32psu_4_S4_L001_R1_001_fastqc.html,/Volumes/web/nightingales/S_salar/16C_32psu_4_S4_L001_R2_001.fastq.gz,http://owl.fish.washington.edu/nightingales/S_salar/16C_32psu_4_S4_L001_R2_001.fastq.gz,http://gannet.fish.washington.edu/metacarcinus/Salmo_Calig/analyses/20190722/16C_32psu_4_S4_L001_R2_001_fastqc.html
16C_32psu_4_S4_L002,4,16C_32psu_4,ST,"https://shellytrigg.github.io/121th-post/, https://shellytrigg.github.io/122th-post/, https://shellytrigg.github.io/123th-post/",S_salar,20190712,20190719,skin,DNA,Illumina,NovaSeq,PE150,RRBS-ZymoPicoMethylseq,,,,"Temperature x salinity effect on salmon-sea lice infection, MspI + TaqA4",,/Volumes/web/nightingales/S_salar/16C_32psu_4_S4_L002_R1_001.fastq.gz,http://owl.fish.washington.edu/nightingales/S_salar/16C_32psu_4_S4_L002_R1_001.fastq.gz,http://gannet.fish.washington.edu/metacarcinus/Salmo_Calig/analyses/20190722/16C_32psu_4_S4_L002_R1_001_fastqc.html,/Volumes/web/nightingales/S_salar/16C_32psu_4_S4_L002_R2_001.fastq.gz,http://owl.fish.washington.edu/nightingales/S_salar/16C_32psu_4_S4_L002_R2_001.fastq.gz,http://gannet.fish.washington.edu/metacarcinus/Salmo_Calig/analyses/20190722/16C_32psu_4_S4_L002_R2_001_fastqc.html
s_4_sequenceYOJI1,5,yoji1,,,O_kisutch,20090522,,,,,,,,,,,,,/Volumes/web/nightingales/O_kisutch/s_4_sequenceYOJI1.txt.gz,http://owl.fish.washington.edu/nightingales/O_kisutch/s_4_sequenceYOJI1.txt.gz,,,,
8C_32psu_1_S5_L001,5,8C_32psu_1,ST,"https://shellytrigg.github.io/121th-post/, https://shellytrigg.github.io/122th-post/, https://shellytrigg.github.io/123th-post/",S_salar,20190712,20190719,skin,DNA,Illumina,NovaSeq,PE150,RRBS-ZymoPicoMethylseq,,,,"Temperature x salinity effect on salmon-sea lice infection, MspI + TaqA5",,/Volumes/web/nightingales/S_salar/8C_32psu_1_S5_L001_R1_001.fastq.gz,http://owl.fish.washington.edu/nightingales/S_salar/8C_32psu_1_S5_L001_R1_001.fastq.gz,http://gannet.fish.washington.edu/metacarcinus/Salmo_Calig/analyses/20190722/8C_32psu_1_S5_L001_R1_001_fastqc.html,/Volumes/web/nightingales/S_salar/8C_32psu_1_S5_L001_R2_001.fastq.gz,http://owl.fish.washington.edu/nightingales/S_salar/8C_32psu_1_S5_L001_R2_001.fastq.gz,http://gannet.fish.washington.edu/metacarcinus/Salmo_Calig/analyses/20190722/8C_32psu_1_S5_L001_R2_001_fastqc.html
8C_32psu_1_S5_L002,5,8C_32psu_1,ST,"https://shellytrigg.github.io/121th-post/, https://shellytrigg.github.io/122th-post/, https://shellytrigg.github.io/123th-post/",S_salar,20190712,20190719,skin,DNA,Illumina,NovaSeq,PE150,RRBS-ZymoPicoMethylseq,,,,"Temperature x salinity effect on salmon-sea lice infection, MspI + TaqA5",,/Volumes/web/nightingales/S_salar/8C_32psu_1_S5_L002_R1_001.fastq.gz,http://owl.fish.washington.edu/nightingales/S_salar/8C_32psu_1_S5_L002_R1_001.fastq.gz,http://gannet.fish.washington.edu/metacarcinus/Salmo_Calig/analyses/20190722/8C_32psu_1_S5_L002_R1_001_fastqc.html,/Volumes/web/nightingales/S_salar/8C_32psu_1_S5_L002_R2_001.fastq.gz,http://owl.fish.washington.edu/nightingales/S_salar/8C_32psu_1_S5_L002_R2_001.fastq.gz,http://gannet.fish.washington.edu/metacarcinus/Salmo_Calig/analyses/20190722/8C_32psu_1_S5_L002_R2_001_fastqc.html
s_4_sequenceYOJI2,6,yoji2,,,O_kisutch,20090702,,,,,,,,,,,,,/Volumes/web/nightingales/O_kisutch/s_4_sequenceYOJI2.txt.gz,http://owl.fish.washington.edu/nightingales/O_kisutch/s_4_sequenceYOJI2.txt.gz,,,,
8C_32psu_2_S6_L001,6,8C_32psu_2,ST,"https://shellytrigg.github.io/121th-post/, https://shellytrigg.github.io/122th-post/, https://shellytrigg.github.io/123th-post/",S_salar,20190712,20190719,skin,DNA,Illumina,NovaSeq,PE150,RRBS-ZymoPicoMethylseq,,,,"Temperature x salinity effect on salmon-sea lice infection, MspI + TaqA6",,/Volumes/web/nightingales/S_salar/8C_32psu_2_S6_L001_R1_001.fastq.gz,http://owl.fish.washington.edu/nightingales/S_salar/8C_32psu_2_S6_L001_R1_001.fastq.gz,http://gannet.fish.washington.edu/metacarcinus/Salmo_Calig/analyses/20190722/8C_32psu_2_S6_L001_R1_001_fastqc.html,/Volumes/web/nightingales/S_salar/8C_32psu_2_S6_L001_R2_001.fastq.gz,http://owl.fish.washington.edu/nightingales/S_salar/8C_32psu_2_S6_L001_R2_001.fastq.gz,http://gannet.fish.washington.edu/metacarcinus/Salmo_Calig/analyses/20190722/8C_32psu_2_S6_L001_R2_001_fastqc.html
8C_32psu_2_S6_L002,6,8C_32psu_2,ST,"https://shellytrigg.github.io/121th-post/, https://shellytrigg.github.io/122th-post/, https://shellytrigg.github.io/123th-post/",S_salar,20190712,20190719,skin,DNA,Illumina,NovaSeq,PE150,RRBS-ZymoPicoMethylseq,,,,"Temperature x salinity effect on salmon-sea lice infection, MspI + TaqA6",,/Volumes/web/nightingales/S_salar/8C_32psu_2_S6_L002_R1_001.fastq.gz,http://owl.fish.washington.edu/nightingales/S_salar/8C_32psu_2_S6_L002_R1_001.fastq.gz,http://gannet.fish.washington.edu/metacarcinus/Salmo_Calig/analyses/20190722/8C_32psu_2_S6_L002_R1_001_fastqc.html,/Volumes/web/nightingales/S_salar/8C_32psu_2_S6_L002_R2_001.fastq.gz,http://owl.fish.washington.edu/nightingales/S_salar/8C_32psu_2_S6_L002_R2_001.fastq.gz,http://gannet.fish.washington.edu/metacarcinus/Salmo_Calig/analyses/20190722/8C_32psu_2_S6_L002_R2_001_fastqc.html
8C_32psu_3_S7_L001,7,8C_32psu_3,ST,"https://shellytrigg.github.io/121th-post/, https://shellytrigg.github.io/122th-post/, https://shellytrigg.github.io/123th-post/",S_salar,20190712,20190719,skin,DNA,Illumina,NovaSeq,PE150,RRBS-ZymoPicoMethylseq,,,,"Temperature x salinity effect on salmon-sea lice infection, MspI + TaqA7",,/Volumes/web/nightingales/S_salar/8C_32psu_3_S7_L001_R1_001.fastq.gz,http://owl.fish.washington.edu/nightingales/S_salar/8C_32psu_3_S7_L001_R1_001.fastq.gz,http://gannet.fish.washington.edu/metacarcinus/Salmo_Calig/analyses/20190722/8C_32psu_3_S7_L001_R1_001_fastqc.html,/Volumes/web/nightingales/S_salar/8C_32psu_3_S7_L001_R2_001.fastq.gz,http://owl.fish.washington.edu/nightingales/S_salar/8C_32psu_3_S7_L001_R2_001.fastq.gz,http://gannet.fish.washington.edu/metacarcinus/Salmo_Calig/analyses/20190722/8C_32psu_3_S7_L001_R2_001_fastqc.html
8C_32psu_3_S7_L002,7,8C_32psu_3,ST,"https://shellytrigg.github.io/121th-post/, https://shellytrigg.github.io/122th-post/, https://shellytrigg.github.io/123th-post/",S_salar,20190712,20190719,skin,DNA,Illumina,NovaSeq,PE150,RRBS-ZymoPicoMethylseq,,,,"Temperature x salinity effect on salmon-sea lice infection, MspI + TaqA7",,/Volumes/web/nightingales/S_salar/8C_32psu_3_S7_L002_R1_001.fastq.gz,http://owl.fish.washington.edu/nightingales/S_salar/8C_32psu_3_S7_L002_R1_001.fastq.gz,http://gannet.fish.washington.edu/metacarcinus/Salmo_Calig/analyses/20190722/8C_32psu_3_S7_L002_R1_001_fastqc.html,/Volumes/web/nightingales/S_salar/8C_32psu_3_S7_L002_R2_001.fastq.gz,http://owl.fish.washington.edu/nightingales/S_salar/8C_32psu_3_S7_L002_R2_001.fastq.gz,http://gannet.fish.washington.edu/metacarcinus/Salmo_Calig/analyses/20190722/8C_32psu_3_S7_L002_R2_001_fastqc.html
solid0078_20091105_RbbertsLab_DH2_F3,7,DH2,MG,http://genefish.wikispaces.com/Mac%27s+Notebook,C_gigas,20091111,,ctenidia,RNA,SOLiD,,SE25,,,,,Drayton Harbor,,/Volumes/web/nightingales/C_gigas/solid0078_20091105_RbbertsLab_DH2_F3.tar.gz,http://owl.fish.washington.edu/nightingales/C_gigas/solid0078_20091105_RbbertsLab_DH2_F3.tar.gz,,,,
8C_32psu_4_S8_L001,8,8C_32psu_4,ST,"https://shellytrigg.github.io/121th-post/, https://shellytrigg.github.io/122th-post/, https://shellytrigg.github.io/123th-post/",S_salar,20190712,20190719,skin,DNA,Illumina,NovaSeq,PE150,RRBS-ZymoPicoMethylseq,,,,"Temperature x salinity effect on salmon-sea lice infection, MspI + TaqA8",,/Volumes/web/nightingales/S_salar/8C_32psu_4_S8_L001_R1_001.fastq.gz,http://owl.fish.washington.edu/nightingales/S_salar/8C_32psu_4_S8_L001_R1_001.fastq.gz,http://gannet.fish.washington.edu/metacarcinus/Salmo_Calig/analyses/20190722/8C_32psu_4_S8_L001_R1_001_fastqc.html,/Volumes/web/nightingales/S_salar/8C_32psu_4_S8_L001_R2_001.fastq.gz,http://owl.fish.washington.edu/nightingales/S_salar/8C_32psu_4_S8_L001_R2_001.fastq.gz,http://gannet.fish.washington.edu/metacarcinus/Salmo_Calig/analyses/20190722/8C_32psu_4_S8_L001_R2_001_fastqc.html
8C_32psu_4_S8_L002,8,8C_32psu_4,ST,"https://shellytrigg.github.io/121th-post/, https://shellytrigg.github.io/122th-post/, https://shellytrigg.github.io/123th-post/",S_salar,20190712,20190719,skin,DNA,Illumina,NovaSeq,PE150,RRBS-ZymoPicoMethylseq,,,,"Temperature x salinity effect on salmon-sea lice infection, MspI + TaqA8",,/Volumes/web/nightingales/S_salar/8C_32psu_4_S8_L002_R1_001.fastq.gz,http://owl.fish.washington.edu/nightingales/S_salar/8C_32psu_4_S8_L002_R1_001.fastq.gz,http://gannet.fish.washington.edu/metacarcinus/Salmo_Calig/analyses/20190722/8C_32psu_4_S8_L002_R1_001_fastqc.html,/Volumes/web/nightingales/S_salar/8C_32psu_4_S8_L002_R2_001.fastq.gz,http://owl.fish.washington.edu/nightingales/S_salar/8C_32psu_4_S8_L002_R2_001.fastq.gz,http://gannet.fish.washington.edu/metacarcinus/Salmo_Calig/analyses/20190722/8C_32psu_4_S8_L002_R2_001_fastqc.html
solid0078_20091105_DH3,8,DH3,MG,http://genefish.wikispaces.com/Mac%27s+Notebook,C_gigas,20091111,,ctenidia,RNA,SOLiD,,SE25,,,,,Drayton Harbor,http://www.sciencedirect.com/science/article/pii/S1744117X11001018,/Volumes/web/nightingales/C_gigas/solid0078_20091105_DH3.tar.gz,http://owl.fish.washington.edu/nightingales/C_gigas/solid0078_20091105_DH3.tar.gz,,,,
8C_26psu_1_S9_L001,9,8C_26psu_1,ST,"https://shellytrigg.github.io/121th-post/, https://shellytrigg.github.io/122th-post/, https://shellytrigg.github.io/123th-post/",S_salar,20190712,20190719,skin,DNA,Illumina,NovaSeq,PE150,RRBS-ZymoPicoMethylseq,,,,"Temperature x salinity effect on salmon-sea lice infection, MspI + TaqA9",,/Volumes/web/nightingales/S_salar/8C_26psu_1_S9_L001_R1_001.fastq.gz,http://owl.fish.washington.edu/nightingales/S_salar/8C_26psu_1_S9_L001_R1_001.fastq.gz,http://gannet.fish.washington.edu/metacarcinus/Salmo_Calig/analyses/20190722/8C_26psu_1_S9_L001_R1_001_fastqc.html,/Volumes/web/nightingales/S_salar/8C_26psu_1_S9_L001_R2_001.fastq.gz,http://owl.fish.washington.edu/nightingales/S_salar/8C_26psu_1_S9_L001_R2_001.fastq.gz,http://gannet.fish.washington.edu/metacarcinus/Salmo_Calig/analyses/20190722/8C_26psu_1_S9_L001_R2_001_fastqc.html
8C_26psu_1_S9_L002,9,8C_26psu_1,ST,"https://shellytrigg.github.io/121th-post/, https://shellytrigg.github.io/122th-post/, https://shellytrigg.github.io/123th-post/",S_salar,20190712,20190719,skin,DNA,Illumina,NovaSeq,PE150,RRBS-ZymoPicoMethylseq,,,,"Temperature x salinity effect on salmon-sea lice infection, MspI + TaqA9",,/Volumes/web/nightingales/S_salar/8C_26psu_1_S9_L002_R1_001.fastq.gz,http://owl.fish.washington.edu/nightingales/S_salar/8C_26psu_1_S9_L002_R1_001.fastq.gz,http://gannet.fish.washington.edu/metacarcinus/Salmo_Calig/analyses/20190722/8C_26psu_1_S9_L002_R1_001_fastqc.html,/Volumes/web/nightingales/S_salar/8C_26psu_1_S9_L002_R2_001.fastq.gz,http://owl.fish.washington.edu/nightingales/S_salar/8C_26psu_1_S9_L002_R2_001.fastq.gz,http://gannet.fish.washington.edu/metacarcinus/Salmo_Calig/analyses/20190722/8C_26psu_1_S9_L002_R2_001_fastqc.html
solid0078_20091105_BB3,9,BB3,MG,http://genefish.wikispaces.com/Mac%27s+Notebook,C_gigas,20091111,,ctenidia,RNA,SOLiD,,SE25,,,,,Big Beef Creek,http://www.sciencedirect.com/science/article/pii/S1744117X11001018,/Volumes/web/nightingales/C_gigas/solid0078_20091105_BB3.tar.gz,http://owl.fish.washington.edu/nightingales/C_gigas/solid0078_20091105_BB3.tar.gz,,,,
solid0078_20091105_RbbertsLab_RBC4_F3,10,RBC 4,,,S_namaycush,20091112,,red blood cells,RNA,SOLiD,,SE25,Control,,,,Control,,/Volumes/web/nightingales/S_maycush/solid0078_20091105_RbbertsLab_RBC4_F3.tar.gz,http://owl.fish.washington.edu/nightingales/S_maycush/solid0078_20091105_RbbertsLab_RBC4_F3.tar.gz,,,,
8C_26psu_2_S10_L001,10,8C_26psu_2,ST,"https://shellytrigg.github.io/121th-post/, https://shellytrigg.github.io/122th-post/, https://shellytrigg.github.io/123th-post/",S_salar,20190712,20190719,skin,DNA,Illumina,NovaSeq,PE150,RRBS-ZymoPicoMethylseq,,,,"Temperature x salinity effect on salmon-sea lice infection, MspI + TaqA10",,/Volumes/web/nightingales/S_salar/8C_26psu_2_S10_L001_R1_001.fastq.gz,http://owl.fish.washington.edu/nightingales/S_salar/8C_26psu_2_S10_L001_R1_001.fastq.gz,http://gannet.fish.washington.edu/metacarcinus/Salmo_Calig/analyses/20190722/8C_26psu_2_S10_L001_R1_001_fastqc.html,/Volumes/web/nightingales/S_salar/8C_26psu_2_S10_L001_R2_001.fastq.gz,http://owl.fish.washington.edu/nightingales/S_salar/8C_26psu_2_S10_L001_R2_001.fastq.gz,http://gannet.fish.washington.edu/metacarcinus/Salmo_Calig/analyses/20190722/8C_26psu_2_S10_L001_R2_001_fastqc.html
8C_26psu_2_S10_L002,10,8C_26psu_2,ST,"https://shellytrigg.github.io/121th-post/, https://shellytrigg.github.io/122th-post/, https://shellytrigg.github.io/123th-post/",S_salar,20190712,20190719,skin,DNA,Illumina,NovaSeq,PE150,RRBS-ZymoPicoMethylseq,,,,"Temperature x salinity effect on salmon-sea lice infection, MspI + TaqA10",,/Volumes/web/nightingales/S_salar/8C_26psu_2_S10_L002_R1_001.fastq.gz,http://owl.fish.washington.edu/nightingales/S_salar/8C_26psu_2_S10_L002_R1_001.fastq.gz,http://gannet.fish.washington.edu/metacarcinus/Salmo_Calig/analyses/20190722/8C_26psu_2_S10_L002_R1_001_fastqc.html,/Volumes/web/nightingales/S_salar/8C_26psu_2_S10_L002_R2_001.fastq.gz,http://owl.fish.washington.edu/nightingales/S_salar/8C_26psu_2_S10_L002_R2_001.fastq.gz,http://gannet.fish.washington.edu/metacarcinus/Salmo_Calig/analyses/20190722/8C_26psu_2_S10_L002_R2_001_fastqc.html
solid0078_20091105_RbbertsLab_RBC1_F3,11,RBC 1,,,S_namaycush,20091112,,red blood cells,RNA,SOLiD,,SE25,Poly_IC,,,,Poly I:C,,/Volumes/web/nightingales/S_maycush/solid0078_20091105_RbbertsLab_RBC1_F3.tar.gz,http://owl.fish.washington.edu/nightingales/S_maycush/solid0078_20091105_RbbertsLab_RBC1_F3.tar.gz,,,,
8C_26psu_3_S11_L001,11,8C_26psu_3,ST,"https://shellytrigg.github.io/121th-post/, https://shellytrigg.github.io/122th-post/, https://shellytrigg.github.io/123th-post/",S_salar,20190712,20190719,skin,DNA,Illumina,NovaSeq,PE150,RRBS-ZymoPicoMethylseq,,,,"Temperature x salinity effect on salmon-sea lice infection, MspI + TaqA11",,/Volumes/web/nightingales/S_salar/8C_26psu_3_S11_L001_R1_001.fastq.gz,http://owl.fish.washington.edu/nightingales/S_salar/8C_26psu_3_S11_L001_R1_001.fastq.gz,http://gannet.fish.washington.edu/metacarcinus/Salmo_Calig/analyses/20190722/8C_26psu_3_S11_L001_R1_001_fastqc.html,/Volumes/web/nightingales/S_salar/8C_26psu_3_S11_L001_R2_001.fastq.gz,http://owl.fish.washington.edu/nightingales/S_salar/8C_26psu_3_S11_L001_R2_001.fastq.gz,http://gannet.fish.washington.edu/metacarcinus/Salmo_Calig/analyses/20190722/8C_26psu_3_S11_L001_R2_001_fastqc.html
8C_26psu_3_S11_L002,11,8C_26psu_3,ST,"https://shellytrigg.github.io/121th-post/, https://shellytrigg.github.io/122th-post/, https://shellytrigg.github.io/123th-post/",S_salar,20190712,20190719,skin,DNA,Illumina,NovaSeq,PE150,RRBS-ZymoPicoMethylseq,,,,"Temperature x salinity effect on salmon-sea lice infection, MspI + TaqA11",,/Volumes/web/nightingales/S_salar/8C_26psu_3_S11_L002_R1_001.fastq.gz,http://owl.fish.washington.edu/nightingales/S_salar/8C_26psu_3_S11_L002_R1_001.fastq.gz,http://gannet.fish.washington.edu/metacarcinus/Salmo_Calig/analyses/20190722/8C_26psu_3_S11_L002_R1_001_fastqc.html,/Volumes/web/nightingales/S_salar/8C_26psu_3_S11_L002_R2_001.fastq.gz,http://owl.fish.washington.edu/nightingales/S_salar/8C_26psu_3_S11_L002_R2_001.fastq.gz,http://gannet.fish.washington.edu/metacarcinus/Salmo_Calig/analyses/20190722/8C_26psu_3_S11_L002_R2_001_fastqc.html
solid0078_20091105_RbbertsLab_RBC2_F3,12,RBC 2,,,S_namaycush,20091112,,red blood cells,RNA,SOLiD,,SE25,Control,,,,Control,,/Volumes/web/nightingales/S_maycush/solid0078_20091105_RbbertsLab_RBC2_F3.tar.gz,http://owl.fish.washington.edu/nightingales/S_maycush/solid0078_20091105_RbbertsLab_RBC2_F3.tar.gz,,,,
8C_26psu_4_S12_L001,12,8C_26psu_4,ST,"https://shellytrigg.github.io/121th-post/, https://shellytrigg.github.io/122th-post/, https://shellytrigg.github.io/123th-post/",S_salar,20190712,20190719,skin,DNA,Illumina,NovaSeq,PE150,RRBS-ZymoPicoMethylseq,,,,"Temperature x salinity effect on salmon-sea lice infection, MspI + TaqA12",,/Volumes/web/nightingales/S_salar/8C_26psu_4_S12_L001_R1_001.fastq.gz,http://owl.fish.washington.edu/nightingales/S_salar/8C_26psu_4_S12_L001_R1_001.fastq.gz,http://gannet.fish.washington.edu/metacarcinus/Salmo_Calig/analyses/20190722/8C_26psu_4_S12_L001_R1_001_fastqc.html,/Volumes/web/nightingales/S_salar/8C_26psu_4_S12_L001_R2_001.fastq.gz,http://owl.fish.washington.edu/nightingales/S_salar/8C_26psu_4_S12_L001_R2_001.fastq.gz,http://gannet.fish.washington.edu/metacarcinus/Salmo_Calig/analyses/20190722/8C_26psu_4_S12_L001_R2_001_fastqc.html
8C_26psu_4_S12_L002,12,8C_26psu_4,ST,"https://shellytrigg.github.io/121th-post/, https://shellytrigg.github.io/122th-post/, https://shellytrigg.github.io/123th-post/",S_salar,20190712,20190719,skin,DNA,Illumina,NovaSeq,PE150,RRBS-ZymoPicoMethylseq,,,,"Temperature x salinity effect on salmon-sea lice infection, MspI + TaqA12",,/Volumes/web/nightingales/S_salar/8C_26psu_4_S12_L002_R1_001.fastq.gz,http://owl.fish.washington.edu/nightingales/S_salar/8C_26psu_4_S12_L002_R1_001.fastq.gz,http://gannet.fish.washington.edu/metacarcinus/Salmo_Calig/analyses/20190722/8C_26psu_4_S12_L002_R1_001_fastqc.html,/Volumes/web/nightingales/S_salar/8C_26psu_4_S12_L002_R2_001.fastq.gz,http://owl.fish.washington.edu/nightingales/S_salar/8C_26psu_4_S12_L002_R2_001.fastq.gz,http://gannet.fish.washington.edu/metacarcinus/Salmo_Calig/analyses/20190722/8C_26psu_4_S12_L002_R2_001_fastqc.html
solid0078_20091105_RbbertsLab_RBC3_F3,13,RBC 3,,,S_namaycush,20091112,,red blood cells,RNA,SOLiD,,SE25,Poly_IC,,,,Poly I:C,,/Volumes/web/nightingales/S_maycush/solid0078_20091105_RbbertsLab_RBC3_F3.tar.gz,http://owl.fish.washington.edu/nightingales/S_maycush/solid0078_20091105_RbbertsLab_RBC3_F3.tar.gz,,,,
16C_26psu_1_S13_L001,13,16C_26psu_1,ST,"https://shellytrigg.github.io/121th-post/, https://shellytrigg.github.io/122th-post/, https://shellytrigg.github.io/123th-post/",S_salar,20190712,20190719,skin,DNA,Illumina,NovaSeq,PE150,RRBS-ZymoPicoMethylseq,,,,"Temperature x salinity effect on salmon-sea lice infection, MspI + TaqA13",,/Volumes/web/nightingales/S_salar/16C_26psu_1_S13_L001_R1_001.fastq.gz,http://owl.fish.washington.edu/nightingales/S_salar/16C_26psu_1_S13_L001_R1_001.fastq.gz,http://gannet.fish.washington.edu/metacarcinus/Salmo_Calig/analyses/20190722/16C_26psu_1_S13_L001_R1_001_fastqc.html,/Volumes/web/nightingales/S_salar/16C_26psu_1_S13_L001_R2_001.fastq.gz,http://owl.fish.washington.edu/nightingales/S_salar/16C_26psu_1_S13_L001_R2_001.fastq.gz,http://gannet.fish.washington.edu/metacarcinus/Salmo_Calig/analyses/20190722/16C_26psu_1_S13_L001_R2_001_fastqc.html
16C_26psu_1_S13_L002,13,16C_26psu_1,ST,"https://shellytrigg.github.io/121th-post/, https://shellytrigg.github.io/122th-post/, https://shellytrigg.github.io/123th-post/",S_salar,20190712,20190719,skin,DNA,Illumina,NovaSeq,PE150,RRBS-ZymoPicoMethylseq,,,,"Temperature x salinity effect on salmon-sea lice infection, MspI + TaqA13",,/Volumes/web/nightingales/S_salar/16C_26psu_1_S13_L002_R1_001.fastq.gz,http://owl.fish.washington.edu/nightingales/S_salar/16C_26psu_1_S13_L002_R1_001.fastq.gz,http://gannet.fish.washington.edu/metacarcinus/Salmo_Calig/analyses/20190722/16C_26psu_1_S13_L002_R1_001_fastqc.html,/Volumes/web/nightingales/S_salar/16C_26psu_1_S13_L002_R2_001.fastq.gz,http://owl.fish.washington.edu/nightingales/S_salar/16C_26psu_1_S13_L002_R2_001.fastq.gz,http://gannet.fish.washington.edu/metacarcinus/Salmo_Calig/analyses/20190722/16C_26psu_1_S13_L002_R2_001_fastqc.html
16C_26psu_2_S14_L001,14,16C_26psu_2,ST,"https://shellytrigg.github.io/121th-post/, https://shellytrigg.github.io/122th-post/, https://shellytrigg.github.io/123th-post/",S_salar,20190712,20190719,skin,DNA,Illumina,NovaSeq,PE150,RRBS-ZymoPicoMethylseq,,,,"Temperature x salinity effect on salmon-sea lice infection, MspI + TaqA14",,/Volumes/web/nightingales/S_salar/16C_26psu_2_S14_L001_R1_001.fastq.gz,http://owl.fish.washington.edu/nightingales/S_salar/16C_26psu_2_S14_L001_R1_001.fastq.gz,http://gannet.fish.washington.edu/metacarcinus/Salmo_Calig/analyses/20190722/16C_26psu_2_S14_L001_R1_001_fastqc.html,/Volumes/web/nightingales/S_salar/16C_26psu_2_S14_L001_R2_001.fastq.gz,http://owl.fish.washington.edu/nightingales/S_salar/16C_26psu_2_S14_L001_R2_001.fastq.gz,http://gannet.fish.washington.edu/metacarcinus/Salmo_Calig/analyses/20190722/16C_26psu_2_S14_L001_R2_001_fastqc.html
16C_26psu_2_S14_L002,14,16C_26psu_2,ST,"https://shellytrigg.github.io/121th-post/, https://shellytrigg.github.io/122th-post/, https://shellytrigg.github.io/123th-post/",S_salar,20190712,20190719,skin,DNA,Illumina,NovaSeq,PE150,RRBS-ZymoPicoMethylseq,,,,"Temperature x salinity effect on salmon-sea lice infection, MspI + TaqA14",,/Volumes/web/nightingales/S_salar/16C_26psu_2_S14_L002_R1_001.fastq.gz,http://owl.fish.washington.edu/nightingales/S_salar/16C_26psu_2_S14_L002_R1_001.fastq.gz,http://gannet.fish.washington.edu/metacarcinus/Salmo_Calig/analyses/20190722/16C_26psu_2_S14_L002_R1_001_fastqc.html,/Volumes/web/nightingales/S_salar/16C_26psu_2_S14_L002_R2_001.fastq.gz,http://owl.fish.washington.edu/nightingales/S_salar/16C_26psu_2_S14_L002_R2_001.fastq.gz,http://gannet.fish.washington.edu/metacarcinus/Salmo_Calig/analyses/20190722/16C_26psu_2_S14_L002_R2_001_fastqc.html
solid0078_20091105_RbbertsLab_GE_F3,14,GE,CAB,,C_gigas,20091111,,ctenidia,RNA,SOLiD,,SE25,oshv,,,,Exposed,,/Volumes/web/nightingales/C_gigas/solid0078_20091105_RbbertsLab_GE_F3.tar.gz,http://owl.fish.washington.edu/nightingales/C_gigas/solid0078_20091105_RbbertsLab_GE_F3.tar.gz,,,,
16C_26psu_3_S15_L001,15,16C_26psu_3,ST,"https://shellytrigg.github.io/121th-post/, https://shellytrigg.github.io/122th-post/, https://shellytrigg.github.io/123th-post/",S_salar,20190712,20190719,skin,DNA,Illumina,NovaSeq,PE150,RRBS-ZymoPicoMethylseq,,,,"Temperature x salinity effect on salmon-sea lice infection, MspI + TaqA15",,/Volumes/web/nightingales/S_salar/16C_26psu_3_S15_L001_R1_001.fastq.gz,http://owl.fish.washington.edu/nightingales/S_salar/16C_26psu_3_S15_L001_R1_001.fastq.gz,http://gannet.fish.washington.edu/metacarcinus/Salmo_Calig/analyses/20190722/16C_26psu_3_S15_L001_R1_001_fastqc.html,/Volumes/web/nightingales/S_salar/16C_26psu_3_S15_L001_R2_001.fastq.gz,http://owl.fish.washington.edu/nightingales/S_salar/16C_26psu_3_S15_L001_R2_001.fastq.gz,http://gannet.fish.washington.edu/metacarcinus/Salmo_Calig/analyses/20190722/16C_26psu_3_S15_L001_R2_001_fastqc.html
16C_26psu_3_S15_L002,15,16C_26psu_3,ST,"https://shellytrigg.github.io/121th-post/, https://shellytrigg.github.io/122th-post/, https://shellytrigg.github.io/123th-post/",S_salar,20190712,20190719,skin,DNA,Illumina,NovaSeq,PE150,RRBS-ZymoPicoMethylseq,,,,"Temperature x salinity effect on salmon-sea lice infection, MspI + TaqA15",,/Volumes/web/nightingales/S_salar/16C_26psu_3_S15_L002_R1_001.fastq.gz,http://owl.fish.washington.edu/nightingales/S_salar/16C_26psu_3_S15_L002_R1_001.fastq.gz,http://gannet.fish.washington.edu/metacarcinus/Salmo_Calig/analyses/20190722/16C_26psu_3_S15_L002_R1_001_fastqc.html,/Volumes/web/nightingales/S_salar/16C_26psu_3_S15_L002_R2_001.fastq.gz,http://owl.fish.washington.edu/nightingales/S_salar/16C_26psu_3_S15_L002_R2_001.fastq.gz,http://gannet.fish.washington.edu/metacarcinus/Salmo_Calig/analyses/20190722/16C_26psu_3_S15_L002_R2_001_fastqc.html
solid0078_20100107_MD_Roberts_Hao_64A_71A_64B_Roberts_GC_F3,15,GC,CAB,,C_gigas,20100107,,larvae,,SOLiD,,SE25,Control,,,,Control,,/Volumes/web/nightingales/C_gigas/solid0078_20100107_MD_Roberts_Hao_64A_71A_64B_Roberts_GC_F3.tar.gz,http://owl.fish.washington.edu/nightingales/C_gigas/solid0078_20100107_MD_Roberts_Hao_64A_71A_64B_Roberts_GC_F3.tar.gz,,,,
SeebRobertsTranscriptomics_20100303_Sam_2L_F3,16,2L,,,C_pallasii,20100303,,liver,RNA,SOLiD,,SE25,,,,,2L HKOD09,,/Volumes/web/nightingales/C_pallasii/SeebRobertsTranscriptomics_20100303_Sam_2L_F3.tar.gz,http://owl.fish.washington.edu/nightingales/C_pallasii/SeebRobertsTranscriptomics_20100303_Sam_2L_F3.tar.gz,,,,
16C_26psu_4_S16_L001,16,16C_26psu_4,ST,"https://shellytrigg.github.io/121th-post/, https://shellytrigg.github.io/122th-post/, https://shellytrigg.github.io/123th-post/",S_salar,20190712,20190719,skin,DNA,Illumina,NovaSeq,PE150,RRBS-ZymoPicoMethylseq,,,,"Temperature x salinity effect on salmon-sea lice infection, MspI + TaqA16",,/Volumes/web/nightingales/S_salar/16C_26psu_4_S16_L001_R1_001.fastq.gz,http://owl.fish.washington.edu/nightingales/S_salar/16C_26psu_4_S16_L001_R1_001.fastq.gz,http://gannet.fish.washington.edu/metacarcinus/Salmo_Calig/analyses/20190722/16C_26psu_4_S16_L001_R1_001_fastqc.html,/Volumes/web/nightingales/S_salar/16C_26psu_4_S16_L001_R2_001.fastq.gz,http://owl.fish.washington.edu/nightingales/S_salar/16C_26psu_4_S16_L001_R2_001.fastq.gz,http://gannet.fish.washington.edu/metacarcinus/Salmo_Calig/analyses/20190722/16C_26psu_4_S16_L001_R2_001_fastqc.html
16C_26psu_4_S16_L002,16,16C_26psu_4,ST,"https://shellytrigg.github.io/121th-post/, https://shellytrigg.github.io/122th-post/, https://shellytrigg.github.io/123th-post/",S_salar,20190712,20190719,skin,DNA,Illumina,NovaSeq,PE150,RRBS-ZymoPicoMethylseq,,,,"Temperature x salinity effect on salmon-sea lice infection, MspI + TaqA16",,/Volumes/web/nightingales/S_salar/16C_26psu_4_S16_L002_R1_001.fastq.gz,http://owl.fish.washington.edu/nightingales/S_salar/16C_26psu_4_S16_L002_R1_001.fastq.gz,http://gannet.fish.washington.edu/metacarcinus/Salmo_Calig/analyses/20190722/16C_26psu_4_S16_L002_R1_001_fastqc.html,/Volumes/web/nightingales/S_salar/16C_26psu_4_S16_L002_R2_001.fastq.gz,http://owl.fish.washington.edu/nightingales/S_salar/16C_26psu_4_S16_L002_R2_001.fastq.gz,http://gannet.fish.washington.edu/metacarcinus/Salmo_Calig/analyses/20190722/16C_26psu_4_S16_L002_R2_001_fastqc.html
SeebRobertsTranscriptomics_20100303_Sam_4L_F3,17,4L,,,C_pallasii,20100303,,liver,RNA,SOLiD,,SE25,,,,,3L HSITK09,,/Volumes/web/nightingales/C_pallasii/SeebRobertsTranscriptomics_20100303_Sam_4L_F3.tar.gz,http://owl.fish.washington.edu/nightingales/C_pallasii/SeebRobertsTranscriptomics_20100303_Sam_4L_F3.tar.gz,,,,
CTRL_8C_26psu_1_S17_L001,17,CTRL_8C_26psu_1,ST,"https://shellytrigg.github.io/121th-post/, https://shellytrigg.github.io/122th-post/, https://shellytrigg.github.io/123th-post/",S_salar,20190712,20190719,skin,DNA,Illumina,NovaSeq,PE150,RRBS-ZymoPicoMethylseq,,,,"Temperature x salinity effect on salmon-sea lice infection, MspI + TaqA17",,/Volumes/web/nightingales/S_salar/CTRL_8C_26psu_1_S17_L001_R1_001.fastq.gz,http://owl.fish.washington.edu/nightingales/S_salar/CTRL_8C_26psu_1_S17_L001_R1_001.fastq.gz,http://gannet.fish.washington.edu/metacarcinus/Salmo_Calig/analyses/20190722/CTRL_8C_26psu_1_S17_L001_R1_001_fastqc.html,/Volumes/web/nightingales/S_salar/CTRL_8C_26psu_1_S17_L001_R2_001.fastq.gz,http://owl.fish.washington.edu/nightingales/S_salar/CTRL_8C_26psu_1_S17_L001_R2_001.fastq.gz,http://gannet.fish.washington.edu/metacarcinus/Salmo_Calig/analyses/20190722/CTRL_8C_26psu_1_S17_L001_R2_001_fastqc.html
CTRL_8C_26psu_1_S17_L002,17,CTRL_8C_26psu_1,ST,"https://shellytrigg.github.io/121th-post/, https://shellytrigg.github.io/122th-post/, https://shellytrigg.github.io/123th-post/",S_salar,20190712,20190719,skin,DNA,Illumina,NovaSeq,PE150,RRBS-ZymoPicoMethylseq,,,,"Temperature x salinity effect on salmon-sea lice infection, MspI + TaqA17",,/Volumes/web/nightingales/S_salar/CTRL_8C_26psu_1_S17_L002_R1_001.fastq.gz,http://owl.fish.washington.edu/nightingales/S_salar/CTRL_8C_26psu_1_S17_L002_R1_001.fastq.gz,http://gannet.fish.washington.edu/metacarcinus/Salmo_Calig/analyses/20190722/CTRL_8C_26psu_1_S17_L002_R1_001_fastqc.html,/Volumes/web/nightingales/S_salar/CTRL_8C_26psu_1_S17_L002_R2_001.fastq.gz,http://owl.fish.washington.edu/nightingales/S_salar/CTRL_8C_26psu_1_S17_L002_R2_001.fastq.gz,http://gannet.fish.washington.edu/metacarcinus/Salmo_Calig/analyses/20190722/CTRL_8C_26psu_1_S17_L002_R2_001_fastqc.html
SeebRobertsTranscriptomics_20100303_Sam_3L_F3,18,3L,,,C_pallasii,20100303,,liver,RNA,SOLiD,,SE25,,,,,4L HTOG09,,/Volumes/web/nightingales/C_pallasii/SeebRobertsTranscriptomics_20100303_Sam_3L_F3.tar.gz,http://owl.fish.washington.edu/nightingales/C_pallasii/SeebRobertsTranscriptomics_20100303_Sam_3L_F3.tar.gz,,,,
CTRL_8C_26psu_2_S18_L001,18,CTRL_8C_26psu_2,ST,"https://shellytrigg.github.io/121th-post/, https://shellytrigg.github.io/122th-post/, https://shellytrigg.github.io/123th-post/",S_salar,20190712,20190719,skin,DNA,Illumina,NovaSeq,PE150,RRBS-ZymoPicoMethylseq,,,,"Temperature x salinity effect on salmon-sea lice infection, MspI + TaqA18",,/Volumes/web/nightingales/S_salar/CTRL_8C_26psu_2_S18_L001_R1_001.fastq.gz,http://owl.fish.washington.edu/nightingales/S_salar/CTRL_8C_26psu_2_S18_L001_R1_001.fastq.gz,http://gannet.fish.washington.edu/metacarcinus/Salmo_Calig/analyses/20190722/CTRL_8C_26psu_2_S18_L001_R1_001_fastqc.html,/Volumes/web/nightingales/S_salar/CTRL_8C_26psu_2_S18_L001_R2_001.fastq.gz,http://owl.fish.washington.edu/nightingales/S_salar/CTRL_8C_26psu_2_S18_L001_R2_001.fastq.gz,http://gannet.fish.washington.edu/metacarcinus/Salmo_Calig/analyses/20190722/CTRL_8C_26psu_2_S18_L001_R2_001_fastqc.html
CTRL_8C_26psu_2_S18_L002,18,CTRL_8C_26psu_2,ST,"https://shellytrigg.github.io/121th-post/, https://shellytrigg.github.io/122th-post/, https://shellytrigg.github.io/123th-post/",S_salar,20190712,20190719,skin,DNA,Illumina,NovaSeq,PE150,RRBS-ZymoPicoMethylseq,,,,"Temperature x salinity effect on salmon-sea lice infection, MspI + TaqA18",,/Volumes/web/nightingales/S_salar/CTRL_8C_26psu_2_S18_L002_R1_001.fastq.gz,http://owl.fish.washington.edu/nightingales/S_salar/CTRL_8C_26psu_2_S18_L002_R1_001.fastq.gz,http://gannet.fish.washington.edu/metacarcinus/Salmo_Calig/analyses/20190722/CTRL_8C_26psu_2_S18_L002_R1_001_fastqc.html,/Volumes/web/nightingales/S_salar/CTRL_8C_26psu_2_S18_L002_R2_001.fastq.gz,http://owl.fish.washington.edu/nightingales/S_salar/CTRL_8C_26psu_2_S18_L002_R2_001.fastq.gz,http://gannet.fish.washington.edu/metacarcinus/Salmo_Calig/analyses/20190722/CTRL_8C_26psu_2_S18_L002_R2_001_fastqc.html
SeebRobertsTranscriptomics_20100303_Sam_6L_F3,19,6L,,,C_pallasii,20100303,,liver,RNA,SOLiD,,SE25,,,,,6L HPWS09,,/Volumes/web/nightingales/C_pallasii/SeebRobertsTranscriptomics_20100303_Sam_6L_F3.tar.gz,http://owl.fish.washington.edu/nightingales/C_pallasii/SeebRobertsTranscriptomics_20100303_Sam_6L_F3.tar.gz,,,,
CTRL_16C_26psu_1_S19_L001,19,CTRL_16C_26psu_1,ST,"https://shellytrigg.github.io/121th-post/, https://shellytrigg.github.io/122th-post/, https://shellytrigg.github.io/123th-post/",S_salar,20190712,20190719,skin,DNA,Illumina,NovaSeq,PE150,RRBS-ZymoPicoMethylseq,,,,"Temperature x salinity effect on salmon-sea lice infection, MspI + TaqA19",,/Volumes/web/nightingales/S_salar/CTRL_16C_26psu_1_S19_L001_R1_001.fastq.gz,http://owl.fish.washington.edu/nightingales/S_salar/CTRL_16C_26psu_1_S19_L001_R1_001.fastq.gz,http://gannet.fish.washington.edu/metacarcinus/Salmo_Calig/analyses/20190722/CTRL_16C_26psu_1_S19_L001_R1_001_fastqc.html,/Volumes/web/nightingales/S_salar/CTRL_16C_26psu_1_S19_L001_R2_001.fastq.gz,http://owl.fish.washington.edu/nightingales/S_salar/CTRL_16C_26psu_1_S19_L001_R2_001.fastq.gz,http://gannet.fish.washington.edu/metacarcinus/Salmo_Calig/analyses/20190722/CTRL_16C_26psu_1_S19_L001_R2_001_fastqc.html
CTRL_16C_26psu_1_S19_L002,19,CTRL_16C_26psu_1,ST,"https://shellytrigg.github.io/121th-post/, https://shellytrigg.github.io/122th-post/, https://shellytrigg.github.io/123th-post/",S_salar,20190712,20190719,skin,DNA,Illumina,NovaSeq,PE150,RRBS-ZymoPicoMethylseq,,,,"Temperature x salinity effect on salmon-sea lice infection, MspI + TaqA19",,/Volumes/web/nightingales/S_salar/CTRL_16C_26psu_1_S19_L002_R1_001.fastq.gz,http://owl.fish.washington.edu/nightingales/S_salar/CTRL_16C_26psu_1_S19_L002_R1_001.fastq.gz,http://gannet.fish.washington.edu/metacarcinus/Salmo_Calig/analyses/20190722/CTRL_16C_26psu_1_S19_L002_R1_001_fastqc.html,/Volumes/web/nightingales/S_salar/CTRL_16C_26psu_1_S19_L002_R2_001.fastq.gz,http://owl.fish.washington.edu/nightingales/S_salar/CTRL_16C_26psu_1_S19_L002_R2_001.fastq.gz,http://gannet.fish.washington.edu/metacarcinus/Salmo_Calig/analyses/20190722/CTRL_16C_26psu_1_S19_L002_R2_001_fastqc.html
F5BZJAM01,20,SR01,SJW,http://onsnetwork.org/kubu4/2009/10/27/mrna-isolation-herring-gonadovary-rna-from-20091023/,C_pallasii,20091027,20091119,liver,RNA,454,,,,SRX022719,,http://owl.fish.washington.edu/nightingales/C_pallasii/F5BZJAM01,pool from all locations,Development of Genomic Resources for Pacific Herring through Targeted Transcriptome Pyrosequencing,/Volumes/web/nightingales/C_pallasii/F5BZJAM01.sff,http://owl.fish.washington.edu/nightingales/C_pallasii/F5BZJAM01.sff,,,,
F5BZJAM02,20,SR02,SJW,http://onsnetwork.org/kubu4/2009/10/27/mrna-isolation-herring-gonadovary-rna-from-20091023/,C_pallasii,20091027,20091119,gonad,RNA,454,,,,SRX082042,,12/11/2017,pool from all locations,Development of Genomic Resources for Pacific Herring through Targeted Transcriptome Pyrosequencing,/Volumes/web/nightingales/C_pallasii/F5BZJAM02.sff,http://owl.fish.washington.edu/nightingales/C_pallasii/F5BZJAM02.sff,,,,
Sealice_F1_S20_L001,20,Sealice_F1,ST,"https://shellytrigg.github.io/122th-post/, https://shellytrigg.github.io/123th-post/",C_rogercresseyi,20190712,20190719,whole animal,DNA,Illumina,NovaSeq,PE150,WGBS-ZymoPicoMethylseq,,,,WGBS of female sea louse,,/Volumes/web/nightingales/C_rogercresseyi/Sealice_F1_S20_L001_R1_001.fastq.gz,http://owl.fish.washington.edu/nightingales/S_salar/CTRL_16C_26psu_1_S19_L002_R1_001.fastq.gz,http://gannet.fish.washington.edu/metacarcinus/Salmo_Calig/analyses/20190722/Sealice_F1_S20_L001_R1_001_fastqc.html,/Volumes/web/nightingales/C_rogercresseyi/Sealice_F1_S20_L001_R2_001.fastq.gz,http://owl.fish.washington.edu/nightingales/C_rogercresseyi/Sealice_F1_S20_L001_R2_001.fastq.gz,http://gannet.fish.washington.edu/metacarcinus/Salmo_Calig/analyses/20190722/Sealice_F1_S20_L001_R2_001_fastqc.html
Sealice_F1_S20_L002,20,Sealice_F1,ST,"https://shellytrigg.github.io/122th-post/, https://shellytrigg.github.io/123th-post/",C_rogercresseyi,20190712,20190719,whole animal,DNA,Illumina,NovaSeq,PE150,WGBS-ZymoPicoMethylseq,,,,WGBS of female sea louse,,/Volumes/web/nightingales/C_rogercresseyi/Sealice_F1_S20_L002_R1_001.fastq.gz,http://owl.fish.washington.edu/nightingales/S_salar/CTRL_16C_26psu_1_S19_L002_R1_001.fastq.gz,http://gannet.fish.washington.edu/metacarcinus/Salmo_Calig/analyses/20190722/Sealice_F1_S20_L002_R1_001_fastqc.html,/Volumes/web/nightingales/C_rogercresseyi/Sealice_F1_S20_L002_R2_001.fastq.gz,http://owl.fish.washington.edu/nightingales/C_rogercresseyi/Sealice_F1_S20_L002_R2_001.fastq.gz,http://gannet.fish.washington.edu/metacarcinus/Salmo_Calig/analyses/20190722/Sealice_F1_S20_L002_R2_001_fastqc.html
F5ORNKL01,21,SR01,SJW,http://onsnetwork.org/kubu4/2009/10/27/mrna-isolation-herring-gonadovary-rna-from-20091023/,C_pallasii,20091027,20091119,liver,RNA,454,,,,SRX022719,,04/14/2011,pool from all locations,Development of Genomic Resources for Pacific Herring through Targeted Transcriptome Pyrosequencing,/Volumes/web/nightingales/C_pallasii/F5ORNKL01.sff,http://owl.fish.washington.edu/nightingales/C_pallasii/F5ORNKL01.sff,,,,
F5ORNKL02,21,SR02,SJW,http://onsnetwork.org/kubu4/2009/10/27/mrna-isolation-herring-gonadovary-rna-from-20091023/,C_pallasii,20091027,20091119,gonad,RNA,454,,,,SRX082042,,12/11/2017,pool from all locations,Development of Genomic Resources for Pacific Herring through Targeted Transcriptome Pyrosequencing,/Volumes/web/nightingales/C_pallasii/F5ORNKL02.sff,http://owl.fish.washington.edu/nightingales/C_pallasii/F5ORNKL02.sff,,,,
CTRL_16C_26psu_2_S21_L001,21,CTRL_16C_26psu_2,ST,"https://shellytrigg.github.io/121th-post/, https://shellytrigg.github.io/122th-post/, https://shellytrigg.github.io/123th-post/",S_salar,20190712,20190719,skin,DNA,Illumina,NovaSeq,PE150,RRBS-ZymoPicoMethylseq,,,,"Temperature x salinity effect on salmon-sea lice infection, MspI + TaqA21",,/Volumes/web/nightingales/S_salar/CTRL_16C_26psu_2_S21_L001_R1_001.fastq.gz,http://owl.fish.washington.edu/nightingales/S_salar/CTRL_16C_26psu_2_S21_L001_R1_001.fastq.gz,http://gannet.fish.washington.edu/metacarcinus/Salmo_Calig/analyses/20190722/CTRL_16C_26psu_2_S21_L001_R1_001_fastqc.html,/Volumes/web/nightingales/S_salar/CTRL_16C_26psu_2_S21_L001_R2_001.fastq.gz,http://owl.fish.washington.edu/nightingales/S_salar/CTRL_16C_26psu_2_S21_L001_R2_001.fastq.gz,http://gannet.fish.washington.edu/metacarcinus/Salmo_Calig/analyses/20190722/CTRL_16C_26psu_2_S21_L001_R2_001_fastqc.html
CTRL_16C_26psu_2_S21_L002,21,CTRL_16C_26psu_2,ST,"https://shellytrigg.github.io/121th-post/, https://shellytrigg.github.io/122th-post/, https://shellytrigg.github.io/123th-post/",S_salar,20190712,20190719,skin,DNA,Illumina,NovaSeq,PE150,RRBS-ZymoPicoMethylseq,,,,"Temperature x salinity effect on salmon-sea lice infection, MspI + TaqA21",,/Volumes/web/nightingales/S_salar/CTRL_16C_26psu_2_S21_L002_R1_001.fastq.gz,http://owl.fish.washington.edu/nightingales/S_salar/CTRL_16C_26psu_2_S21_L002_R1_001.fastq.gz,http://gannet.fish.washington.edu/metacarcinus/Salmo_Calig/analyses/20190722/CTRL_16C_26psu_2_S21_L002_R1_001_fastqc.html,/Volumes/web/nightingales/S_salar/CTRL_16C_26psu_2_S21_L002_R2_001.fastq.gz,http://owl.fish.washington.edu/nightingales/S_salar/CTRL_16C_26psu_2_S21_L002_R2_001.fastq.gz,http://gannet.fish.washington.edu/metacarcinus/Salmo_Calig/analyses/20190722/CTRL_16C_26psu_2_S21_L002_R2_001_fastqc.html
Roberts_20100712_HPW509_F3,22,1 G/O HPWS09,,,C_pallasii,20100712,,ovary,RNA,SOLiD,,SE25,,,,,,,/Volumes/web/nightingales/C_pallasii/Roberts_20100712_HPW509_F3.tar.gz,http://owl.fish.washington.edu/nightingales/C_pallasii/Roberts_20100712_HPW509_F3.tar.gz,,,,
Sealice_F2_S22_L001,22,Sealice_F2,ST,"https://shellytrigg.github.io/122th-post/, https://shellytrigg.github.io/123th-post/",C_rogercresseyi,20190712,20190719,whole animal,DNA,Illumina,NovaSeq,PE150,WGBS-ZymoPicoMethylseq,,,,WGBS of female sea louse,,/Volumes/web/nightingales/C_rogercresseyi/Sealice_F2_S22_L001_R1_001.fastq.gz,http://owl.fish.washington.edu/nightingales/C_rogercresseyi/Sealice_F2_S22_L001_R1_001.fastq.gz,http://gannet.fish.washington.edu/metacarcinus/Salmo_Calig/analyses/20190722/Sealice_F2_S22_L001_R1_001_fastqc.html,/Volumes/web/nightingales/C_rogercresseyi/Sealice_F2_S22_L001_R2_001.fastq.gz,http://owl.fish.washington.edu/nightingales/C_rogercresseyi/Sealice_F2_S22_L001_R2_001.fastq.gz,http://gannet.fish.washington.edu/metacarcinus/Salmo_Calig/analyses/20190722/Sealice_F2_S22_L001_R2_001_fastqc.html
Sealice_F2_S22_L002,22,Sealice_F2,ST,"https://shellytrigg.github.io/122th-post/, https://shellytrigg.github.io/123th-post/",C_rogercresseyi,20190712,20190719,whole animal,DNA,Illumina,NovaSeq,PE150,WGBS-ZymoPicoMethylseq,,,,WGBS of female sea louse,,/Volumes/web/nightingales/C_rogercresseyi/Sealice_F2_S22_L002_R1_001.fastq.gz,http://owl.fish.washington.edu/nightingales/C_rogercresseyi/Sealice_F2_S22_L002_R1_001.fastq.gz,http://gannet.fish.washington.edu/metacarcinus/Salmo_Calig/analyses/20190722/Sealice_F2_S22_L002_R1_001_fastqc.html,/Volumes/web/nightingales/C_rogercresseyi/Sealice_F2_S22_L002_R2_001.fastq.gz,http://owl.fish.washington.edu/nightingales/C_rogercresseyi/Sealice_F2_S22_L002_R2_001.fastq.gz,http://gannet.fish.washington.edu/metacarcinus/Salmo_Calig/analyses/20190722/Sealice_F2_S22_L002_R2_001_fastqc.html
Roberts_20100712_CT_F3,23,CT,,,P_flavescens,20100712,,,RNA,SOLiD,,SE25,,,,,,,/Volumes/web/nightingales/P_flavescens/Roberts_20100712_CT_F3.tar.gz,http://owl.fish.washington.edu/nightingales/P_flavescens/Roberts_20100712_CT_F3.tar.gz,,,,
Roberts_20100712_PQ_F3,24,PQ,,,P_flavescens,20100712,,,RNA,SOLiD,,SE25,,,,,,,/Volumes/web/nightingales/P_flavescens/Roberts_20100712_PQ_F3.tar.gz,http://owl.fish.washington.edu/nightingales/P_flavescens/Roberts_20100712_PQ_F3.tar.gz,,,,
Roberts_20100712_WB_F3,25,WB,,,P_flavescens,20100712,,,RNA,SOLiD,,SE25,,,,,,,/Volumes/web/nightingales/P_flavescens/Roberts_20100712_WB_F3.tar.gz,http://owl.fish.washington.edu/nightingales/P_flavescens/Roberts_20100712_WB_F3.tar.gz,,,,
Roberts_20100712_Lean_F3,26,Lean,,,S_namaycush,20100712,,muscle,RNA,SOLiD,,SE25,,,,,,,/Volumes/web/nightingales/S_maycush/Roberts_20100712_Lean_F3.tar.gz,http://owl.fish.washington.edu/nightingales/S_maycush/Roberts_20100712_Lean_F3.tar.gz,,,,
Roberts_20100712_Sisco_F3,27,Sisco,,,S_namaycush,20100712,,muscle,RNA,SOLiD,,SE25,,,,,,,/Volumes/web/nightingales/S_maycush/Roberts_20100712_Sisco_F3.tar.gz,http://owl.fish.washington.edu/nightingales/S_maycush/Roberts_20100712_Sisco_F3.tar.gz,,,,
Roberts_20100712_CC_F3,28,CC,,,H_cracherodii,20100712,,digestive gland,RNA,SOLiD,,SE25,,,,,,,/Volumes/web/nightingales/H_cracherodii/Roberts_20100712_CC_F3.tar.gz,http://owl.fish.washington.edu/nightingales/H_cracherodii/Roberts_20100712_CC_F3.tar.gz,,,,
Roberts_20100712_CE_F3,29,CE,,,H_cracherodii,20100712,,digestive gland,RNA,SOLiD,,SE25,,,,,,,/Volumes/web/nightingales/H_cracherodii/Roberts_20100712_CE_F3.tar.gz,http://owl.fish.washington.edu/nightingales/H_cracherodii/Roberts_20100712_CE_F3.tar.gz,,,,
solid0078_20110412_FRAG_BC_WHITE_WHITE_F3_SC,30,SC,,,H_cracherodii,20110419,,digestive gland,RNA,SOLiD,,SE25,,,,,Abalone Dg Exp1,,/Volumes/web/nightingales/H_cracherodii/solid0078_20110412_FRAG_BC_WHITE_WHITE_F3_SC.tar.gz,http://owl.fish.washington.edu/nightingales/H_cracherodii/solid0078_20110412_FRAG_BC_WHITE_WHITE_F3_SC.tar.gz,,,,
solid0078_20110412_FRAG_BC_WHITE_WHITE_F3_SE,31,SE,,,H_cracherodii,20110419,,digestive gland,RNA,SOLiD,,SE25,,,,,Abalone Dg Exp1,,/Volumes/web/nightingales/H_cracherodii/solid0078_20110412_FRAG_BC_WHITE_WHITE_F3_SE.tar.gz,http://owl.fish.washington.edu/nightingales/H_cracherodii/solid0078_20110412_FRAG_BC_WHITE_WHITE_F3_SE.tar.gz,,,,
solid0078_20110412_FRAG_BC_WHITE_WHITE_F3_SB_UNMETH,32,SB unmeth C.gigas,,,C_gigas,20110419,,gill,DNA,SOLiD,,SE25,,,,,https://img.skitch.com/20111020-p2guuhtqgff481139jikgdyn46.png,,/Volumes/web/nightingales/C_gigas/solid0078_20110412_FRAG_BC_WHITE_WHITE_F3_SB_UNMETH.tar.gz,http://owl.fish.washington.edu/nightingales/C_gigas/solid0078_20110412_FRAG_BC_WHITE_WHITE_F3_SB_UNMETH.tar.gz,,,,
solid0078_20110412_FRAG_BC_WHITE_WHITE_F3_SB_METH,34,SB meth C.gigas,,,C_gigas,20110419,,gill,DNA,SOLiD,,SE25,,,,,,,/Volumes/web/nightingales/C_gigas/solid0078_20110412_FRAG_BC_WHITE_WHITE_F3_SB_METH.tar.gz,http://owl.fish.washington.edu/nightingales/C_gigas/solid0078_20110412_FRAG_BC_WHITE_WHITE_F3_SB_METH.tar.gz,,,,
solid0078_20110412_MASH_MX,36,MA,,,M_mercenaria,20110419,,gill,RNA,SOLiD,,SE25,,,,,,,/Volumes/web/nightingales/M_merceria/solid0078_20110412_MASH_MX.tar.gz,http://owl.fish.washington.edu/nightingales/M_merceria/solid0078_20110412_MASH_MX.tar.gz,,,,
solid0078_20110412_BARN_BX,37,BX,,,M_mercenaria,20110419,,gill,RNA,SOLiD,,SE25,,,,,,,/Volumes/web/nightingales/M_merceria/solid0078_20110412_BARN_BX.tar.gz,http://owl.fish.washington.edu/nightingales/M_merceria/solid0078_20110412_BARN_BX.tar.gz,,,,
solid0078_20110412_FRAG_BC_WHITE_WHITE_F3_RE22,38,Vt RE22,,,V_tubiashii,20110419,,,DNA,SOLiD,,SE25,,,,,,,/Volumes/web/nightingales/V_tubiashii/solid0078_20110412_FRAG_BC_WHITE_WHITE_F3_RE22.tar.gz,http://owl.fish.washington.edu/nightingales/V_tubiashii/solid0078_20110412_FRAG_BC_WHITE_WHITE_F3_RE22.tar.gz,,,,
solid0078_20110412_FRAG_BC_WHITE_WHITE_F3_19106VT,39,Vt STRAIN,,,V_tubiashii,20110419,,,DNA,SOLiD,,SE25,,,,,,,/Volumes/web/nightingales/V_tubiashii/solid0078_20110412_FRAG_BC_WHITE_WHITE_F3_19106VT.tar.gz,http://owl.fish.washington.edu/nightingales/V_tubiashii/solid0078_20110412_FRAG_BC_WHITE_WHITE_F3_19106VT.tar.gz,,,,
filtered_P_Ab_Air_CAGATC_L001,45,P_Ab_Air,Friedman,,H_kamtschatkana,20110908,20111121,larvae,RNA,Illumina,,SE36,,SRA057107,,,400ppm;PNW genomics,Genomic resource development for shellfish of conservation concern,/Volumes/web/nightingales/H_kamtschatka/filtered_P_Ab_Air_CAGATC_L001_R1.fastq.gz,http://owl.fish.washington.edu/nightingales/H_kamtschatka/filtered_P_Ab_Air_CAGATC_L001_R1.fastq.gz,,,,
filtered_P_Ab_CO2_ACTTGA_L001,46,P_Ab_CO2,Friedman,,H_kamtschatkana,20110908,20111121,larvae,RNA,Illumina,,SE36,,SRA057107,,,1000ppm;PNW genomics,Genomic resource development for shellfish of conservation concern,/Volumes/web/nightingales/H_kamtschatka/filtered_P_Ab_CO2_ACTTGA_L001_R1.fastq.gz,http://owl.fish.washington.edu/nightingales/H_kamtschatka/filtered_P_Ab_CO2_ACTTGA_L001_R1.fastq.gz,,,,
filtered_BSseqGill_L003,47,SB MBD meth (bisulfite),,,C_gigas,20120130,,gill,DNA,Illumina,,SE36,BS-seq,SRX327373,,http://owl.fish.washington.edu/nightingales/C_gigas/filtered_BSseqGill_L003,,Predominant intragenic methylation is associated with gene expression characteristics in a bivalve mollusc,/Volumes/web/nightingales/C_gigas/filtered_BSseqGill_L003_R1.fastq.gz,http://owl.fish.washington.edu/nightingales/C_gigas/filtered_BSseqGill_L003_R1.fastq.gz,,,,
filtered_2200_GTTTCG_L004,50,2200,Friedman,,O_lurida,20120814,,larvae,RNA,Illumina,,SE36,2200ppm CO2,,,,Friedman,,/Volumes/web/nightingales/O_lurida/filtered_400_GTCCGC_L004_R1.fastq.gz,http://owl.fish.washington.edu/nightingales/O_lurida/filtered_400_GTCCGC_L004_R1.fastq.gz,,,,
filtered_400_GTCCGC_L004,51,400,Friedman,,O_lurida,20120814,,larvae,RNA,Illumina,,SE36,400ppm CO2,,,,Friedman,,/Volumes/web/nightingales/O_lurida/filtered_1000_GTGAAA_L004_R1.fastq.gz,http://owl.fish.washington.edu/nightingales/O_lurida/filtered_1000_GTGAAA_L004_R1.fastq.gz,,,,
filtered_1000_GTGAAA_L004,52,1000,Friedman,,O_lurida,20120814,,larvae,RNA,Illumina,,SE36,1000ppm CO2,,,,Friedman,,/Volumes/web/nightingales/O_lurida/filtered_1600_GTGGCC_L004_R1.fastq.gz,http://owl.fish.washington.edu/nightingales/O_lurida/filtered_1600_GTGGCC_L004_R1.fastq.gz,,,,
filtered_1600_GTGGCC_L004,53,1600,Friedman,,O_lurida,20120814,,larvae,RNA,Illumina,,SE36,1600ppm CO2,,,,Friedman,,/Volumes/web/nightingales/O_lurida/filtered_2200_GTTTCG_L004_R1.fastq.gz,http://owl.fish.washington.edu/nightingales/O_lurida/filtered_2200_GTTTCG_L004_R1.fastq.gz,,,,
QPX_DNA_GTGAAA_L001,54,QPX DNA,"Lexie, SJW",http://onsnetwork.org/kubu4/2012/07/10/chloroform-clean-up-lexies-qpx-rna-from-20110504/,QPX,20120711,20120731,,DNA,Illumina,,SE36,,SRX197335,,http://owl.fish.washington.edu/nightingales/QPX/QPX_DNA_GTGAAA_L001_R1.fastq.gz,Development of Genomic Resources for a thraustochytrid Pathogen and Investigation of Temperature Influences on Gene Expression,http://owl.fish.washington.edu/nightingales/QPX/QPX_DNA_GTGAAA_L001_R2.fastq.gz,/Volumes/web/nightingales/QPX/QPX_D_GTGAAA_L001_R1.fastq.gz,http://owl.fish.washington.edu/nightingales/QPX/QPX_D_GTGAAA_L001_R1.fastq.gz,,,,
QPX_ATCC_10C_CGTACG_L001,55,QPX ATCC 10C,"Lexie, SJW",http://onsnetwork.org/kubu4/2012/07/10/chloroform-clean-up-lexies-qpx-rna-from-20110504/,QPX,20120711,20120731,,RNA,Illumina,,SE36,,SRX197332,,http://owl.fish.washington.edu/nightingales/QPX/QPX_ATCC_10C_CGTACG_L001_R1.fastq.gz,Development of Genomic Resources for a thraustochytrid Pathogen and Investigation of Temperature Influences on Gene Expression,http://owl.fish.washington.edu/nightingales/QPX/QPX_ATCC_10C_CGTACG_L001_R2.fastq.gz,/Volumes/web/nightingales/QPX/QPX_ATCC_10C_CGTACG_L001_R1.fastq.gz,http://owl.fish.washington.edu/nightingales/QPX/QPX_ATCC_10C_CGTACG_L001_R1.fastq.gz,,,,
QPX_ATCC_RT_GAGTGG_L001,56,QPX ATCC RT,"Lexie, SJW",http://onsnetwork.org/kubu4/2012/07/10/chloroform-clean-up-lexies-qpx-rna-from-20110504/,QPX,20120711,20120731,,RNA,Illumina,,SE36,,SRX197332,,http://owl.fish.washington.edu/nightingales/QPX/QPX_ATCC_RT_GAGTGG_L001_R1.fastq.gz,Development of Genomic Resources for a thraustochytrid Pathogen and Investigation of Temperature Influences on Gene Expression,http://owl.fish.washington.edu/nightingales/QPX/QPX_ATCC_RT_GAGTGG_L001_R2.fastq.gz,/Volumes/web/nightingales/QPX/QPX_ATCC_RT_GAGTGG_L001_R1.fastq.gz,http://owl.fish.washington.edu/nightingales/QPX/QPX_ATCC_RT_GAGTGG_L001_R1.fastq.gz,,,,
filtered_WSO_ATTCCT_L003,57,WSO,,,H_cracherodii,20120807,,digestive gland,RNA,Illumina,,SE36,,,,,Friedman,,/Volumes/web/nightingales/H_cracherodii/filtered_WSO_ATTCCT_L003_R1.fastq.gz,http://owl.fish.washington.edu/nightingales/H_cracherodii/filtered_WSO_ATTCCT_L003_R1.fastq.gz,,,,
filtered_WSP_CCGTCC_L003,58,WS + P,,,H_cracherodii,20120807,,digestive gland,RNA,Illumina,,SE36,,,,,Friedman,,/Volumes/web/nightingales/H_cracherodii/filtered_WSP_CCGTCC_L003_R1.fastq.gz,http://owl.fish.washington.edu/nightingales/H_cracherodii/filtered_WSP_CCGTCC_L003_R1.fastq.gz,,,,
filtered_NWS_ACTGAT_L003,59,NWS,,,H_cracherodii,20120807,,digestive gland,RNA,Illumina,,SE36,,,,,Friedman,,/Volumes/web/nightingales/H_cracherodii/filtered_NWS_ACTGAT_L003_R1.fastq.gz,http://owl.fish.washington.edu/nightingales/H_cracherodii/filtered_NWS_ACTGAT_L003_R1.fastq.gz,,,,
filtered_106A_Female_Mix_GATCAG_L007,60,106A Female Mix,,,O_lurida,20120821,,gonad,RNA,Illumina,,SE36,,,,,Friedman,,/Volumes/web/nightingales/O_lurida/filtered_106A_Female_Mix_GATCAG_L007_R1.fastq.gz,http://owl.fish.washington.edu/nightingales/O_lurida/filtered_106A_Female_Mix_GATCAG_L007_R1.fastq.gz,,,,
filtered_106A_Female_Mix_GATCAG_L004,60,106A Female Mix,,,O_lurida,20121219,,gonad,RNA,Illumina,,PE72,,,,,Friedman,,/Volumes/web/nightingales/O_lurida/filtered_106A_Female_Mix_GATCAG_L004_R1.fastq.gz,http://owl.fish.washington.edu/nightingales/O_lurida/filtered_106A_Female_Mix_GATCAG_L004_R1.fastq.gz,,/Volumes/web/nightingales/O_lurida/filtered_106A_Female_Mix_GATCAG_L004_R2.fastq.gz,http://owl.fish.washington.edu/nightingales/O_lurida/filtered_106A_Female_Mix_GATCAG_L004_R2.fastq.gz,
filtered_106A_Male_Mix_TAGCTT_L007,61,106A Male Mix,,,O_lurida,20120821,,gonad,RNA,Illumina,,SE36,,,,,Friedman,,/Volumes/web/nightingales/O_lurida/filtered_106A_Male_Mix_TAGCTT_L007_R1.fastq.gz,http://owl.fish.washington.edu/nightingales/O_lurida/filtered_106A_Male_Mix_TAGCTT_L007_R1.fastq.gz,,,,
filtered_106A_Male_Mix_TAGCTT_L004,61,106A Male Mix,,,O_lurida,20121219,,gonad,RNA,Illumina,,PE72,,,,,Friedman,,/Volumes/web/nightingales/O_lurida/filtered_106A_Male_Mix_TAGCTT_L004_R1.fastq.gz,http://owl.fish.washington.edu/nightingales/O_lurida/filtered_106A_Male_Mix_TAGCTT_L004_R1.fastq.gz,,/Volumes/web/nightingales/O_lurida/filtered_106A_Male_Mix_TAGCTT_L004_R2.fastq.gz,http://owl.fish.washington.edu/nightingales/O_lurida/filtered_106A_Male_Mix_TAGCTT_L004_R2.fastq.gz,
filtered_108A_Female_Mix_GGCTAC_L007,62,108A Female Mix,,,O_lurida,20120821,,gonad,RNA,Illumina,,SE36,,,,,Friedman,,/Volumes/web/nightingales/O_lurida/filtered_108A_Female_Mix_GGCTAC_L007_R1.fastq.gz,http://owl.fish.washington.edu/nightingales/O_lurida/filtered_108A_Female_Mix_GGCTAC_L007_R1.fastq.gz,,,,
filtered_108A_Female_Mix_GGCTAC_L004,62,108A Female Mix,,,O_lurida,20121219,,gonad,RNA,Illumina,,PE72,,,,,Friedman,,/Volumes/web/nightingales/O_lurida/filtered_108A_Female_Mix_GGCTAC_L004_R1.fastq.gz,http://owl.fish.washington.edu/nightingales/O_lurida/filtered_108A_Female_Mix_GGCTAC_L004_R1.fastq.gz,,/Volumes/web/nightingales/O_lurida/filtered_108A_Female_Mix_GGCTAC_L004_R2.fastq.gz,http://owl.fish.washington.edu/nightingales/O_lurida/filtered_108A_Female_Mix_GGCTAC_L004_R2.fastq.gz,
filtered_108A_Male_Mix_AGTCAA_L007,63,108A Male Mix,,,O_lurida,20120821,,gonad,RNA,Illumina,,SE36,,,,,Friedman,,/Volumes/web/nightingales/O_lurida/filtered_108A_Male_Mix_AGTCAA_L007_R1.fastq.gz,http://owl.fish.washington.edu/nightingales/O_lurida/filtered_108A_Male_Mix_AGTCAA_L007_R1.fastq.gz,,,,
filtered_108A_Male_Mix_AGTCAA_L004,63,108A Male Mix,,,O_lurida,20121219,,gonad,RNA,Illumina,,PE72,,,,,Friedman,,/Volumes/web/nightingales/O_lurida/filtered_108A_Male_Mix_AGTCAA_L004_R1.fastq.gz,http://owl.fish.washington.edu/nightingales/O_lurida/filtered_108A_Male_Mix_AGTCAA_L004_R1.fastq.gz,,/Volumes/web/nightingales/O_lurida/filtered_108A_Male_Mix_AGTCAA_L004_R2.fastq.gz,http://owl.fish.washington.edu/nightingales/O_lurida/filtered_108A_Male_Mix_AGTCAA_L004_R2.fastq.gz,
filtered_174gm_A_BiGosperm_L006,65,174.gm,,,C_gigas,20121011,20121219,sperm,DNA,Illumina,,PE72,BS-seq,SRX386228,,http://owl.fish.washington.edu/nightingales/C_gigas/filtered_174gm_A_BiGosperm_L006,,Genome-wide profiling of DNA methylation and gene expression in Crassostrea gigas male gametes,/Volumes/web/nightingales/C_gigas/filtered_174gm_A_BiGosperm_L006_R1.fastq.gz,http://owl.fish.washington.edu/nightingales/C_gigas/filtered_174gm_A_BiGosperm_L006_R1.fastq.gz,,/Volumes/web/nightingales/C_gigas/filtered_174gm_A_BiGosperm_L006_R2.fastq.gz,http://owl.fish.washington.edu/nightingales/C_gigas/filtered_174gm_A_BiGosperm_L006_R2.fastq.gz,
BiGillRNA_GACTAAGA,67,SB_Pool,CHO,https://www.evernote.com/pub/che625/che625snotebook#st=p&n=13407ef0-b2b8-4c07-9bc8-1bbc73f42a2d,C_gigas,20130514,20130709,gill,RNA,Illumina,,PE50,pool of Sammish Bay gill samples,,,,comparison of Sammish Bay oyster BS-seq and RNAseq profiles,,/Volumes/web/nightingales/C_gigas/BiGillR_GACTAAGA_1.fastq.gz,http://owl.fish.washington.edu/nightingales/C_gigas/BiGillR_GACTAAGA_1.fastq.gz,,/Volumes/web/nightingales/C_gigas/BiGillR_GACTAAGA_2.fastq.gz,http://owl.fish.washington.edu/nightingales/C_gigas/BiGillR_GACTAAGA_2.fastq.gz,
BiGoRNA_GTGTCTAC,68,174_gm,CHO,https://www.evernote.com/pub/che625/che625snotebook#st=p&n=13407ef0-b2b8-4c07-9bc8-1bbc73f42a2d,C_gigas,20130514,20130709,gonad,RNA,Illumina,,PE50,,SRX386228,,http://owl.fish.washington.edu/nightingales/C_gigas/BiGoRNA_GTGTCTAC,,Genome-wide profiling of DNA methylation and gene expression in Crassostrea gigas male gametes,/Volumes/web/nightingales/C_gigas/BiGoR_GTGTCTAC_1.fastq.gz,http://owl.fish.washington.edu/nightingales/C_gigas/BiGoR_GTGTCTAC_1.fastq.gz,,/Volumes/web/nightingales/C_gigas/BiGoR_GTGTCTAC_2.fastq.gz,http://owl.fish.washington.edu/nightingales/C_gigas/BiGoR_GTGTCTAC_2.fastq.gz,
CgF_CGATGT_L003,70,BS CgF,,,C_gigas,20140902,,gonad,DNA,Illumina,,PE36,BS-seq,,,,,,/Volumes/web/nightingales/C_gigas/CgF_CGATGT_L003_R1_001.fastq.gz,http://owl.fish.washington.edu/nightingales/C_gigas/CgF_CGATGT_L003_R1_001.fastq.gz,,/Volumes/web/nightingales/C_gigas/CgF_CGATGT_L003_R2_001.fastq.gz,http://owl.fish.washington.edu/nightingales/C_gigas/CgF_CGATGT_L003_R2_001.fastq.gz,
filtered_Y38_control_GTGAAA_L007,77,Y38-control,Yanouk,,C_gigas,20131104,,larvae,DNA,Illumina,,PE36,control,,,,,,/Volumes/web/nightingales/C_gigas/filtered_Y38_control_GTGAAA_L007_R1.fastq.gz,http://owl.fish.washington.edu/nightingales/C_gigas/filtered_Y38_control_GTGAAA_L007_R1.fastq.gz,,/Volumes/web/nightingales/C_gigas/,http://owl.fish.washington.edu/nightingales/C_gigas/,
filtered_Y38_control_GTGAAA_L005,77,Y38-control,Yanouk,,C_gigas,20131213,,larvae,DNA,Illumina,,PE36,control,,,,,,/Volumes/web/nightingales/C_gigas/filtered_Y38_control_GTGAAA_L005_R1.fastq.gz,http://owl.fish.washington.edu/nightingales/C_gigas/filtered_Y38_control_GTGAAA_L005_R1.fastq.gz,,/Volumes/web/nightingales/C_gigas/filtered_Y38_control_GTGAAA_L005_R2.fastq.gz,http://owl.fish.washington.edu/nightingales/C_gigas/filtered_Y38_control_GTGAAA_L005_R2.fastq.gz,
Y38_ACAGTG_L003,77,Y38-control,,,C_gigas,20140902,,larvae,DNA,Illumina,,PE36,BS-seq,,,,,,/Volumes/web/nightingales/C_gigas/Y38_ACAGTG_L003_R1_001.fastq.gz,http://owl.fish.washington.edu/nightingales/C_gigas/Y38_ACAGTG_L003_R1_001.fastq.gz,,/Volumes/web/nightingales/C_gigas/Y38_ACAGTG_L003_R2_001.fastq.gz,http://owl.fish.washington.edu/nightingales/C_gigas/Y38_ACAGTG_L003_R2_001.fastq.gz,
filtered_Y54_Mix_GTGGCC_L007,78,Y54-mix,Yanouk,,C_gigas,20131104,,larvae,DNA,Illumina,,PE36,"Metconazole 0,2Âµg/l + Isoproturon 0,1 Âµg/l",,,,,,/Volumes/web/nightingales/C_gigas/filtered_Y54_Mix_GTGGCC_L007_R1.fastq.gz,http://owl.fish.washington.edu/nightingales/C_gigas/filtered_Y54_Mix_GTGGCC_L007_R1.fastq.gz,,/Volumes/web/nightingales/C_gigas/,http://owl.fish.washington.edu/nightingales/C_gigas/,
filtered_Y54_Mix_GTGGCC_L005,78,Y54-mix,Yanouk,,C_gigas,20131213,,larvae,DNA,Illumina,,PE36,"Metconazole 0,2Âµg/l + Isoproturon 0,1 Âµg/l",,,,,,/Volumes/web/nightingales/C_gigas/filtered_Y54_Mix_GTGGCC_L005_R1.fastq.gz,http://owl.fish.washington.edu/nightingales/C_gigas/filtered_Y54_Mix_GTGGCC_L005_R1.fastq.gz,,/Volumes/web/nightingales/C_gigas/filtered_Y54_Mix_GTGGCC_L005_R2.fastq.gz,http://owl.fish.washington.edu/nightingales/C_gigas/filtered_Y54_Mix_GTGGCC_L005_R2.fastq.gz,
3291_5903_10009_H94MGADXX_V_CF26_TTAGGC,84,V_CF26,SJW,http://onsnetwork.org/kubu4/2014/05/08/rna-isolation-colleen-sea-star-pycnopodia-coelomycete-sample/,P_helianthoides,20140514,20140528,coelomycetes,RNA,Illumina,,PE100,,SRP051104,,http://owl.fish.washington.edu/nightingales/P_helianthoides/3291_5903_10009_H94MGADXX_V_CF26_TTAGGC_R1.fastq.gz,,Up in Arms: Immune and Nervous System Response to Sea Star Wasting Disease,/Volumes/web/nightingales/P_helianthoides/3291_5903_10009_H94MGADXX_V_CF26_TTAGGC_R1.fastq.gz,http://owl.fish.washington.edu/nightingales/P_helianthoides/3291_5903_10009_H94MGADXX_V_CF26_TTAGGC_R1.fastq.gz,,/Volumes/web/nightingales/P_helianthoides/3291_5903_10009_H94MGADXX_V_CF26_TTAGGC_R2.fastq.gz,http://owl.fish.washington.edu/nightingales/P_helianthoides/3291_5903_10009_H94MGADXX_V_CF26_TTAGGC_R2.fastq.gz,
3291_5903_10008_H94MGADXX_V_CF34_CGATGT,85,V_CF34,SJW,http://onsnetwork.org/kubu4/2014/05/08/rna-isolation-colleen-sea-star-pycnopodia-coelomycete-sample/,P_helianthoides,20140514,20140528,coelomycetes,RNA,Illumina,,PE100,,SRP051104,,http://owl.fish.washington.edu/nightingales/P_helianthoides/3291_5903_10008_H94MGADXX_V_CF34_CGATGT_R1.fastq.gz,,Up in Arms: Immune and Nervous System Response to Sea Star Wasting Disease,/Volumes/web/nightingales/P_helianthoides/3291_5903_10008_H94MGADXX_V_CF34_CGATGT_R1.fastq.gz,http://owl.fish.washington.edu/nightingales/P_helianthoides/3291_5903_10008_H94MGADXX_V_CF34_CGATGT_R1.fastq.gz,,/Volumes/web/nightingales/P_helianthoides/3291_5903_10008_H94MGADXX_V_CF34_CGATGT_R2.fastq.gz,http://owl.fish.washington.edu/nightingales/P_helianthoides/3291_5903_10008_H94MGADXX_V_CF34_CGATGT_R2.fastq.gz,
3291_5903_10007_H94MGADXX_V_CF71_ATCACG,86,V_CF71,SJW,http://onsnetwork.org/kubu4/2014/05/08/rna-isolation-colleen-sea-star-pycnopodia-coelomycete-sample/,P_helianthoides,20140514,20140528,coelomycetes,RNA,Illumina,,PE100,,SRP051104,,http://owl.fish.washington.edu/nightingales/P_helianthoides/3291_5903_10007_H94MGADXX_V_CF71_ATCACG_R1.fastq.gz,,Up in Arms: Immune and Nervous System Response to Sea Star Wasting Disease,/Volumes/web/nightingales/P_helianthoides/3291_5903_10007_H94MGADXX_V_CF71_ATCACG_R1.fastq.gz,http://owl.fish.washington.edu/nightingales/P_helianthoides/3291_5903_10007_H94MGADXX_V_CF71_ATCACG_R1.fastq.gz,,/Volumes/web/nightingales/P_helianthoides/3291_5903_10007_H94MGADXX_V_CF71_ATCACG_R2.fastq.gz,http://owl.fish.washington.edu/nightingales/P_helianthoides/3291_5903_10007_H94MGADXX_V_CF71_ATCACG_R2.fastq.gz,
2M_AGTCAA_L001,86,2M,,,C_gigas,20141124,20141215,mantle,RNA,Illumina HiSeq2500,,SE100,pre_heat_shock,SRP072251,/Volumes/web/nightingales/C_gigas/2M_AGTCAA_L001,,pre and post heat shock,,/Volumes/web/nightingales/C_gigas/2M_AGTCAA_L001_R1_001.fastq.gz,http://owl.fish.washington.edu/nightingales/C_gigas/2M_AGTCAA_L001_R1_001.fastq.gz,,,,
3291_5903_10010_H94MGADXX_HK_CF2_TGACCA,87,HK_CF2,SJW,http://onsnetwork.org/kubu4/2014/05/08/rna-isolation-colleen-sea-star-pycnopodia-coelomycete-sample/,P_helianthoides,20140514,20140528,coelomycetes,RNA,Illumina,,PE100,,SRP051104,,http://owl.fish.washington.edu/nightingales/P_helianthoides/3291_5903_10010_H94MGADXX_HK_CF2_TGACCA_R1.fastq.gz,,Up in Arms: Immune and Nervous System Response to Sea Star Wasting Disease,/Volumes/web/nightingales/P_helianthoides/3291_5903_10010_H94MGADXX_HK_CF2_TGACCA_R1.fastq.gz,http://owl.fish.washington.edu/nightingales/P_helianthoides/3291_5903_10010_H94MGADXX_HK_CF2_TGACCA_R1.fastq.gz,,/Volumes/web/nightingales/P_helianthoides/3291_5903_10010_H94MGADXX_HK_CF2_TGACCA_R2.fastq.gz,http://owl.fish.washington.edu/nightingales/P_helianthoides/3291_5903_10010_H94MGADXX_HK_CF2_TGACCA_R2.fastq.gz,
4M_AGTTCC_L001,87,4M,,,C_gigas,20141124,20141215,mantle,RNA,Illumina HiSeq2500,,SE100,pre_heat_shock,SRP072251,/Volumes/web/nightingales/C_gigas/4M_AGTTCC_L001,,pre and post heat shock,,/Volumes/web/nightingales/C_gigas/4M_AGTTCC_L001_R1_001.fastq.gz,http://owl.fish.washington.edu/nightingales/C_gigas/4M_AGTTCC_L001_R1_001.fastq.gz,,,,
3291_5903_10011_H94MGADXX_HK_CF35_ACAGTG,88,HK_CF35,SJW,http://onsnetwork.org/kubu4/2014/05/08/rna-isolation-colleen-sea-star-pycnopodia-coelomycete-sample/,P_helianthoides,20140514,20140528,coelomycetes,RNA,Illumina,,PE100,,SRP051104,,http://owl.fish.washington.edu/nightingales/P_helianthoides/3291_5903_10011_H94MGADXX_HK_CF35_ACAGTG_R1.fastq.gz,,Up in Arms: Immune and Nervous System Response to Sea Star Wasting Disease,/Volumes/web/nightingales/P_helianthoides/3291_5903_10011_H94MGADXX_HK_CF35_ACAGTG_R1.fastq.gz,http://owl.fish.washington.edu/nightingales/P_helianthoides/3291_5903_10011_H94MGADXX_HK_CF35_ACAGTG_R1.fastq.gz,,/Volumes/web/nightingales/P_helianthoides/3291_5903_10011_H94MGADXX_HK_CF35_ACAGTG_R2.fastq.gz,http://owl.fish.washington.edu/nightingales/P_helianthoides/3291_5903_10011_H94MGADXX_HK_CF35_ACAGTG_R2.fastq.gz,
6M_ATGTCA_L001,88,6M,,,C_gigas,20141124,20141215,mantle,RNA,Illumina HiSeq2500,,SE100,pre_heat_shock,SRP072251,/Volumes/web/nightingales/C_gigas/6M_ATGTCA_L001,,pre and post heat shock,,/Volumes/web/nightingales/C_gigas/6M_ATGTCA_L001_R1_001.fastq.gz,http://owl.fish.washington.edu/nightingales/C_gigas/6M_ATGTCA_L001_R1_001.fastq.gz,,,,
3291_5903_10012_H94MGADXX_HK_CF70_GCCAAT,89,HK_CF70,SJW,http://onsnetwork.org/kubu4/2014/05/08/rna-isolation-colleen-sea-star-pycnopodia-coelomycete-sample/,P_helianthoides,20140514,20140528,coelomycetes,RNA,Illumina,,PE100,,SRP051104,,http://owl.fish.washington.edu/nightingales/P_helianthoides/3291_5903_10012_H94MGADXX_HK_CF70_GCCAAT_R1.fastq.gz,,Up in Arms: Immune and Nervous System Response to Sea Star Wasting Disease,/Volumes/web/nightingales/P_helianthoides/3291_5903_10012_H94MGADXX_HK_CF70_GCCAAT_R1.fastq.gz,http://owl.fish.washington.edu/nightingales/P_helianthoides/3291_5903_10012_H94MGADXX_HK_CF70_GCCAAT_R1.fastq.gz,,/Volumes/web/nightingales/P_helianthoides/3291_5903_10012_H94MGADXX_HK_CF70_GCCAAT_R2.fastq.gz,http://owl.fish.washington.edu/nightingales/P_helianthoides/3291_5903_10012_H94MGADXX_HK_CF70_GCCAAT_R2.fastq.gz,
2M-HS_CCGTCC_L001,89,2M HS,,,C_gigas,20141124,20141215,mantle,RNA,Illumina HiSeq2500,,SE100,post_heat_shock,SRP072251,/Volumes/web/nightingales/C_gigas/2M-HS_CCGTCC_L001,,pre and post heat shock,,/Volumes/web/nightingales/C_gigas/2M-HS_CCGTCC_L001_R1_001.fastq.gz,http://owl.fish.washington.edu/nightingales/C_gigas/2M-HS_CCGTCC_L001_R1_001.fastq.gz,,,,
4M-HS_GTCCGC_L001,90,4M HS,,,C_gigas,20141124,20141215,mantle,RNA,Illumina HiSeq2500,,SE100,post_heat_shock,SRP072251,/Volumes/web/nightingales/C_gigas/4M-HS_GTCCGC_L001,,pre and post heat shock,,/Volumes/web/nightingales/C_gigas/4M-HS_GTCCGC_L001_R1_001.fastq.gz,http://owl.fish.washington.edu/nightingales/C_gigas/4M-HS_GTCCGC_L001_R1_001.fastq.gz,,,,
6M-HS_GTGAAA_L001,91,6M HS,,,C_gigas,20141124,20141215,mantle,RNA,Illumina HiSeq2500,,SE100,post_heat_shock,SRP072251,/Volumes/web/nightingales/C_gigas/6M-HS_GTGAAA_L001,,pre and post heat shock,,/Volumes/web/nightingales/C_gigas/6M-HS_GTGAAA_L001_R1_001.fastq.gz,http://owl.fish.washington.edu/nightingales/C_gigas/6M-HS_GTGAAA_L001_R1_001.fastq.gz,,,,
2112_lane1_ACAGTG_L001,92,NB3,SJW,http://onsnetwork.org/kubu4/category/lsu-c-virginica-oil-spill-mbd-bs-sequencing/,C_virginica,20141222,20150210,gill,DNA,Illumina,,SE100,BS-seq,SRP139854,,,NB3 No oil,,/Volumes/web/nightingales/C_virginica/20160223_gbs/2112_lane1_ACAGTG_L001_1.fq.gz,http://owl.fish.washington.edu/nightingales/C_virginica/20160223_gbs/2112_lane1_ACAGTG_L001_1.fq.gz,http://eagle.fish.washington.edu/Arabidopsis/20150413_2112_lane1_ACAGTG_L001_R1_001_fastqc.html,,,
2112_lane1_GCCAAT_L001,93,NB6,SJW,http://onsnetwork.org/kubu4/category/lsu-c-virginica-oil-spill-mbd-bs-sequencing/,C_virginica,20141222,20150210,gill,DNA,Illumina,,SE100,BS-seq,SRP139854,,,NB6 No oil,,/Volumes/web/nightingales/C_virginica/20160223_gbs/2112_lane1_GCCAAT_L001_1.fq.gz,http://owl.fish.washington.edu/nightingales/C_virginica/20160223_gbs/2112_lane1_GCCAAT_L001_1.fq.gz,http://eagle.fish.washington.edu/Arabidopsis/20150413_2112_lane1_GCCAAT_L001_R1_001_fastqc.html,,,
2112_lane1_CAGATC_L001,94,NB11,SJW,http://onsnetwork.org/kubu4/category/lsu-c-virginica-oil-spill-mbd-bs-sequencing/,C_virginica,20141222,20150210,gill,DNA,Illumina,,SE100,BS-seq,SRP139854,,,NB11 No oil,,/Volumes/web/nightingales/C_virginica/20160223_gbs/2112_lane1_CAGATC_L001_1.fq.gz,http://owl.fish.washington.edu/nightingales/C_virginica/20160223_gbs/2112_lane1_CAGATC_L001_1.fq.gz,http://eagle.fish.washington.edu/Arabidopsis/20150413_2112_lane1_CAGATC_L001_R1_001_fastqc.html,,,
2112_lane1_ATCACG_L001,95,HB2,SJW,http://onsnetwork.org/kubu4/category/lsu-c-virginica-oil-spill-mbd-bs-sequencing/,C_virginica,20141222,20150210,gill,DNA,Illumina,,SE100,BS-seq,SRP139854,,,"HB2 25,000ppm oil",,/Volumes/web/nightingales/C_virginica/20160223_gbs/2112_lane1_ATCACG_L001_1.fq.gz,http://owl.fish.washington.edu/nightingales/C_virginica/20160223_gbs/2112_lane1_ATCACG_L001_1.fq.gz,http://eagle.fish.washington.edu/Arabidopsis/20150413_2112_lane1_ATCACG_L001_R1_001_fastqc.html,,,
2112_lane1_TTAGGC_L001,96,HB16,SJW,http://onsnetwork.org/kubu4/category/lsu-c-virginica-oil-spill-mbd-bs-sequencing/,C_virginica,20141222,20150210,gill,DNA,Illumina,,SE100,BS-seq,SRP139854,,,"HB16 25,000ppm oil",,/Volumes/web/nightingales/C_virginica/20160223_gbs/2112_lane1_TTAGGC_L001_1.fq.gz,http://owl.fish.washington.edu/nightingales/C_virginica/20160223_gbs/2112_lane1_TTAGGC_L001_1.fq.gz,http://eagle.fish.washington.edu/Arabidopsis/20150413_2112_lane1_TTAGGC_L001_R1_001_fastqc.html,,,
2112_lane1_TGACCA_L001,97,HB30,SJW,http://onsnetwork.org/kubu4/category/lsu-c-virginica-oil-spill-mbd-bs-sequencing/,C_virginica,20141222,20150210,gill,DNA,Illumina,,SE100,BS-seq,SRP139854,,,"HB30 25,000ppm oil",,/Volumes/web/nightingales/C_virginica/20160223_gbs/2112_lane1_TGACCA_L001_1.fq.gz,http://owl.fish.washington.edu/nightingales/C_virginica/20160223_gbs/2112_lane1_TGACCA_L001_1.fq.gz,http://eagle.fish.washington.edu/Arabidopsis/20150413_2112_lane1_TGACCA_L001_R1_001_fastqc.html,,,
2212_lane2_GCCAAT_L002,99,400ppm,SJW,http://onsnetwork.org/kubu4/category/2011-gigas-larvae-oa-bisulfite-sequencing/,C_gigas,20150303,20150413,larvae,DNA,Illumina,,SE100,BS-seq,,,,400ppm,,/Volumes/web/nightingales/C_gigas/2212_lane2_GCCAAT_L002_R1_001.fastq.gz,http://owl.fish.washington.edu/nightingales/C_gigas/2212_lane2_GCCAAT_L002_R1_001.fastq.gz,,,,
2212_lane2_CTTGTA_L002,100,1000ppm,SJW,http://onsnetwork.org/kubu4/category/2011-gigas-larvae-oa-bisulfite-sequencing/,C_gigas,20150303,20150413,larvae,DNA,Illumina,,SE100,BS-seq,,,,1000ppm,,/Volumes/web/nightingales/C_gigas/2212_lane2_CTTGTA_L002_R1_001.fastq.gz,http://owl.fish.washington.edu/nightingales/C_gigas/2212_lane2_CTTGTA_L002_R1_001.fastq.gz,,,,
Geo_Pool_F_GGCTAC_L006,101,Geo_pool_F,,,P_generosa,20150629,,gonad,RNA,Illumina,,PE100,pooled female gonadal stages,SRP072283,/Volumes/web/nightingales/P_generosa/Geo_Pool_F_GGCTAC_L006,http://owl.fish.washington.edu/nightingales/P_generosa/Geo_Pool_F_GGCTAC_L006,"gonad development
",,/Volumes/web/nightingales/P_generosa/Geo_Pool_F_GGCTAC_L006_R1_001.fastq.gz,http://owl.fish.washington.edu/nightingales/P_generosa/Geo_Pool_F_GGCTAC_L006_R1_001.fastq.gz,,/Volumes/web/nightingales/P_generosa/Geo_Pool_F_GGCTAC_L006_R2_001.fastq.gz,http://owl.fish.washington.edu/nightingales/P_generosa/Geo_Pool_F_GGCTAC_L006_R2_001.fastq.gz,
Geo_Pool_M_CTTGTA_L006,102,Geo_pool_M,,,P_generosa,20150629,,gonad,RNA,Illumina,,PE100,pooled male gonadal stages,SRP072283,/Volumes/web/nightingales/P_generosa/Geo_Pool_M_CTTGTA_L006,http://owl.fish.washington.edu/nightingales/P_generosa/Geo_Pool_M_CTTGTA_L006,"gonad development
",,/Volumes/web/nightingales/P_generosa/Geo_Pool_M_CTTGTA_L006_R1_001.fastq.gz,http://owl.fish.washington.edu/nightingales/P_generosa/Geo_Pool_M_CTTGTA_L006_R1_001.fastq.gz,,/Volumes/web/nightingales/P_generosa/Geo_Pool_M_CTTGTA_L006_R2_001.fastq.gz,http://owl.fish.washington.edu/nightingales/P_generosa/Geo_Pool_M_CTTGTA_L006_R2_001.fastq.gz,
HC1-1_TTAGGC-TCATG_L001,106,KES_4,,https://github.com/RobertsLab/project-olympia.oyster-genomic/wiki/2bRAD-Sequencing-December-2015,O_lurida,20151211,20151231,larvae,DNA,Illumina,,SE50,2bRAD,,,,Oly reciprocal transplant 2bRAD,,/Volumes/web/nightingales/O_lurida/2bRAD_Dec2015/HC1-1_TTAGGC-TCATG_L001_R1_001.fastq.gz,http://owl.fish.washington.edu/nightingales/O_lurida/2bRAD_Dec2015/HC1-1_TTAGGC-TCATG_L001_R1_001.fastq.gz,,,,
HC1-10_ACAGTG-ATGCAT_L001,106,KES_1,,https://github.com/RobertsLab/project-olympia.oyster-genomic/wiki/2bRAD-Sequencing-December-2015,O_lurida,20151211,20151231,larvae,DNA,Illumina,,SE50,2bRAD,,,,Oly reciprocal transplant 2bRAD,,/Volumes/web/nightingales/O_lurida/2bRAD_Dec2015/HC1-10_ACAGTG-ATGCAT_L001_R1_001.fastq.gz,http://owl.fish.washington.edu/nightingales/O_lurida/2bRAD_Dec2015/HC1-10_ACAGTG-ATGCAT_L001_R1_001.fastq.gz,,,,
HC1-11_CTTGTA-ATGCAT_L002,106,KES_2,,https://github.com/RobertsLab/project-olympia.oyster-genomic/wiki/2bRAD-Sequencing-December-2015,O_lurida,20151211,20151231,larvae,DNA,Illumina,,SE50,2bRAD,,,,Oly reciprocal transplant 2bRAD,,/Volumes/web/nightingales/O_lurida/2bRAD_Dec2015/HC1-11_CTTGTA-ATGCAT_L002_R1_001.fastq.gz,http://owl.fish.washington.edu/nightingales/O_lurida/2bRAD_Dec2015/HC1-11_CTTGTA-ATGCAT_L002_R1_001.fastq.gz,,,,
HC1-12_TAGCTT-GACGT_L002,106,KES_2,,https://github.com/RobertsLab/project-olympia.oyster-genomic/wiki/2bRAD-Sequencing-December-2015,O_lurida,20151211,20151231,larvae,DNA,Illumina,,SE50,2bRAD,,,,Oly reciprocal transplant 2bRAD,,/Volumes/web/nightingales/O_lurida/2bRAD_Dec2015/HC1-12_TAGCTT-GACGT_L002_R1_001.fastq.gz,http://owl.fish.washington.edu/nightingales/O_lurida/2bRAD_Dec2015/HC1-12_TAGCTT-GACGT_L002_R1_001.fastq.gz,,,,
HC1-13_GCCAAT-CGTACG_L002,106,KES_2,,https://github.com/RobertsLab/project-olympia.oyster-genomic/wiki/2bRAD-Sequencing-December-2015,O_lurida,20151211,20151231,larvae,DNA,Illumina,,SE50,2bRAD,,,,Oly reciprocal transplant 2bRAD,,/Volumes/web/nightingales/O_lurida/2bRAD_Dec2015/HC1-13_GCCAAT-CGTACG_L002_R1_001.fastq.gz,http://owl.fish.washington.edu/nightingales/O_lurida/2bRAD_Dec2015/HC1-13_GCCAAT-CGTACG_L002_R1_001.fastq.gz,,,,
HC1-14_GGCTAC-CGCTATG_L002,106,KES_2,,https://github.com/RobertsLab/project-olympia.oyster-genomic/wiki/2bRAD-Sequencing-December-2015,O_lurida,20151211,20151231,larvae,DNA,Illumina,,SE50,2bRAD,,,,Oly reciprocal transplant 2bRAD,,/Volumes/web/nightingales/O_lurida/2bRAD_Dec2015/HC1-14_GGCTAC-CGCTATG_L002_R1_001.fastq.gz,http://owl.fish.washington.edu/nightingales/O_lurida/2bRAD_Dec2015/HC1-14_GGCTAC-CGCTATG_L002_R1_001.fastq.gz,,,,
HC1-15_CGATGT-CGTACG_L002,106,KES_2,,https://github.com/RobertsLab/project-olympia.oyster-genomic/wiki/2bRAD-Sequencing-December-2015,O_lurida,20151211,20151231,larvae,DNA,Illumina,,SE50,2bRAD,,,,Oly reciprocal transplant 2bRAD,,/Volumes/web/nightingales/O_lurida/2bRAD_Dec2015/HC1-15_CGATGT-CGTACG_L002_R1_001.fastq.gz,http://owl.fish.washington.edu/nightingales/O_lurida/2bRAD_Dec2015/HC1-15_CGATGT-CGTACG_L002_R1_001.fastq.gz,,,,
HC1-17_ACAGTG-ATGCAT_L002,106,KES_2,,https://github.com/RobertsLab/project-olympia.oyster-genomic/wiki/2bRAD-Sequencing-December-2015,O_lurida,20151211,20151231,larvae,DNA,Illumina,,SE50,2bRAD,,,,Oly reciprocal transplant 2bRAD,,/Volumes/web/nightingales/O_lurida/2bRAD_Dec2015/HC1-17_ACAGTG-ATGCAT_L002_R1_001.fastq.gz,http://owl.fish.washington.edu/nightingales/O_lurida/2bRAD_Dec2015/HC1-17_ACAGTG-ATGCAT_L002_R1_001.fastq.gz,,,,
HC1-18_ACAGTG-CGTACG_L002,106,KES_2,,https://github.com/RobertsLab/project-olympia.oyster-genomic/wiki/2bRAD-Sequencing-December-2015,O_lurida,20151211,20151231,larvae,DNA,Illumina,,SE50,2bRAD,,,,Oly reciprocal transplant 2bRAD,,/Volumes/web/nightingales/O_lurida/2bRAD_Dec2015/HC1-18_ACAGTG-CGTACG_L002_R1_001.fastq.gz,http://owl.fish.washington.edu/nightingales/O_lurida/2bRAD_Dec2015/HC1-18_ACAGTG-CGTACG_L002_R1_001.fastq.gz,,,,
HC1-19_GCCAAT-CGTACG_L001,106,KES_2,,https://github.com/RobertsLab/project-olympia.oyster-genomic/wiki/2bRAD-Sequencing-December-2015,O_lurida,20151211,20151231,larvae,DNA,Illumina,,SE50,2bRAD,,,,Oly reciprocal transplant 2bRAD,,/Volumes/web/nightingales/O_lurida/2bRAD_Dec2015/HC1-19_GCCAAT-CGTACG_L001_R1_001.fastq.gz,http://owl.fish.washington.edu/nightingales/O_lurida/2bRAD_Dec2015/HC1-19_GCCAAT-CGTACG_L001_R1_001.fastq.gz,,,,
HC1-2_CAGATC-CGCTATG_L001,106,KES_4,,https://github.com/RobertsLab/project-olympia.oyster-genomic/wiki/2bRAD-Sequencing-December-2015,O_lurida,20151211,20151231,larvae,DNA,Illumina,,SE50,2bRAD,,,,Oly reciprocal transplant 2bRAD,,/Volumes/web/nightingales/O_lurida/2bRAD_Dec2015/HC1-2_CAGATC-CGCTATG_L001_R1_001.fastq.gz,http://owl.fish.washington.edu/nightingales/O_lurida/2bRAD_Dec2015/HC1-2_CAGATC-CGCTATG_L001_R1_001.fastq.gz,,,,
HC1-3_TGACCA-TCAGCAC_L001,106,KES_1,,https://github.com/RobertsLab/project-olympia.oyster-genomic/wiki/2bRAD-Sequencing-December-2015,O_lurida,20151211,20151231,larvae,DNA,Illumina,,SE50,2bRAD,,,,Oly reciprocal transplant 2bRAD,,/Volumes/web/nightingales/O_lurida/2bRAD_Dec2015/HC1-3_TGACCA-TCAGCAC_L001_R1_001.fastq.gz,http://owl.fish.washington.edu/nightingales/O_lurida/2bRAD_Dec2015/HC1-3_TGACCA-TCAGCAC_L001_R1_001.fastq.gz,,,,
HC1-4_GGCTAC-TCATG_L001,106,KES_4,,https://github.com/RobertsLab/project-olympia.oyster-genomic/wiki/2bRAD-Sequencing-December-2015,O_lurida,20151211,20151231,larvae,DNA,Illumina,,SE50,2bRAD,,,,Oly reciprocal transplant 2bRAD,,/Volumes/web/nightingales/O_lurida/2bRAD_Dec2015/HC1-4_GGCTAC-TCATG_L001_R1_001.fastq.gz,http://owl.fish.washington.edu/nightingales/O_lurida/2bRAD_Dec2015/HC1-4_GGCTAC-TCATG_L001_R1_001.fastq.gz,,,,
HC1-9_GGCTAC-GACGT_L001,106,KES_1,,https://github.com/RobertsLab/project-olympia.oyster-genomic/wiki/2bRAD-Sequencing-December-2015,O_lurida,20151211,20151231,larvae,DNA,Illumina,,SE50,2bRAD,,,,Oly reciprocal transplant 2bRAD,,/Volumes/web/nightingales/O_lurida/2bRAD_Dec2015/HC1-9_GGCTAC-GACGT_L001_R1_001.fastq.gz,http://owl.fish.washington.edu/nightingales/O_lurida/2bRAD_Dec2015/HC1-9_GGCTAC-GACGT_L001_R1_001.fastq.gz,,,,
HC2-1_ATCACG-CGTACG_L002,106,KES_1,,https://github.com/RobertsLab/project-olympia.oyster-genomic/wiki/2bRAD-Sequencing-December-2015,O_lurida,20151211,20151231,larvae,DNA,Illumina,,SE50,2bRAD,,,,Oly reciprocal transplant 2bRAD,,/Volumes/web/nightingales/O_lurida/2bRAD_Dec2015/HC2-1_ATCACG-CGTACG_L002_R1_001.fastq.gz,http://owl.fish.washington.edu/nightingales/O_lurida/2bRAD_Dec2015/HC2-1_ATCACG-CGTACG_L002_R1_001.fastq.gz,,,,
HC2-10_CTTGTA-GACGT_L002,106,KES_2,,https://github.com/RobertsLab/project-olympia.oyster-genomic/wiki/2bRAD-Sequencing-December-2015,O_lurida,20151211,20151231,larvae,DNA,Illumina,,SE50,2bRAD,,,,Oly reciprocal transplant 2bRAD,,/Volumes/web/nightingales/O_lurida/2bRAD_Dec2015/HC2-10_CTTGTA-GACGT_L002_R1_001.fastq.gz,http://owl.fish.washington.edu/nightingales/O_lurida/2bRAD_Dec2015/HC2-10_CTTGTA-GACGT_L002_R1_001.fastq.gz,,,,
HC2-11_TAGCTT-CGCTATG_L002,106,KES_2,,https://github.com/RobertsLab/project-olympia.oyster-genomic/wiki/2bRAD-Sequencing-December-2015,O_lurida,20151211,20151231,larvae,DNA,Illumina,,SE50,2bRAD,,,,Oly reciprocal transplant 2bRAD,,/Volumes/web/nightingales/O_lurida/2bRAD_Dec2015/HC2-11_TAGCTT-CGCTATG_L002_R1_001.fastq.gz,http://owl.fish.washington.edu/nightingales/O_lurida/2bRAD_Dec2015/HC2-11_TAGCTT-CGCTATG_L002_R1_001.fastq.gz,,,,
HC2-12_ACTTGA-ATGCAT_L001,106,KES_2,,https://github.com/RobertsLab/project-olympia.oyster-genomic/wiki/2bRAD-Sequencing-December-2015,O_lurida,20151211,20151231,larvae,DNA,Illumina,,SE50,2bRAD,,,,Oly reciprocal transplant 2bRAD,,/Volumes/web/nightingales/O_lurida/2bRAD_Dec2015/HC2-12_ACTTGA-ATGCAT_L001_R1_001.fastq.gz,http://owl.fish.washington.edu/nightingales/O_lurida/2bRAD_Dec2015/HC2-12_ACTTGA-ATGCAT_L001_R1_001.fastq.gz,,,,
HC2-13_ATCACG-GATCTCT_L001,106,KES_2,,https://github.com/RobertsLab/project-olympia.oyster-genomic/wiki/2bRAD-Sequencing-December-2015,O_lurida,20151211,20151231,larvae,DNA,Illumina,,SE50,2bRAD,,,,Oly reciprocal transplant 2bRAD,,/Volumes/web/nightingales/O_lurida/2bRAD_Dec2015/HC2-13_ATCACG-GATCTCT_L001_R1_001.fastq.gz,http://owl.fish.washington.edu/nightingales/O_lurida/2bRAD_Dec2015/HC2-13_ATCACG-GATCTCT_L001_R1_001.fastq.gz,,,,
HC2-14_GATCAG-ATGCAT_L001,106,KES_2,,https://github.com/RobertsLab/project-olympia.oyster-genomic/wiki/2bRAD-Sequencing-December-2015,O_lurida,20151211,20151231,larvae,DNA,Illumina,,SE50,2bRAD,,,,Oly reciprocal transplant 2bRAD,,/Volumes/web/nightingales/O_lurida/2bRAD_Dec2015/HC2-14_GATCAG-ATGCAT_L001_R1_001.fastq.gz,http://owl.fish.washington.edu/nightingales/O_lurida/2bRAD_Dec2015/HC2-14_GATCAG-ATGCAT_L001_R1_001.fastq.gz,,,,
HC2-15_CGATGT-CGCTATG_L001,106,KES_4,,https://github.com/RobertsLab/project-olympia.oyster-genomic/wiki/2bRAD-Sequencing-December-2015,O_lurida,20151211,20151231,larvae,DNA,Illumina,,SE50,2bRAD,,,,Oly reciprocal transplant 2bRAD,,/Volumes/web/nightingales/O_lurida/2bRAD_Dec2015/HC2-15_CGATGT-CGCTATG_L001_R1_001.fastq.gz,http://owl.fish.washington.edu/nightingales/O_lurida/2bRAD_Dec2015/HC2-15_CGATGT-CGCTATG_L001_R1_001.fastq.gz,,,,
HC2-16_CTTGTA-CGTACG_L001,106,KES_2,,https://github.com/RobertsLab/project-olympia.oyster-genomic/wiki/2bRAD-Sequencing-December-2015,O_lurida,20151211,20151231,larvae,DNA,Illumina,,SE50,2bRAD,,,,Oly reciprocal transplant 2bRAD,,/Volumes/web/nightingales/O_lurida/2bRAD_Dec2015/HC2-16_CTTGTA-CGTACG_L001_R1_001.fastq.gz,http://owl.fish.washington.edu/nightingales/O_lurida/2bRAD_Dec2015/HC2-16_CTTGTA-CGTACG_L001_R1_001.fastq.gz,,,,
HC2-17A_GCCAAT-CGTACG_L001,106,KES_2,,https://github.com/RobertsLab/project-olympia.oyster-genomic/wiki/2bRAD-Sequencing-December-2015,O_lurida,20151211,20151231,larvae,DNA,Illumina,,SE50,2bRAD,,,,Oly reciprocal transplant 2bRAD,,/Volumes/web/nightingales/O_lurida/2bRAD_Dec2015/HC2-17A_GCCAAT-CGTACG_L001_R1_001.fastq.gz,http://owl.fish.washington.edu/nightingales/O_lurida/2bRAD_Dec2015/HC2-17A_GCCAAT-CGTACG_L001_R1_001.fastq.gz,,,,
HC2-17B_TTAGGC-ATGAGCAC_L002,106,KES_2,,https://github.com/RobertsLab/project-olympia.oyster-genomic/wiki/2bRAD-Sequencing-December-2015,O_lurida,20151211,20151231,larvae,DNA,Illumina,,SE50,2bRAD,,,,Oly reciprocal transplant 2bRAD,,/Volumes/web/nightingales/O_lurida/2bRAD_Dec2015/HC2-17B_TTAGGC-ATGAGCAC_L002_R1_001.fastq.gz,http://owl.fish.washington.edu/nightingales/O_lurida/2bRAD_Dec2015/HC2-17B_TTAGGC-ATGAGCAC_L002_R1_001.fastq.gz,,,,
HC2-17C_CAGATC-CGCTATG_L001,106,KES_2,,https://github.com/RobertsLab/project-olympia.oyster-genomic/wiki/2bRAD-Sequencing-December-2015,O_lurida,20151211,20151231,larvae,DNA,Illumina,,SE50,2bRAD,,,,Oly reciprocal transplant 2bRAD,,/Volumes/web/nightingales/O_lurida/2bRAD_Dec2015/HC2-17C_CAGATC-CGCTATG_L001_R1_001.fastq.gz,http://owl.fish.washington.edu/nightingales/O_lurida/2bRAD_Dec2015/HC2-17C_CAGATC-CGCTATG_L001_R1_001.fastq.gz,,,,
HC2-17D_CAGATC-CGCTATG_L001,106,KES_2,,https://github.com/RobertsLab/project-olympia.oyster-genomic/wiki/2bRAD-Sequencing-December-2015,O_lurida,20151211,20151231,larvae,DNA,Illumina,,SE50,2bRAD,,,,Oly reciprocal transplant 2bRAD,,/Volumes/web/nightingales/O_lurida/2bRAD_Dec2015/HC2-17D_CAGATC-CGCTATG_L001_R1_001.fastq.gz,http://owl.fish.washington.edu/nightingales/O_lurida/2bRAD_Dec2015/HC2-17D_CAGATC-CGCTATG_L001_R1_001.fastq.gz,,,,
HC2-18_ATCACG-GACGT_L001,106,KES_2,,https://github.com/RobertsLab/project-olympia.oyster-genomic/wiki/2bRAD-Sequencing-December-2015,O_lurida,20151211,20151231,larvae,DNA,Illumina,,SE50,2bRAD,,,,Oly reciprocal transplant 2bRAD,,/Volumes/web/nightingales/O_lurida/2bRAD_Dec2015/HC2-18_ATCACG-GACGT_L001_R1_001.fastq.gz,http://owl.fish.washington.edu/nightingales/O_lurida/2bRAD_Dec2015/HC2-18_ATCACG-GACGT_L001_R1_001.fastq.gz,,,,
HC2-19_TAGCTT-ATGCAT_L001,106,KES_3,,https://github.com/RobertsLab/project-olympia.oyster-genomic/wiki/2bRAD-Sequencing-December-2015,O_lurida,20151211,20151231,larvae,DNA,Illumina,,SE50,2bRAD,,,,Oly reciprocal transplant 2bRAD,,/Volumes/web/nightingales/O_lurida/2bRAD_Dec2015/HC2-19_TAGCTT-ATGCAT_L001_R1_001.fastq.gz,http://owl.fish.washington.edu/nightingales/O_lurida/2bRAD_Dec2015/HC2-19_TAGCTT-ATGCAT_L001_R1_001.fastq.gz,,,,
HC2-2_GATCAG-CGTACG_L002,106,KES_1,,https://github.com/RobertsLab/project-olympia.oyster-genomic/wiki/2bRAD-Sequencing-December-2015,O_lurida,20151211,20151231,larvae,DNA,Illumina,,SE50,2bRAD,,,,Oly reciprocal transplant 2bRAD,,/Volumes/web/nightingales/O_lurida/2bRAD_Dec2015/HC2-2_GATCAG-CGTACG_L002_R1_001.fastq.gz,http://owl.fish.washington.edu/nightingales/O_lurida/2bRAD_Dec2015/HC2-2_GATCAG-CGTACG_L002_R1_001.fastq.gz,,,,
HC2-20_ACAGTG-GACGT_L001,106,KES_4,,https://github.com/RobertsLab/project-olympia.oyster-genomic/wiki/2bRAD-Sequencing-December-2015,O_lurida,20151211,20151231,larvae,DNA,Illumina,,SE50,2bRAD,,,,Oly reciprocal transplant 2bRAD,,/Volumes/web/nightingales/O_lurida/2bRAD_Dec2015/HC2-20_ACAGTG-GACGT_L001_R1_001.fastq.gz,http://owl.fish.washington.edu/nightingales/O_lurida/2bRAD_Dec2015/HC2-20_ACAGTG-GACGT_L001_R1_001.fastq.gz,,,,
HC2-3_TGACCA-CGTACG_L002,106,KES_1,,https://github.com/RobertsLab/project-olympia.oyster-genomic/wiki/2bRAD-Sequencing-December-2015,O_lurida,20151211,20151231,larvae,DNA,Illumina,,SE50,2bRAD,,,,Oly reciprocal transplant 2bRAD,,/Volumes/web/nightingales/O_lurida/2bRAD_Dec2015/HC2-3_TGACCA-CGTACG_L002_R1_001.fastq.gz,http://owl.fish.washington.edu/nightingales/O_lurida/2bRAD_Dec2015/HC2-3_TGACCA-CGTACG_L002_R1_001.fastq.gz,,,,
HC2-4_GGCTAC-TCAGCAC_L002,106,KES_1,,https://github.com/RobertsLab/project-olympia.oyster-genomic/wiki/2bRAD-Sequencing-December-2015,O_lurida,20151211,20151231,larvae,DNA,Illumina,,SE50,2bRAD,,,,Oly reciprocal transplant 2bRAD,,/Volumes/web/nightingales/O_lurida/2bRAD_Dec2015/HC2-4_GGCTAC-TCAGCAC_L002_R1_001.fastq.gz,http://owl.fish.washington.edu/nightingales/O_lurida/2bRAD_Dec2015/HC2-4_GGCTAC-TCAGCAC_L002_R1_001.fastq.gz,,,,
HC2-5_GATCAG-CGCTATG_L002,106,KES_1,,https://github.com/RobertsLab/project-olympia.oyster-genomic/wiki/2bRAD-Sequencing-December-2015,O_lurida,20151211,20151231,larvae,DNA,Illumina,,SE50,2bRAD,,,,Oly reciprocal transplant 2bRAD,,/Volumes/web/nightingales/O_lurida/2bRAD_Dec2015/HC2-5_GATCAG-CGCTATG_L002_R1_001.fastq.gz,http://owl.fish.washington.edu/nightingales/O_lurida/2bRAD_Dec2015/HC2-5_GATCAG-CGCTATG_L002_R1_001.fastq.gz,,,,
HC2-6_CAGATC-CGCTATG_L002,106,KES_1,,https://github.com/RobertsLab/project-olympia.oyster-genomic/wiki/2bRAD-Sequencing-December-2015,O_lurida,20151211,20151231,larvae,DNA,Illumina,,SE50,2bRAD,,,,Oly reciprocal transplant 2bRAD,,/Volumes/web/nightingales/O_lurida/2bRAD_Dec2015/HC2-6_CAGATC-CGCTATG_L002_R1_001.fastq.gz,http://owl.fish.washington.edu/nightingales/O_lurida/2bRAD_Dec2015/HC2-6_CAGATC-CGCTATG_L002_R1_001.fastq.gz,,,,
HC2-7_TTAGGC-TCATG_L002,106,KES_1,,https://github.com/RobertsLab/project-olympia.oyster-genomic/wiki/2bRAD-Sequencing-December-2015,O_lurida,20151211,20151231,larvae,DNA,Illumina,,SE50,2bRAD,,,,Oly reciprocal transplant 2bRAD,,/Volumes/web/nightingales/O_lurida/2bRAD_Dec2015/HC2-7_TTAGGC-TCATG_L002_R1_001.fastq.gz,http://owl.fish.washington.edu/nightingales/O_lurida/2bRAD_Dec2015/HC2-7_TTAGGC-TCATG_L002_R1_001.fastq.gz,,,,
HC2-8_GGCTAC-TCATG_L002,106,KES_1,,https://github.com/RobertsLab/project-olympia.oyster-genomic/wiki/2bRAD-Sequencing-December-2015,O_lurida,20151211,20151231,larvae,DNA,Illumina,,SE50,2bRAD,,,,Oly reciprocal transplant 2bRAD,,/Volumes/web/nightingales/O_lurida/2bRAD_Dec2015/HC2-8_GGCTAC-TCATG_L002_R1_001.fastq.gz,http://owl.fish.washington.edu/nightingales/O_lurida/2bRAD_Dec2015/HC2-8_GGCTAC-TCATG_L002_R1_001.fastq.gz,,,,
HC2-9_TGACCA-ATGCAT_L002,106,KES_2,,https://github.com/RobertsLab/project-olympia.oyster-genomic/wiki/2bRAD-Sequencing-December-2015,O_lurida,20151211,20151231,larvae,DNA,Illumina,,SE50,2bRAD,,,,Oly reciprocal transplant 2bRAD,,/Volumes/web/nightingales/O_lurida/2bRAD_Dec2015/HC2-9_TGACCA-ATGCAT_L002_R1_001.fastq.gz,http://owl.fish.washington.edu/nightingales/O_lurida/2bRAD_Dec2015/HC2-9_TGACCA-ATGCAT_L002_R1_001.fastq.gz,,,,
HC3-1_TTAGGC-ATGCAT_L001,106,KES_1,,https://github.com/RobertsLab/project-olympia.oyster-genomic/wiki/2bRAD-Sequencing-December-2015,O_lurida,20151211,20151231,larvae,DNA,Illumina,,SE50,2bRAD,,,,Oly reciprocal transplant 2bRAD,,/Volumes/web/nightingales/O_lurida/2bRAD_Dec2015/HC3-1_TTAGGC-ATGCAT_L001_R1_001.fastq.gz,http://owl.fish.washington.edu/nightingales/O_lurida/2bRAD_Dec2015/HC3-1_TTAGGC-ATGCAT_L001_R1_001.fastq.gz,,,,
HC3-10_GGCTAC-ATGCAT_L001,106,KES_1,,https://github.com/RobertsLab/project-olympia.oyster-genomic/wiki/2bRAD-Sequencing-December-2015,O_lurida,20151211,20151231,larvae,DNA,Illumina,,SE50,2bRAD,,,,Oly reciprocal transplant 2bRAD,,/Volumes/web/nightingales/O_lurida/2bRAD_Dec2015/HC3-10_GGCTAC-ATGCAT_L001_R1_001.fastq.gz,http://owl.fish.washington.edu/nightingales/O_lurida/2bRAD_Dec2015/HC3-10_GGCTAC-ATGCAT_L001_R1_001.fastq.gz,,,,
HC3-11_TTAGGC-ATGAGCAC_L001,106,KES_1,,https://github.com/RobertsLab/project-olympia.oyster-genomic/wiki/2bRAD-Sequencing-December-2015,O_lurida,20151211,20151231,larvae,DNA,Illumina,,SE50,2bRAD,,,,Oly reciprocal transplant 2bRAD,,/Volumes/web/nightingales/O_lurida/2bRAD_Dec2015/HC3-11_TTAGGC-ATGAGCAC_L001_R1_001.fastq.gz,http://owl.fish.washington.edu/nightingales/O_lurida/2bRAD_Dec2015/HC3-11_TTAGGC-ATGAGCAC_L001_R1_001.fastq.gz,,,,
HC3-12_TAGCTT-CGTACG_L001,106,KES_1,,https://github.com/RobertsLab/project-olympia.oyster-genomic/wiki/2bRAD-Sequencing-December-2015,O_lurida,20151211,20151231,larvae,DNA,Illumina,,SE50,2bRAD,,,,Oly reciprocal transplant 2bRAD,,/Volumes/web/nightingales/O_lurida/2bRAD_Dec2015/HC3-12_TAGCTT-CGTACG_L001_R1_001.fastq.gz,http://owl.fish.washington.edu/nightingales/O_lurida/2bRAD_Dec2015/HC3-12_TAGCTT-CGTACG_L001_R1_001.fastq.gz,,,,
HC3-13_CGATGT-CGTACG_L001,106,KES_1,,https://github.com/RobertsLab/project-olympia.oyster-genomic/wiki/2bRAD-Sequencing-December-2015,O_lurida,20151211,20151231,larvae,DNA,Illumina,,SE50,2bRAD,,,,Oly reciprocal transplant 2bRAD,,/Volumes/web/nightingales/O_lurida/2bRAD_Dec2015/HC3-13_CGATGT-CGTACG_L001_R1_001.fastq.gz,http://owl.fish.washington.edu/nightingales/O_lurida/2bRAD_Dec2015/HC3-13_CGATGT-CGTACG_L001_R1_001.fastq.gz,,,,
HC3-14_TTAGGC-GACGT_L001,106,KES_1,,https://github.com/RobertsLab/project-olympia.oyster-genomic/wiki/2bRAD-Sequencing-December-2015,O_lurida,20151211,20151231,larvae,DNA,Illumina,,SE50,2bRAD,,,,Oly reciprocal transplant 2bRAD,,/Volumes/web/nightingales/O_lurida/2bRAD_Dec2015/HC3-14_TTAGGC-GACGT_L001_R1_001.fastq.gz,http://owl.fish.washington.edu/nightingales/O_lurida/2bRAD_Dec2015/HC3-14_TTAGGC-GACGT_L001_R1_001.fastq.gz,,,,
HC3-15_ATCACG-CGTACG_L001,106,KES_2,,https://github.com/RobertsLab/project-olympia.oyster-genomic/wiki/2bRAD-Sequencing-December-2015,O_lurida,20151211,20151231,larvae,DNA,Illumina,,SE50,2bRAD,,,,Oly reciprocal transplant 2bRAD,,/Volumes/web/nightingales/O_lurida/2bRAD_Dec2015/HC3-15_ATCACG-CGTACG_L001_R1_001.fastq.gz,http://owl.fish.washington.edu/nightingales/O_lurida/2bRAD_Dec2015/HC3-15_ATCACG-CGTACG_L001_R1_001.fastq.gz,,,,
HC3-16_ATCACG-ATGAGCAC_L001,106,KES_2,,https://github.com/RobertsLab/project-olympia.oyster-genomic/wiki/2bRAD-Sequencing-December-2015,O_lurida,20151211,20151231,larvae,DNA,Illumina,,SE50,2bRAD,,,,Oly reciprocal transplant 2bRAD,,/Volumes/web/nightingales/O_lurida/2bRAD_Dec2015/HC3-16_ATCACG-ATGAGCAC_L001_R1_001.fastq.gz,http://owl.fish.washington.edu/nightingales/O_lurida/2bRAD_Dec2015/HC3-16_ATCACG-ATGAGCAC_L001_R1_001.fastq.gz,,,,
HC3-17_CAGATC-ATGAGCAC_L001,106,KES_2,,https://github.com/RobertsLab/project-olympia.oyster-genomic/wiki/2bRAD-Sequencing-December-2015,O_lurida,20151211,20151231,larvae,DNA,Illumina,,SE50,2bRAD,,,,Oly reciprocal transplant 2bRAD,,/Volumes/web/nightingales/O_lurida/2bRAD_Dec2015/HC3-17_CAGATC-ATGAGCAC_L001_R1_001.fastq.gz,http://owl.fish.washington.edu/nightingales/O_lurida/2bRAD_Dec2015/HC3-17_CAGATC-ATGAGCAC_L001_R1_001.fastq.gz,,,,
HC3-18_ACTTGA-CGTACG_L001,106,KES_2,,https://github.com/RobertsLab/project-olympia.oyster-genomic/wiki/2bRAD-Sequencing-December-2015,O_lurida,20151211,20151231,larvae,DNA,Illumina,,SE50,2bRAD,,,,Oly reciprocal transplant 2bRAD,,/Volumes/web/nightingales/O_lurida/2bRAD_Dec2015/HC3-18_ACTTGA-CGTACG_L001_R1_001.fastq.gz,http://owl.fish.washington.edu/nightingales/O_lurida/2bRAD_Dec2015/HC3-18_ACTTGA-CGTACG_L001_R1_001.fastq.gz,,,,
HC3-2_GATCAG-CGTACG_L001,106,KES_1,,https://github.com/RobertsLab/project-olympia.oyster-genomic/wiki/2bRAD-Sequencing-December-2015,O_lurida,20151211,20151231,larvae,DNA,Illumina,,SE50,2bRAD,,,,Oly reciprocal transplant 2bRAD,,/Volumes/web/nightingales/O_lurida/2bRAD_Dec2015/HC3-2_GATCAG-CGTACG_L001_R1_001.fastq.gz,http://owl.fish.washington.edu/nightingales/O_lurida/2bRAD_Dec2015/HC3-2_GATCAG-CGTACG_L001_R1_001.fastq.gz,,,,
HC3-3_GATCAG-GATCTCT_L001,106,KES_1,,https://github.com/RobertsLab/project-olympia.oyster-genomic/wiki/2bRAD-Sequencing-December-2015,O_lurida,20151211,20151231,larvae,DNA,Illumina,,SE50,2bRAD,,,,Oly reciprocal transplant 2bRAD,,/Volumes/web/nightingales/O_lurida/2bRAD_Dec2015/HC3-3_GATCAG-GATCTCT_L001_R1_001.fastq.gz,http://owl.fish.washington.edu/nightingales/O_lurida/2bRAD_Dec2015/HC3-3_GATCAG-GATCTCT_L001_R1_001.fastq.gz,,,,
HC3-4_ATCACG-ATGCAT_L001,106,KES_1,,https://github.com/RobertsLab/project-olympia.oyster-genomic/wiki/2bRAD-Sequencing-December-2015,O_lurida,20151211,20151231,larvae,DNA,Illumina,,SE50,2bRAD,,,,Oly reciprocal transplant 2bRAD,,/Volumes/web/nightingales/O_lurida/2bRAD_Dec2015/HC3-4_ATCACG-ATGCAT_L001_R1_001.fastq.gz,http://owl.fish.washington.edu/nightingales/O_lurida/2bRAD_Dec2015/HC3-4_ATCACG-ATGCAT_L001_R1_001.fastq.gz,,,,
HC3-5_TAGCTT-CGCTATG_L001,106,KES_1,,https://github.com/RobertsLab/project-olympia.oyster-genomic/wiki/2bRAD-Sequencing-December-2015,O_lurida,20151211,20151231,larvae,DNA,Illumina,,SE50,2bRAD,,,,Oly reciprocal transplant 2bRAD,,/Volumes/web/nightingales/O_lurida/2bRAD_Dec2015/HC3-5_TAGCTT-CGCTATG_L001_R1_001.fastq.gz,http://owl.fish.washington.edu/nightingales/O_lurida/2bRAD_Dec2015/HC3-5_TAGCTT-CGCTATG_L001_R1_001.fastq.gz,,,,
HC3-6_CGATGT-ATGAGCAC_L001,106,KES_1,,https://github.com/RobertsLab/project-olympia.oyster-genomic/wiki/2bRAD-Sequencing-December-2015,O_lurida,20151211,20151231,larvae,DNA,Illumina,,SE50,2bRAD,,,,Oly reciprocal transplant 2bRAD,,/Volumes/web/nightingales/O_lurida/2bRAD_Dec2015/HC3-6_CGATGT-ATGAGCAC_L001_R1_001.fastq.gz,http://owl.fish.washington.edu/nightingales/O_lurida/2bRAD_Dec2015/HC3-6_CGATGT-ATGAGCAC_L001_R1_001.fastq.gz,,,,
HC3-7_ACTTGA-TCAGCAC_L001,106,KES_1,,https://github.com/RobertsLab/project-olympia.oyster-genomic/wiki/2bRAD-Sequencing-December-2015,O_lurida,20151211,20151231,larvae,DNA,Illumina,,SE50,2bRAD,,,,Oly reciprocal transplant 2bRAD,,/Volumes/web/nightingales/O_lurida/2bRAD_Dec2015/HC3-7_ACTTGA-TCAGCAC_L001_R1_001.fastq.gz,http://owl.fish.washington.edu/nightingales/O_lurida/2bRAD_Dec2015/HC3-7_ACTTGA-TCAGCAC_L001_R1_001.fastq.gz,,,,
HC3-8_TAGCTT-TCATG_L001,106,KES_1,,https://github.com/RobertsLab/project-olympia.oyster-genomic/wiki/2bRAD-Sequencing-December-2015,O_lurida,20151211,20151231,larvae,DNA,Illumina,,SE50,2bRAD,,,,Oly reciprocal transplant 2bRAD,,/Volumes/web/nightingales/O_lurida/2bRAD_Dec2015/HC3-8_TAGCTT-TCATG_L001_R1_001.fastq.gz,http://owl.fish.washington.edu/nightingales/O_lurida/2bRAD_Dec2015/HC3-8_TAGCTT-TCATG_L001_R1_001.fastq.gz,,,,
HC3-9_ACAGTG-ATGAGCAC_L001,106,KES_1,,https://github.com/RobertsLab/project-olympia.oyster-genomic/wiki/2bRAD-Sequencing-December-2015,O_lurida,20151211,20151231,larvae,DNA,Illumina,,SE50,2bRAD,,,,Oly reciprocal transplant 2bRAD,,/Volumes/web/nightingales/O_lurida/2bRAD_Dec2015/HC3-9_ACAGTG-ATGAGCAC_L001_R1_001.fastq.gz,http://owl.fish.washington.edu/nightingales/O_lurida/2bRAD_Dec2015/HC3-9_ACAGTG-ATGAGCAC_L001_R1_001.fastq.gz,,,,
HC4-12A_CTTGTA-GATCTCT_L001,106,,,https://github.com/RobertsLab/project-olympia.oyster-genomic/wiki/2bRAD-Sequencing-December-2015,O_lurida,20151211,20151231,larvae,DNA,Illumina,,SE50,2bRAD,,,,Oly reciprocal transplant 2bRAD,,/Volumes/web/nightingales/O_lurida/2bRAD_Dec2015/HC4-12A_CTTGTA-GATCTCT_L001_R1_001.fastq.gz,http://owl.fish.washington.edu/nightingales/O_lurida/2bRAD_Dec2015/HC4-12A_CTTGTA-GATCTCT_L001_R1_001.fastq.gz,,,,
HC4-12w_GGCTAC-GACGT_L001,106,,,https://github.com/RobertsLab/project-olympia.oyster-genomic/wiki/2bRAD-Sequencing-December-2015,O_lurida,20151211,20151231,larvae,DNA,Illumina,,SE50,2bRAD,,,,Oly reciprocal transplant 2bRAD,,/Volumes/web/nightingales/O_lurida/2bRAD_Dec2015/HC4-12w_GGCTAC-GACGT_L001_R1_001.fastq.gz,http://owl.fish.washington.edu/nightingales/O_lurida/2bRAD_Dec2015/HC4-12w_GGCTAC-GACGT_L001_R1_001.fastq.gz,,,,
HC4-13A_GATCAG-TCAGCAC_L001,106,,,https://github.com/RobertsLab/project-olympia.oyster-genomic/wiki/2bRAD-Sequencing-December-2015,O_lurida,20151211,20151231,larvae,DNA,Illumina,,SE50,2bRAD,,,,Oly reciprocal transplant 2bRAD,,/Volumes/web/nightingales/O_lurida/2bRAD_Dec2015/HC4-13A_GATCAG-TCAGCAC_L001_R1_001.fastq.gz,http://owl.fish.washington.edu/nightingales/O_lurida/2bRAD_Dec2015/HC4-13A_GATCAG-TCAGCAC_L001_R1_001.fastq.gz,,,,
HC4-13w_CAGATC-GACGT_L001,106,,,https://github.com/RobertsLab/project-olympia.oyster-genomic/wiki/2bRAD-Sequencing-December-2015,O_lurida,20151211,20151231,larvae,DNA,Illumina,,SE50,2bRAD,,,,Oly reciprocal transplant 2bRAD,,/Volumes/web/nightingales/O_lurida/2bRAD_Dec2015/HC4-13w_CAGATC-GACGT_L001_R1_001.fastq.gz,http://owl.fish.washington.edu/nightingales/O_lurida/2bRAD_Dec2015/HC4-13w_CAGATC-GACGT_L001_R1_001.fastq.gz,,,,
HC4-14_ACTTGA-TCAGCAC_L001,106,KES_3,,https://github.com/RobertsLab/project-olympia.oyster-genomic/wiki/2bRAD-Sequencing-December-2015,O_lurida,20151211,20151231,larvae,DNA,Illumina,,SE50,2bRAD,,,,Oly reciprocal transplant 2bRAD,,/Volumes/web/nightingales/O_lurida/2bRAD_Dec2015/HC4-14_ACTTGA-TCAGCAC_L001_R1_001.fastq.gz,http://owl.fish.washington.edu/nightingales/O_lurida/2bRAD_Dec2015/HC4-14_ACTTGA-TCAGCAC_L001_R1_001.fastq.gz,,,,
HC4-15w_TTAGGC-TCAGCAC_L001,106,,,https://github.com/RobertsLab/project-olympia.oyster-genomic/wiki/2bRAD-Sequencing-December-2015,O_lurida,20151211,20151231,larvae,DNA,Illumina,,SE50,2bRAD,,,,Oly reciprocal transplant 2bRAD,,/Volumes/web/nightingales/O_lurida/2bRAD_Dec2015/HC4-15w_TTAGGC-TCAGCAC_L001_R1_001.fastq.gz,http://owl.fish.washington.edu/nightingales/O_lurida/2bRAD_Dec2015/HC4-15w_TTAGGC-TCAGCAC_L001_R1_001.fastq.gz,,,,
HC4-16_CTTGTA-ATGCAT_L001,106,KES_3,,https://github.com/RobertsLab/project-olympia.oyster-genomic/wiki/2bRAD-Sequencing-December-2015,O_lurida,20151211,20151231,larvae,DNA,Illumina,,SE50,2bRAD,,,,Oly reciprocal transplant 2bRAD,,/Volumes/web/nightingales/O_lurida/2bRAD_Dec2015/HC4-16_CTTGTA-ATGCAT_L001_R1_001.fastq.gz,http://owl.fish.washington.edu/nightingales/O_lurida/2bRAD_Dec2015/HC4-16_CTTGTA-ATGCAT_L001_R1_001.fastq.gz,,,,
HC4-17_ATCACG-CGCTATG_L001,106,KES_3,,https://github.com/RobertsLab/project-olympia.oyster-genomic/wiki/2bRAD-Sequencing-December-2015,O_lurida,20151211,20151231,larvae,DNA,Illumina,,SE50,2bRAD,,,,Oly reciprocal transplant 2bRAD,,/Volumes/web/nightingales/O_lurida/2bRAD_Dec2015/HC4-17_ATCACG-CGCTATG_L001_R1_001.fastq.gz,http://owl.fish.washington.edu/nightingales/O_lurida/2bRAD_Dec2015/HC4-17_ATCACG-CGCTATG_L001_R1_001.fastq.gz,,,,
HC4-18_TGACCA-TCATG_L001,106,KES_3,,https://github.com/RobertsLab/project-olympia.oyster-genomic/wiki/2bRAD-Sequencing-December-2015,O_lurida,20151211,20151231,larvae,DNA,Illumina,,SE50,2bRAD,,,,Oly reciprocal transplant 2bRAD,,/Volumes/web/nightingales/O_lurida/2bRAD_Dec2015/HC4-18_TGACCA-TCATG_L001_R1_001.fastq.gz,http://owl.fish.washington.edu/nightingales/O_lurida/2bRAD_Dec2015/HC4-18_TGACCA-TCATG_L001_R1_001.fastq.gz,,,,
HC4-19_GCCAAT-CGCTATG_L001,106,KES_3,,https://github.com/RobertsLab/project-olympia.oyster-genomic/wiki/2bRAD-Sequencing-December-2015,O_lurida,20151211,20151231,larvae,DNA,Illumina,,SE50,2bRAD,,,,Oly reciprocal transplant 2bRAD,,/Volumes/web/nightingales/O_lurida/2bRAD_Dec2015/HC4-19_GCCAAT-CGCTATG_L001_R1_001.fastq.gz,http://owl.fish.washington.edu/nightingales/O_lurida/2bRAD_Dec2015/HC4-19_GCCAAT-CGCTATG_L001_R1_001.fastq.gz,,,,
HC4-1A_ACAGTG-TCAGCAC_L002,106,,,https://github.com/RobertsLab/project-olympia.oyster-genomic/wiki/2bRAD-Sequencing-December-2015,O_lurida,20151211,20151231,larvae,DNA,Illumina,,SE50,2bRAD,,,,Oly reciprocal transplant 2bRAD,,/Volumes/web/nightingales/O_lurida/2bRAD_Dec2015/HC4-1A_ACAGTG-TCAGCAC_L002_R1_001.fastq.gz,http://owl.fish.washington.edu/nightingales/O_lurida/2bRAD_Dec2015/HC4-1A_ACAGTG-TCAGCAC_L002_R1_001.fastq.gz,,,,
HC4-1w_GATCAG-GACGT_L001,106,,,https://github.com/RobertsLab/project-olympia.oyster-genomic/wiki/2bRAD-Sequencing-December-2015,O_lurida,20151211,20151231,larvae,DNA,Illumina,,SE50,2bRAD,,,,Oly reciprocal transplant 2bRAD,,/Volumes/web/nightingales/O_lurida/2bRAD_Dec2015/HC4-1w_GATCAG-GACGT_L001_R1_001.fastq.gz,http://owl.fish.washington.edu/nightingales/O_lurida/2bRAD_Dec2015/HC4-1w_GATCAG-GACGT_L001_R1_001.fastq.gz,,,,
HC4-2_TGACCA-GATCTCT_L002,106,KES_2,,https://github.com/RobertsLab/project-olympia.oyster-genomic/wiki/2bRAD-Sequencing-December-2015,O_lurida,20151211,20151231,larvae,DNA,Illumina,,SE50,2bRAD,,,,Oly reciprocal transplant 2bRAD,,/Volumes/web/nightingales/O_lurida/2bRAD_Dec2015/HC4-2_TGACCA-GATCTCT_L002_R1_001.fastq.gz,http://owl.fish.washington.edu/nightingales/O_lurida/2bRAD_Dec2015/HC4-2_TGACCA-GATCTCT_L002_R1_001.fastq.gz,,,,
HC4-20_TAGCTT-ATGAGCAC_L001,106,KES_3,,https://github.com/RobertsLab/project-olympia.oyster-genomic/wiki/2bRAD-Sequencing-December-2015,O_lurida,20151211,20151231,larvae,DNA,Illumina,,SE50,2bRAD,,,,Oly reciprocal transplant 2bRAD,,/Volumes/web/nightingales/O_lurida/2bRAD_Dec2015/HC4-20_TAGCTT-ATGAGCAC_L001_R1_001.fastq.gz,http://owl.fish.washington.edu/nightingales/O_lurida/2bRAD_Dec2015/HC4-20_TAGCTT-ATGAGCAC_L001_R1_001.fastq.gz,,,,
HC4-3_ACTTGA-CGTACG_L002,106,KES_2,,https://github.com/RobertsLab/project-olympia.oyster-genomic/wiki/2bRAD-Sequencing-December-2015,O_lurida,20151211,20151231,larvae,DNA,Illumina,,SE50,2bRAD,,,,Oly reciprocal transplant 2bRAD,,/Volumes/web/nightingales/O_lurida/2bRAD_Dec2015/HC4-3_ACTTGA-CGTACG_L002_R1_001.fastq.gz,http://owl.fish.washington.edu/nightingales/O_lurida/2bRAD_Dec2015/HC4-3_ACTTGA-CGTACG_L002_R1_001.fastq.gz,,,,
HC4-4A_TGACCA-TCATG_L002,106,,,https://github.com/RobertsLab/project-olympia.oyster-genomic/wiki/2bRAD-Sequencing-December-2015,O_lurida,20151211,20151231,larvae,DNA,Illumina,,SE50,2bRAD,,,,Oly reciprocal transplant 2bRAD,,/Volumes/web/nightingales/O_lurida/2bRAD_Dec2015/HC4-4A_TGACCA-TCATG_L002_R1_001.fastq.gz,http://owl.fish.washington.edu/nightingales/O_lurida/2bRAD_Dec2015/HC4-4A_TGACCA-TCATG_L002_R1_001.fastq.gz,,,,
HC4-4B_CGATGT-TCATG_L002,106,,,https://github.com/RobertsLab/project-olympia.oyster-genomic/wiki/2bRAD-Sequencing-December-2015,O_lurida,20151211,20151231,larvae,DNA,Illumina,,SE50,2bRAD,,,,Oly reciprocal transplant 2bRAD,,/Volumes/web/nightingales/O_lurida/2bRAD_Dec2015/HC4-4B_CGATGT-TCATG_L002_R1_001.fastq.gz,http://owl.fish.washington.edu/nightingales/O_lurida/2bRAD_Dec2015/HC4-4B_CGATGT-TCATG_L002_R1_001.fastq.gz,,,,
HC4-5_ACAGTG-GATCTCT_L002,106,KES_2,,https://github.com/RobertsLab/project-olympia.oyster-genomic/wiki/2bRAD-Sequencing-December-2015,O_lurida,20151211,20151231,larvae,DNA,Illumina,,SE50,2bRAD,,,,Oly reciprocal transplant 2bRAD,,/Volumes/web/nightingales/O_lurida/2bRAD_Dec2015/HC4-5_ACAGTG-GATCTCT_L002_R1_001.fastq.gz,http://owl.fish.washington.edu/nightingales/O_lurida/2bRAD_Dec2015/HC4-5_ACAGTG-GATCTCT_L002_R1_001.fastq.gz,,,,
HC4-5w_ACAGTG-GACGT_L001,106,,,https://github.com/RobertsLab/project-olympia.oyster-genomic/wiki/2bRAD-Sequencing-December-2015,O_lurida,20151211,20151231,larvae,DNA,Illumina,,SE50,2bRAD,,,,Oly reciprocal transplant 2bRAD,,/Volumes/web/nightingales/O_lurida/2bRAD_Dec2015/HC4-5w_ACAGTG-GACGT_L001_R1_001.fastq.gz,http://owl.fish.washington.edu/nightingales/O_lurida/2bRAD_Dec2015/HC4-5w_ACAGTG-GACGT_L001_R1_001.fastq.gz,,,,
HC4-6_TGACCA-CGTACG_L001,106,KES_3,,https://github.com/RobertsLab/project-olympia.oyster-genomic/wiki/2bRAD-Sequencing-December-2015,O_lurida,20151211,20151231,larvae,DNA,Illumina,,SE50,2bRAD,,,,Oly reciprocal transplant 2bRAD,,/Volumes/web/nightingales/O_lurida/2bRAD_Dec2015/HC4-6_TGACCA-CGTACG_L001_R1_001.fastq.gz,http://owl.fish.washington.edu/nightingales/O_lurida/2bRAD_Dec2015/HC4-6_TGACCA-CGTACG_L001_R1_001.fastq.gz,,,,
HC4-9_CAGATC-GATCTCT_L001,106,KES_3,,https://github.com/RobertsLab/project-olympia.oyster-genomic/wiki/2bRAD-Sequencing-December-2015,O_lurida,20151211,20151231,larvae,DNA,Illumina,,SE50,2bRAD,,,,Oly reciprocal transplant 2bRAD,,/Volumes/web/nightingales/O_lurida/2bRAD_Dec2015/HC4-9_CAGATC-GATCTCT_L001_R1_001.fastq.gz,http://owl.fish.washington.edu/nightingales/O_lurida/2bRAD_Dec2015/HC4-9_CAGATC-GATCTCT_L001_R1_001.fastq.gz,,,,
HC5-10_TTAGGC-TCATG_L001,106,KES_4,,https://github.com/RobertsLab/project-olympia.oyster-genomic/wiki/2bRAD-Sequencing-December-2015,O_lurida,20151211,20151231,larvae,DNA,Illumina,,SE50,2bRAD,,,,Oly reciprocal transplant 2bRAD,,/Volumes/web/nightingales/O_lurida/2bRAD_Dec2015/HC5-10_TTAGGC-TCATG_L001_R1_001.fastq.gz,http://owl.fish.washington.edu/nightingales/O_lurida/2bRAD_Dec2015/HC5-10_TTAGGC-TCATG_L001_R1_001.fastq.gz,,,,
HC5-11_ACAGTG-GACGT_L001,106,KES_4,,https://github.com/RobertsLab/project-olympia.oyster-genomic/wiki/2bRAD-Sequencing-December-2015,O_lurida,20151211,20151231,larvae,DNA,Illumina,,SE50,2bRAD,,,,Oly reciprocal transplant 2bRAD,,/Volumes/web/nightingales/O_lurida/2bRAD_Dec2015/HC5-11_ACAGTG-GACGT_L001_R1_001.fastq.gz,http://owl.fish.washington.edu/nightingales/O_lurida/2bRAD_Dec2015/HC5-11_ACAGTG-GACGT_L001_R1_001.fastq.gz,,,,
HC5-12_ACAGTG-CGTACG_L001,106,KES_4,,https://github.com/RobertsLab/project-olympia.oyster-genomic/wiki/2bRAD-Sequencing-December-2015,O_lurida,20151211,20151231,larvae,DNA,Illumina,,SE50,2bRAD,,,,Oly reciprocal transplant 2bRAD,,/Volumes/web/nightingales/O_lurida/2bRAD_Dec2015/HC5-12_ACAGTG-CGTACG_L001_R1_001.fastq.gz,http://owl.fish.washington.edu/nightingales/O_lurida/2bRAD_Dec2015/HC5-12_ACAGTG-CGTACG_L001_R1_001.fastq.gz,,,,
HC5-13_CGATGT-GACGT_L001,106,KES_4,,https://github.com/RobertsLab/project-olympia.oyster-genomic/wiki/2bRAD-Sequencing-December-2015,O_lurida,20151211,20151231,larvae,DNA,Illumina,,SE50,2bRAD,,,,Oly reciprocal transplant 2bRAD,,/Volumes/web/nightingales/O_lurida/2bRAD_Dec2015/HC5-13_CGATGT-GACGT_L001_R1_001.fastq.gz,http://owl.fish.washington.edu/nightingales/O_lurida/2bRAD_Dec2015/HC5-13_CGATGT-GACGT_L001_R1_001.fastq.gz,,,,
HC5-14_ATCACG-TCAGCAC_L001,106,KES_4,,https://github.com/RobertsLab/project-olympia.oyster-genomic/wiki/2bRAD-Sequencing-December-2015,O_lurida,20151211,20151231,larvae,DNA,Illumina,,SE50,2bRAD,,,,Oly reciprocal transplant 2bRAD,,/Volumes/web/nightingales/O_lurida/2bRAD_Dec2015/HC5-14_ATCACG-TCAGCAC_L001_R1_001.fastq.gz,http://owl.fish.washington.edu/nightingales/O_lurida/2bRAD_Dec2015/HC5-14_ATCACG-TCAGCAC_L001_R1_001.fastq.gz,,,,
HC5-15_TAGCTT-CGTACG_L001,106,KES_4,,https://github.com/RobertsLab/project-olympia.oyster-genomic/wiki/2bRAD-Sequencing-December-2015,O_lurida,20151211,20151231,larvae,DNA,Illumina,,SE50,2bRAD,,,,Oly reciprocal transplant 2bRAD,,/Volumes/web/nightingales/O_lurida/2bRAD_Dec2015/HC5-15_TAGCTT-CGTACG_L001_R1_001.fastq.gz,http://owl.fish.washington.edu/nightingales/O_lurida/2bRAD_Dec2015/HC5-15_TAGCTT-CGTACG_L001_R1_001.fastq.gz,,,,
HC5-16_ACTTGA-ATGAGCAC_L001,106,KES_4,,https://github.com/RobertsLab/project-olympia.oyster-genomic/wiki/2bRAD-Sequencing-December-2015,O_lurida,20151211,20151231,larvae,DNA,Illumina,,SE50,2bRAD,,,,Oly reciprocal transplant 2bRAD,,/Volumes/web/nightingales/O_lurida/2bRAD_Dec2015/HC5-16_ACTTGA-ATGAGCAC_L001_R1_001.fastq.gz,http://owl.fish.washington.edu/nightingales/O_lurida/2bRAD_Dec2015/HC5-16_ACTTGA-ATGAGCAC_L001_R1_001.fastq.gz,,,,
HC5-1w_CTTGTA-TCAGCAC_L001,106,,,https://github.com/RobertsLab/project-olympia.oyster-genomic/wiki/2bRAD-Sequencing-December-2015,O_lurida,20151211,20151231,larvae,DNA,Illumina,,SE50,2bRAD,,,,Oly reciprocal transplant 2bRAD,,/Volumes/web/nightingales/O_lurida/2bRAD_Dec2015/HC5-1w_CTTGTA-TCAGCAC_L001_R1_001.fastq.gz,http://owl.fish.washington.edu/nightingales/O_lurida/2bRAD_Dec2015/HC5-1w_CTTGTA-TCAGCAC_L001_R1_001.fastq.gz,,,,
HC5-2_TGACCA-CGCTATG_L001,106,KES_4,,https://github.com/RobertsLab/project-olympia.oyster-genomic/wiki/2bRAD-Sequencing-December-2015,O_lurida,20151211,20151231,larvae,DNA,Illumina,,SE50,2bRAD,,,,Oly reciprocal transplant 2bRAD,,/Volumes/web/nightingales/O_lurida/2bRAD_Dec2015/HC5-2_TGACCA-CGCTATG_L001_R1_001.fastq.gz,http://owl.fish.washington.edu/nightingales/O_lurida/2bRAD_Dec2015/HC5-2_TGACCA-CGCTATG_L001_R1_001.fastq.gz,,,,
HC5-3_TGACCA-CGCTATG_L001,106,KES_4,,https://github.com/RobertsLab/project-olympia.oyster-genomic/wiki/2bRAD-Sequencing-December-2015,O_lurida,20151211,20151231,larvae,DNA,Illumina,,SE50,2bRAD,,,,Oly reciprocal transplant 2bRAD,,/Volumes/web/nightingales/O_lurida/2bRAD_Dec2015/HC5-3_TGACCA-CGCTATG_L001_R1_001.fastq.gz,http://owl.fish.washington.edu/nightingales/O_lurida/2bRAD_Dec2015/HC5-3_TGACCA-CGCTATG_L001_R1_001.fastq.gz,,,,
HC5-4_CAGATC-TCATG_L001,106,KES_4,,https://github.com/RobertsLab/project-olympia.oyster-genomic/wiki/2bRAD-Sequencing-December-2015,O_lurida,20151211,20151231,larvae,DNA,Illumina,,SE50,2bRAD,,,,Oly reciprocal transplant 2bRAD,,/Volumes/web/nightingales/O_lurida/2bRAD_Dec2015/HC5-4_CAGATC-TCATG_L001_R1_001.fastq.gz,http://owl.fish.washington.edu/nightingales/O_lurida/2bRAD_Dec2015/HC5-4_CAGATC-TCATG_L001_R1_001.fastq.gz,,,,
HC5-5_TAGCTT-ATGAGCAC_L001,106,KES_4,,https://github.com/RobertsLab/project-olympia.oyster-genomic/wiki/2bRAD-Sequencing-December-2015,O_lurida,20151211,20151231,larvae,DNA,Illumina,,SE50,2bRAD,,,,Oly reciprocal transplant 2bRAD,,/Volumes/web/nightingales/O_lurida/2bRAD_Dec2015/HC5-5_TAGCTT-ATGAGCAC_L001_R1_001.fastq.gz,http://owl.fish.washington.edu/nightingales/O_lurida/2bRAD_Dec2015/HC5-5_TAGCTT-ATGAGCAC_L001_R1_001.fastq.gz,,,,
HC5-6_CTTGTA-CGTACG_L001,106,KES_4,,https://github.com/RobertsLab/project-olympia.oyster-genomic/wiki/2bRAD-Sequencing-December-2015,O_lurida,20151211,20151231,larvae,DNA,Illumina,,SE50,2bRAD,,,,Oly reciprocal transplant 2bRAD,,/Volumes/web/nightingales/O_lurida/2bRAD_Dec2015/HC5-6_CTTGTA-CGTACG_L001_R1_001.fastq.gz,http://owl.fish.washington.edu/nightingales/O_lurida/2bRAD_Dec2015/HC5-6_CTTGTA-CGTACG_L001_R1_001.fastq.gz,,,,
HC5-7_TTAGGC-ATGCAT_L001,106,KES_4,,https://github.com/RobertsLab/project-olympia.oyster-genomic/wiki/2bRAD-Sequencing-December-2015,O_lurida,20151211,20151231,larvae,DNA,Illumina,,SE50,2bRAD,,,,Oly reciprocal transplant 2bRAD,,/Volumes/web/nightingales/O_lurida/2bRAD_Dec2015/HC5-7_TTAGGC-ATGCAT_L001_R1_001.fastq.gz,http://owl.fish.washington.edu/nightingales/O_lurida/2bRAD_Dec2015/HC5-7_TTAGGC-ATGCAT_L001_R1_001.fastq.gz,,,,
HC5-8_TGACCA-CGTACG_L001,106,KES_4,,https://github.com/RobertsLab/project-olympia.oyster-genomic/wiki/2bRAD-Sequencing-December-2015,O_lurida,20151211,20151231,larvae,DNA,Illumina,,SE50,2bRAD,,,,Oly reciprocal transplant 2bRAD,,/Volumes/web/nightingales/O_lurida/2bRAD_Dec2015/HC5-8_TGACCA-CGTACG_L001_R1_001.fastq.gz,http://owl.fish.washington.edu/nightingales/O_lurida/2bRAD_Dec2015/HC5-8_TGACCA-CGTACG_L001_R1_001.fastq.gz,,,,
HC5-9_GCCAAT-CGCTATG_L001,106,KES_4,,https://github.com/RobertsLab/project-olympia.oyster-genomic/wiki/2bRAD-Sequencing-December-2015,O_lurida,20151211,20151231,larvae,DNA,Illumina,,SE50,2bRAD,,,,Oly reciprocal transplant 2bRAD,,/Volumes/web/nightingales/O_lurida/2bRAD_Dec2015/HC5-9_GCCAAT-CGCTATG_L001_R1_001.fastq.gz,http://owl.fish.washington.edu/nightingales/O_lurida/2bRAD_Dec2015/HC5-9_GCCAAT-CGCTATG_L001_R1_001.fastq.gz,,,,
NF1-1_ATCACG-ATGCAT_L002,106,KES_2,,https://github.com/RobertsLab/project-olympia.oyster-genomic/wiki/2bRAD-Sequencing-December-2015,O_lurida,20151211,20151231,larvae,DNA,Illumina,,SE50,2bRAD,,,,Oly reciprocal transplant 2bRAD,,/Volumes/web/nightingales/O_lurida/2bRAD_Dec2015/NF1-1_ATCACG-ATGCAT_L002_R1_001.fastq.gz,http://owl.fish.washington.edu/nightingales/O_lurida/2bRAD_Dec2015/NF1-1_ATCACG-ATGCAT_L002_R1_001.fastq.gz,,,,
NF1-10_CTTGTA-TCAGCAC_L002,106,KES_2,,https://github.com/RobertsLab/project-olympia.oyster-genomic/wiki/2bRAD-Sequencing-December-2015,O_lurida,20151211,20151231,larvae,DNA,Illumina,,SE50,2bRAD,,,,Oly reciprocal transplant 2bRAD,,/Volumes/web/nightingales/O_lurida/2bRAD_Dec2015/NF1-10_CTTGTA-TCAGCAC_L002_R1_001.fastq.gz,http://owl.fish.washington.edu/nightingales/O_lurida/2bRAD_Dec2015/NF1-10_CTTGTA-TCAGCAC_L002_R1_001.fastq.gz,,,,
NF1-11_GCCAAT-GACGT_L002,106,KES_2,,https://github.com/RobertsLab/project-olympia.oyster-genomic/wiki/2bRAD-Sequencing-December-2015,O_lurida,20151211,20151231,larvae,DNA,Illumina,,SE50,2bRAD,,,,Oly reciprocal transplant 2bRAD,,/Volumes/web/nightingales/O_lurida/2bRAD_Dec2015/NF1-11_GCCAAT-GACGT_L002_R1_001.fastq.gz,http://owl.fish.washington.edu/nightingales/O_lurida/2bRAD_Dec2015/NF1-11_GCCAAT-GACGT_L002_R1_001.fastq.gz,,,,
NF1-12_ACTTGA-TCATG_L002,106,KES_2,,https://github.com/RobertsLab/project-olympia.oyster-genomic/wiki/2bRAD-Sequencing-December-2015,O_lurida,20151211,20151231,larvae,DNA,Illumina,,SE50,2bRAD,,,,Oly reciprocal transplant 2bRAD,,/Volumes/web/nightingales/O_lurida/2bRAD_Dec2015/NF1-12_ACTTGA-TCATG_L002_R1_001.fastq.gz,http://owl.fish.washington.edu/nightingales/O_lurida/2bRAD_Dec2015/NF1-12_ACTTGA-TCATG_L002_R1_001.fastq.gz,,,,
NF1-13_TAGCTT-TCAGCAC_L002,106,KES_2,,https://github.com/RobertsLab/project-olympia.oyster-genomic/wiki/2bRAD-Sequencing-December-2015,O_lurida,20151211,20151231,larvae,DNA,Illumina,,SE50,2bRAD,,,,Oly reciprocal transplant 2bRAD,,/Volumes/web/nightingales/O_lurida/2bRAD_Dec2015/NF1-13_TAGCTT-TCAGCAC_L002_R1_001.fastq.gz,http://owl.fish.washington.edu/nightingales/O_lurida/2bRAD_Dec2015/NF1-13_TAGCTT-TCAGCAC_L002_R1_001.fastq.gz,,,,
NF1-14A_ATCACG-ATGAGCAC_L002,106,KES_2,,https://github.com/RobertsLab/project-olympia.oyster-genomic/wiki/2bRAD-Sequencing-December-2015,O_lurida,20151211,20151231,larvae,DNA,Illumina,,SE50,2bRAD,,,,Oly reciprocal transplant 2bRAD,,/Volumes/web/nightingales/O_lurida/2bRAD_Dec2015/NF1-14A_ATCACG-ATGAGCAC_L002_R1_001.fastq.gz,http://owl.fish.washington.edu/nightingales/O_lurida/2bRAD_Dec2015/NF1-14A_ATCACG-ATGAGCAC_L002_R1_001.fastq.gz,,,,
NF1-14B_CAGATC-ATGCAT_L002,106,KES_2,,https://github.com/RobertsLab/project-olympia.oyster-genomic/wiki/2bRAD-Sequencing-December-2015,O_lurida,20151211,20151231,larvae,DNA,Illumina,,SE50,2bRAD,,,,Oly reciprocal transplant 2bRAD,,/Volumes/web/nightingales/O_lurida/2bRAD_Dec2015/NF1-14B_CAGATC-ATGCAT_L002_R1_001.fastq.gz,http://owl.fish.washington.edu/nightingales/O_lurida/2bRAD_Dec2015/NF1-14B_CAGATC-ATGCAT_L002_R1_001.fastq.gz,,,,
NF1-15_CAGATC-TCATG_L002,106,KES_2,,https://github.com/RobertsLab/project-olympia.oyster-genomic/wiki/2bRAD-Sequencing-December-2015,O_lurida,20151211,20151231,larvae,DNA,Illumina,,SE50,2bRAD,,,,Oly reciprocal transplant 2bRAD,,/Volumes/web/nightingales/O_lurida/2bRAD_Dec2015/NF1-15_CAGATC-TCATG_L002_R1_001.fastq.gz,http://owl.fish.washington.edu/nightingales/O_lurida/2bRAD_Dec2015/NF1-15_CAGATC-TCATG_L002_R1_001.fastq.gz,,,,
NF1-16_ACTTGA-GATCTCT_L002,106,KES_2,,https://github.com/RobertsLab/project-olympia.oyster-genomic/wiki/2bRAD-Sequencing-December-2015,O_lurida,20151211,20151231,larvae,DNA,Illumina,,SE50,2bRAD,,,,Oly reciprocal transplant 2bRAD,,/Volumes/web/nightingales/O_lurida/2bRAD_Dec2015/NF1-16_ACTTGA-GATCTCT_L002_R1_001.fastq.gz,http://owl.fish.washington.edu/nightingales/O_lurida/2bRAD_Dec2015/NF1-16_ACTTGA-GATCTCT_L002_R1_001.fastq.gz,,,,
NF1-17_GATCAG-ATGCAT_L002,106,KES_2,,https://github.com/RobertsLab/project-olympia.oyster-genomic/wiki/2bRAD-Sequencing-December-2015,O_lurida,20151211,20151231,larvae,DNA,Illumina,,SE50,2bRAD,,,,Oly reciprocal transplant 2bRAD,,/Volumes/web/nightingales/O_lurida/2bRAD_Dec2015/NF1-17_GATCAG-ATGCAT_L002_R1_001.fastq.gz,http://owl.fish.washington.edu/nightingales/O_lurida/2bRAD_Dec2015/NF1-17_GATCAG-ATGCAT_L002_R1_001.fastq.gz,,,,
NF1-18_TGACCA-ATGAGCAC_L002,106,KES_2,,https://github.com/RobertsLab/project-olympia.oyster-genomic/wiki/2bRAD-Sequencing-December-2015,O_lurida,20151211,20151231,larvae,DNA,Illumina,,SE50,2bRAD,,,,Oly reciprocal transplant 2bRAD,,/Volumes/web/nightingales/O_lurida/2bRAD_Dec2015/NF1-18_TGACCA-ATGAGCAC_L002_R1_001.fastq.gz,http://owl.fish.washington.edu/nightingales/O_lurida/2bRAD_Dec2015/NF1-18_TGACCA-ATGAGCAC_L002_R1_001.fastq.gz,,,,
NF1-19_GCCAAT-GATCTCT_L002,106,KES_2,,https://github.com/RobertsLab/project-olympia.oyster-genomic/wiki/2bRAD-Sequencing-December-2015,O_lurida,20151211,20151231,larvae,DNA,Illumina,,SE50,2bRAD,,,,Oly reciprocal transplant 2bRAD,,/Volumes/web/nightingales/O_lurida/2bRAD_Dec2015/NF1-19_GCCAAT-GATCTCT_L002_R1_001.fastq.gz,http://owl.fish.washington.edu/nightingales/O_lurida/2bRAD_Dec2015/NF1-19_GCCAAT-GATCTCT_L002_R1_001.fastq.gz,,,,
NF1-2_TGACCA-TCATG_L001,106,KES_2,,https://github.com/RobertsLab/project-olympia.oyster-genomic/wiki/2bRAD-Sequencing-December-2015,O_lurida,20151211,20151231,larvae,DNA,Illumina,,SE50,2bRAD,,,,Oly reciprocal transplant 2bRAD,,/Volumes/web/nightingales/O_lurida/2bRAD_Dec2015/NF1-2_TGACCA-TCATG_L001_R1_001.fastq.gz,http://owl.fish.washington.edu/nightingales/O_lurida/2bRAD_Dec2015/NF1-2_TGACCA-TCATG_L001_R1_001.fastq.gz,,,,
NF1-20_TTAGGC-CGTACG_L002,106,KES_2,,https://github.com/RobertsLab/project-olympia.oyster-genomic/wiki/2bRAD-Sequencing-December-2015,O_lurida,20151211,20151231,larvae,DNA,Illumina,,SE50,2bRAD,,,,Oly reciprocal transplant 2bRAD,,/Volumes/web/nightingales/O_lurida/2bRAD_Dec2015/NF1-20_TTAGGC-CGTACG_L002_R1_001.fastq.gz,http://owl.fish.washington.edu/nightingales/O_lurida/2bRAD_Dec2015/NF1-20_TTAGGC-CGTACG_L002_R1_001.fastq.gz,,,,
NF1-21_ACAGTG-CGCTATG_L001,106,KES_3,,https://github.com/RobertsLab/project-olympia.oyster-genomic/wiki/2bRAD-Sequencing-December-2015,O_lurida,20151211,20151231,larvae,DNA,Illumina,,SE50,2bRAD,,,,Oly reciprocal transplant 2bRAD,,/Volumes/web/nightingales/O_lurida/2bRAD_Dec2015/NF1-21_ACAGTG-CGCTATG_L001_R1_001.fastq.gz,http://owl.fish.washington.edu/nightingales/O_lurida/2bRAD_Dec2015/NF1-21_ACAGTG-CGCTATG_L001_R1_001.fastq.gz,,,,
NF1-3_ACTTGA-CGTACG_L001,106,KES_2,,https://github.com/RobertsLab/project-olympia.oyster-genomic/wiki/2bRAD-Sequencing-December-2015,O_lurida,20151211,20151231,larvae,DNA,Illumina,,SE50,2bRAD,,,,Oly reciprocal transplant 2bRAD,,/Volumes/web/nightingales/O_lurida/2bRAD_Dec2015/NF1-3_ACTTGA-CGTACG_L001_R1_001.fastq.gz,http://owl.fish.washington.edu/nightingales/O_lurida/2bRAD_Dec2015/NF1-3_ACTTGA-CGTACG_L001_R1_001.fastq.gz,,,,
NF1-7_ACAGTG-ATGAGCAC_L001,106,KES_2,,https://github.com/RobertsLab/project-olympia.oyster-genomic/wiki/2bRAD-Sequencing-December-2015,O_lurida,20151211,20151231,larvae,DNA,Illumina,,SE50,2bRAD,,,,Oly reciprocal transplant 2bRAD,,/Volumes/web/nightingales/O_lurida/2bRAD_Dec2015/NF1-7_ACAGTG-ATGAGCAC_L001_R1_001.fastq.gz,http://owl.fish.washington.edu/nightingales/O_lurida/2bRAD_Dec2015/NF1-7_ACAGTG-ATGAGCAC_L001_R1_001.fastq.gz,,,,
NF1-8_GATCAG-TCAGCAC_L001,106,KES_2,,https://github.com/RobertsLab/project-olympia.oyster-genomic/wiki/2bRAD-Sequencing-December-2015,O_lurida,20151211,20151231,larvae,DNA,Illumina,,SE50,2bRAD,,,,Oly reciprocal transplant 2bRAD,,/Volumes/web/nightingales/O_lurida/2bRAD_Dec2015/NF1-8_GATCAG-TCAGCAC_L001_R1_001.fastq.gz,http://owl.fish.washington.edu/nightingales/O_lurida/2bRAD_Dec2015/NF1-8_GATCAG-TCAGCAC_L001_R1_001.fastq.gz,,,,
NF1-9_ACTTGA-TCAGCAC_L002,106,KES_2,,https://github.com/RobertsLab/project-olympia.oyster-genomic/wiki/2bRAD-Sequencing-December-2015,O_lurida,20151211,20151231,larvae,DNA,Illumina,,SE50,2bRAD,,,,Oly reciprocal transplant 2bRAD,,/Volumes/web/nightingales/O_lurida/2bRAD_Dec2015/NF1-9_ACTTGA-TCAGCAC_L002_R1_001.fastq.gz,http://owl.fish.washington.edu/nightingales/O_lurida/2bRAD_Dec2015/NF1-9_ACTTGA-TCAGCAC_L002_R1_001.fastq.gz,,,,
NF2-1_TTAGGC-CGCTATG_L001,106,KES_1,,https://github.com/RobertsLab/project-olympia.oyster-genomic/wiki/2bRAD-Sequencing-December-2015,O_lurida,20151211,20151231,larvae,DNA,Illumina,,SE50,2bRAD,,,,Oly reciprocal transplant 2bRAD,,/Volumes/web/nightingales/O_lurida/2bRAD_Dec2015/NF2-1_TTAGGC-CGCTATG_L001_R1_001.fastq.gz,http://owl.fish.washington.edu/nightingales/O_lurida/2bRAD_Dec2015/NF2-1_TTAGGC-CGCTATG_L001_R1_001.fastq.gz,,,,
NF2-10-SS_GGCTAC-CGCTATG_L001,106,KES_1,,https://github.com/RobertsLab/project-olympia.oyster-genomic/wiki/2bRAD-Sequencing-December-2015,O_lurida,20151211,20151231,larvae,DNA,Illumina,,SE50,2bRAD,,,,Oly reciprocal transplant 2bRAD,,/Volumes/web/nightingales/O_lurida/2bRAD_Dec2015/NF2-10-SS_GGCTAC-CGCTATG_L001_R1_001.fastq.gz,http://owl.fish.washington.edu/nightingales/O_lurida/2bRAD_Dec2015/NF2-10-SS_GGCTAC-CGCTATG_L001_R1_001.fastq.gz,,,,
NF2-11-SS_CTTGTA-GACGT_L001,106,KES_1,,https://github.com/RobertsLab/project-olympia.oyster-genomic/wiki/2bRAD-Sequencing-December-2015,O_lurida,20151211,20151231,larvae,DNA,Illumina,,SE50,2bRAD,,,,Oly reciprocal transplant 2bRAD,,/Volumes/web/nightingales/O_lurida/2bRAD_Dec2015/NF2-11-SS_CTTGTA-GACGT_L001_R1_001.fastq.gz,http://owl.fish.washington.edu/nightingales/O_lurida/2bRAD_Dec2015/NF2-11-SS_CTTGTA-GACGT_L001_R1_001.fastq.gz,,,,
NF2-12_GATCAG-ATGAGCAC_L001,106,KES_1,,https://github.com/RobertsLab/project-olympia.oyster-genomic/wiki/2bRAD-Sequencing-December-2015,O_lurida,20151211,20151231,larvae,DNA,Illumina,,SE50,2bRAD,,,,Oly reciprocal transplant 2bRAD,,/Volumes/web/nightingales/O_lurida/2bRAD_Dec2015/NF2-12_GATCAG-ATGAGCAC_L001_R1_001.fastq.gz,http://owl.fish.washington.edu/nightingales/O_lurida/2bRAD_Dec2015/NF2-12_GATCAG-ATGAGCAC_L001_R1_001.fastq.gz,,,,
NF2-13_TGACCA-GACGT_L001,106,KES_1,,https://github.com/RobertsLab/project-olympia.oyster-genomic/wiki/2bRAD-Sequencing-December-2015,O_lurida,20151211,20151231,larvae,DNA,Illumina,,SE50,2bRAD,,,,Oly reciprocal transplant 2bRAD,,/Volumes/web/nightingales/O_lurida/2bRAD_Dec2015/NF2-13_TGACCA-GACGT_L001_R1_001.fastq.gz,http://owl.fish.washington.edu/nightingales/O_lurida/2bRAD_Dec2015/NF2-13_TGACCA-GACGT_L001_R1_001.fastq.gz,,,,
NF2-15_GGCTAC-GACGT_L001,106,KES_1,,https://github.com/RobertsLab/project-olympia.oyster-genomic/wiki/2bRAD-Sequencing-December-2015,O_lurida,20151211,20151231,larvae,DNA,Illumina,,SE50,2bRAD,,,,Oly reciprocal transplant 2bRAD,,/Volumes/web/nightingales/O_lurida/2bRAD_Dec2015/NF2-15_GGCTAC-GACGT_L001_R1_001.fastq.gz,http://owl.fish.washington.edu/nightingales/O_lurida/2bRAD_Dec2015/NF2-15_GGCTAC-GACGT_L001_R1_001.fastq.gz,,,,
NF2-16_CGATGT-GACGT_L001,106,KES_1,,https://github.com/RobertsLab/project-olympia.oyster-genomic/wiki/2bRAD-Sequencing-December-2015,O_lurida,20151211,20151231,larvae,DNA,Illumina,,SE50,2bRAD,,,,Oly reciprocal transplant 2bRAD,,/Volumes/web/nightingales/O_lurida/2bRAD_Dec2015/NF2-16_CGATGT-GACGT_L001_R1_001.fastq.gz,http://owl.fish.washington.edu/nightingales/O_lurida/2bRAD_Dec2015/NF2-16_CGATGT-GACGT_L001_R1_001.fastq.gz,,,,
NF2-17_GATCAG-ATGAGCAC_L001,106,KES_2,,https://github.com/RobertsLab/project-olympia.oyster-genomic/wiki/2bRAD-Sequencing-December-2015,O_lurida,20151211,20151231,larvae,DNA,Illumina,,SE50,2bRAD,,,,Oly reciprocal transplant 2bRAD,,/Volumes/web/nightingales/O_lurida/2bRAD_Dec2015/NF2-17_GATCAG-ATGAGCAC_L001_R1_001.fastq.gz,http://owl.fish.washington.edu/nightingales/O_lurida/2bRAD_Dec2015/NF2-17_GATCAG-ATGAGCAC_L001_R1_001.fastq.gz,,,,
NF2-18A_ACTTGA-GATCTCT_L001,106,KES_3,,https://github.com/RobertsLab/project-olympia.oyster-genomic/wiki/2bRAD-Sequencing-December-2015,O_lurida,20151211,20151231,larvae,DNA,Illumina,,SE50,2bRAD,,,,Oly reciprocal transplant 2bRAD,,/Volumes/web/nightingales/O_lurida/2bRAD_Dec2015/NF2-18A_ACTTGA-GATCTCT_L001_R1_001.fastq.gz,http://owl.fish.washington.edu/nightingales/O_lurida/2bRAD_Dec2015/NF2-18A_ACTTGA-GATCTCT_L001_R1_001.fastq.gz,,,,
NF2-18B_GATCAG-GATCTCT_L001,106,KES_4,,https://github.com/RobertsLab/project-olympia.oyster-genomic/wiki/2bRAD-Sequencing-December-2015,O_lurida,20151211,20151231,larvae,DNA,Illumina,,SE50,2bRAD,,,,Oly reciprocal transplant 2bRAD,,/Volumes/web/nightingales/O_lurida/2bRAD_Dec2015/NF2-18B_GATCAG-GATCTCT_L001_R1_001.fastq.gz,http://owl.fish.washington.edu/nightingales/O_lurida/2bRAD_Dec2015/NF2-18B_GATCAG-GATCTCT_L001_R1_001.fastq.gz,,,,
NF2-19_CTTGTA-GATCTCT_L001,106,KES_4,,https://github.com/RobertsLab/project-olympia.oyster-genomic/wiki/2bRAD-Sequencing-December-2015,O_lurida,20151211,20151231,larvae,DNA,Illumina,,SE50,2bRAD,,,,Oly reciprocal transplant 2bRAD,,/Volumes/web/nightingales/O_lurida/2bRAD_Dec2015/NF2-19_CTTGTA-GATCTCT_L001_R1_001.fastq.gz,http://owl.fish.washington.edu/nightingales/O_lurida/2bRAD_Dec2015/NF2-19_CTTGTA-GATCTCT_L001_R1_001.fastq.gz,,,,
NF2-2_TTAGGC-CGTACG_L001,106,KES_1,,https://github.com/RobertsLab/project-olympia.oyster-genomic/wiki/2bRAD-Sequencing-December-2015,O_lurida,20151211,20151231,larvae,DNA,Illumina,,SE50,2bRAD,,,,Oly reciprocal transplant 2bRAD,,/Volumes/web/nightingales/O_lurida/2bRAD_Dec2015/NF2-2_TTAGGC-CGTACG_L001_R1_001.fastq.gz,http://owl.fish.washington.edu/nightingales/O_lurida/2bRAD_Dec2015/NF2-2_TTAGGC-CGTACG_L001_R1_001.fastq.gz,,,,
NF2-20_ACAGTG-TCAGCAC_L001,106,KES_4,,https://github.com/RobertsLab/project-olympia.oyster-genomic/wiki/2bRAD-Sequencing-December-2015,O_lurida,20151211,20151231,larvae,DNA,Illumina,,SE50,2bRAD,,,,Oly reciprocal transplant 2bRAD,,/Volumes/web/nightingales/O_lurida/2bRAD_Dec2015/NF2-20_ACAGTG-TCAGCAC_L001_R1_001.fastq.gz,http://owl.fish.washington.edu/nightingales/O_lurida/2bRAD_Dec2015/NF2-20_ACAGTG-TCAGCAC_L001_R1_001.fastq.gz,,,,
NF2-3_GCCAAT-GACGT_L001,106,KES_1,,https://github.com/RobertsLab/project-olympia.oyster-genomic/wiki/2bRAD-Sequencing-December-2015,O_lurida,20151211,20151231,larvae,DNA,Illumina,,SE50,2bRAD,,,,Oly reciprocal transplant 2bRAD,,/Volumes/web/nightingales/O_lurida/2bRAD_Dec2015/NF2-3_GCCAAT-GACGT_L001_R1_001.fastq.gz,http://owl.fish.washington.edu/nightingales/O_lurida/2bRAD_Dec2015/NF2-3_GCCAAT-GACGT_L001_R1_001.fastq.gz,,,,
NF2-4_CTTGTA-TCAGCAC_L001,106,KES_1,,https://github.com/RobertsLab/project-olympia.oyster-genomic/wiki/2bRAD-Sequencing-December-2015,O_lurida,20151211,20151231,larvae,DNA,Illumina,,SE50,2bRAD,,,,Oly reciprocal transplant 2bRAD,,/Volumes/web/nightingales/O_lurida/2bRAD_Dec2015/NF2-4_CTTGTA-TCAGCAC_L001_R1_001.fastq.gz,http://owl.fish.washington.edu/nightingales/O_lurida/2bRAD_Dec2015/NF2-4_CTTGTA-TCAGCAC_L001_R1_001.fastq.gz,,,,
NF2-5_TAGCTT-GATCTCT_L001,106,KES_1,,https://github.com/RobertsLab/project-olympia.oyster-genomic/wiki/2bRAD-Sequencing-December-2015,O_lurida,20151211,20151231,larvae,DNA,Illumina,,SE50,2bRAD,,,,Oly reciprocal transplant 2bRAD,,/Volumes/web/nightingales/O_lurida/2bRAD_Dec2015/NF2-5_TAGCTT-GATCTCT_L001_R1_001.fastq.gz,http://owl.fish.washington.edu/nightingales/O_lurida/2bRAD_Dec2015/NF2-5_TAGCTT-GATCTCT_L001_R1_001.fastq.gz,,,,
NF2-6A_TGACCA-CGTACG_L001,106,KES_1,,https://github.com/RobertsLab/project-olympia.oyster-genomic/wiki/2bRAD-Sequencing-December-2015,O_lurida,20151211,20151231,larvae,DNA,Illumina,,SE50,2bRAD,,,,Oly reciprocal transplant 2bRAD,,/Volumes/web/nightingales/O_lurida/2bRAD_Dec2015/NF2-6A_TGACCA-CGTACG_L001_R1_001.fastq.gz,http://owl.fish.washington.edu/nightingales/O_lurida/2bRAD_Dec2015/NF2-6A_TGACCA-CGTACG_L001_R1_001.fastq.gz,,,,
NF2-6B_GATCAG-GACGT_L002,106,KES_1,,https://github.com/RobertsLab/project-olympia.oyster-genomic/wiki/2bRAD-Sequencing-December-2015,O_lurida,20151211,20151231,larvae,DNA,Illumina,,SE50,2bRAD,,,,Oly reciprocal transplant 2bRAD,,/Volumes/web/nightingales/O_lurida/2bRAD_Dec2015/NF2-6B_GATCAG-GACGT_L002_R1_001.fastq.gz,http://owl.fish.washington.edu/nightingales/O_lurida/2bRAD_Dec2015/NF2-6B_GATCAG-GACGT_L002_R1_001.fastq.gz,,,,
NF2-6C_GGCTAC-CGTACG_L001,106,KES_1,,https://github.com/RobertsLab/project-olympia.oyster-genomic/wiki/2bRAD-Sequencing-December-2015,O_lurida,20151211,20151231,larvae,DNA,Illumina,,SE50,2bRAD,,,,Oly reciprocal transplant 2bRAD,,/Volumes/web/nightingales/O_lurida/2bRAD_Dec2015/NF2-6C_GGCTAC-CGTACG_L001_R1_001.fastq.gz,http://owl.fish.washington.edu/nightingales/O_lurida/2bRAD_Dec2015/NF2-6C_GGCTAC-CGTACG_L001_R1_001.fastq.gz,,,,
NF2-6D_GGCTAC-CGTACG_L001,106,KES_1,,https://github.com/RobertsLab/project-olympia.oyster-genomic/wiki/2bRAD-Sequencing-December-2015,O_lurida,20151211,20151231,larvae,DNA,Illumina,,SE50,2bRAD,,,,Oly reciprocal transplant 2bRAD,,/Volumes/web/nightingales/O_lurida/2bRAD_Dec2015/NF2-6D_GGCTAC-CGTACG_L001_R1_001.fastq.gz,http://owl.fish.washington.edu/nightingales/O_lurida/2bRAD_Dec2015/NF2-6D_GGCTAC-CGTACG_L001_R1_001.fastq.gz,,,,
NF2-9_CGATGT-ATGCAT_L001,106,KES_1,,https://github.com/RobertsLab/project-olympia.oyster-genomic/wiki/2bRAD-Sequencing-December-2015,O_lurida,20151211,20151231,larvae,DNA,Illumina,,SE50,2bRAD,,,,Oly reciprocal transplant 2bRAD,,/Volumes/web/nightingales/O_lurida/2bRAD_Dec2015/NF2-9_CGATGT-ATGCAT_L001_R1_001.fastq.gz,http://owl.fish.washington.edu/nightingales/O_lurida/2bRAD_Dec2015/NF2-9_CGATGT-ATGCAT_L001_R1_001.fastq.gz,,,,
NF3-1_ACTTGA-GACGT_L001,106,KES_1,,https://github.com/RobertsLab/project-olympia.oyster-genomic/wiki/2bRAD-Sequencing-December-2015,O_lurida,20151211,20151231,larvae,DNA,Illumina,,SE50,2bRAD,,,,Oly reciprocal transplant 2bRAD,,/Volumes/web/nightingales/O_lurida/2bRAD_Dec2015/NF3-1_ACTTGA-GACGT_L001_R1_001.fastq.gz,http://owl.fish.washington.edu/nightingales/O_lurida/2bRAD_Dec2015/NF3-1_ACTTGA-GACGT_L001_R1_001.fastq.gz,,,,
NF3-10_CTTGTA-CGTACG_L002,106,KES_2,,https://github.com/RobertsLab/project-olympia.oyster-genomic/wiki/2bRAD-Sequencing-December-2015,O_lurida,20151211,20151231,larvae,DNA,Illumina,,SE50,2bRAD,,,,Oly reciprocal transplant 2bRAD,,/Volumes/web/nightingales/O_lurida/2bRAD_Dec2015/NF3-10_CTTGTA-CGTACG_L002_R1_001.fastq.gz,http://owl.fish.washington.edu/nightingales/O_lurida/2bRAD_Dec2015/NF3-10_CTTGTA-CGTACG_L002_R1_001.fastq.gz,,,,
NF3-11_CTTGTA-TCATG_L002,106,KES_2,,https://github.com/RobertsLab/project-olympia.oyster-genomic/wiki/2bRAD-Sequencing-December-2015,O_lurida,20151211,20151231,larvae,DNA,Illumina,,SE50,2bRAD,,,,Oly reciprocal transplant 2bRAD,,/Volumes/web/nightingales/O_lurida/2bRAD_Dec2015/NF3-11_CTTGTA-TCATG_L002_R1_001.fastq.gz,http://owl.fish.washington.edu/nightingales/O_lurida/2bRAD_Dec2015/NF3-11_CTTGTA-TCATG_L002_R1_001.fastq.gz,,,,
NF3-12_TGACCA-CGCTATG_L002,106,KES_3,,https://github.com/RobertsLab/project-olympia.oyster-genomic/wiki/2bRAD-Sequencing-December-2015,O_lurida,20151211,20151231,larvae,DNA,Illumina,,SE50,2bRAD,,,,Oly reciprocal transplant 2bRAD,,/Volumes/web/nightingales/O_lurida/2bRAD_Dec2015/NF3-12_TGACCA-CGCTATG_L002_R1_001.fastq.gz,http://owl.fish.washington.edu/nightingales/O_lurida/2bRAD_Dec2015/NF3-12_TGACCA-CGCTATG_L002_R1_001.fastq.gz,,,,
NF3-13_CGATGT-ATGCAT_L002,106,KES_3,,https://github.com/RobertsLab/project-olympia.oyster-genomic/wiki/2bRAD-Sequencing-December-2015,O_lurida,20151211,20151231,larvae,DNA,Illumina,,SE50,2bRAD,,,,Oly reciprocal transplant 2bRAD,,/Volumes/web/nightingales/O_lurida/2bRAD_Dec2015/NF3-13_CGATGT-ATGCAT_L002_R1_001.fastq.gz,http://owl.fish.washington.edu/nightingales/O_lurida/2bRAD_Dec2015/NF3-13_CGATGT-ATGCAT_L002_R1_001.fastq.gz,,,,
NF3-14_ACTTGA-CGCTATG_L002,106,KES_3,,https://github.com/RobertsLab/project-olympia.oyster-genomic/wiki/2bRAD-Sequencing-December-2015,O_lurida,20151211,20151231,larvae,DNA,Illumina,,SE50,2bRAD,,,,Oly reciprocal transplant 2bRAD,,/Volumes/web/nightingales/O_lurida/2bRAD_Dec2015/NF3-14_ACTTGA-CGCTATG_L002_R1_001.fastq.gz,http://owl.fish.washington.edu/nightingales/O_lurida/2bRAD_Dec2015/NF3-14_ACTTGA-CGCTATG_L002_R1_001.fastq.gz,,,,
NF3-15_GATCAG-ATGCAT_L001,106,KES_3,,https://github.com/RobertsLab/project-olympia.oyster-genomic/wiki/2bRAD-Sequencing-December-2015,O_lurida,20151211,20151231,larvae,DNA,Illumina,,SE50,2bRAD,,,,Oly reciprocal transplant 2bRAD,,/Volumes/web/nightingales/O_lurida/2bRAD_Dec2015/NF3-15_GATCAG-ATGCAT_L001_R1_001.fastq.gz,http://owl.fish.washington.edu/nightingales/O_lurida/2bRAD_Dec2015/NF3-15_GATCAG-ATGCAT_L001_R1_001.fastq.gz,,,,
NF3-16_GCCAAT-ATGCAT_L001,106,KES_3,,https://github.com/RobertsLab/project-olympia.oyster-genomic/wiki/2bRAD-Sequencing-December-2015,O_lurida,20151211,20151231,larvae,DNA,Illumina,,SE50,2bRAD,,,,Oly reciprocal transplant 2bRAD,,/Volumes/web/nightingales/O_lurida/2bRAD_Dec2015/NF3-16_GCCAAT-ATGCAT_L001_R1_001.fastq.gz,http://owl.fish.washington.edu/nightingales/O_lurida/2bRAD_Dec2015/NF3-16_GCCAAT-ATGCAT_L001_R1_001.fastq.gz,,,,
NF3-17_CGATGT-CGTACG_L001,106,KES_3,,https://github.com/RobertsLab/project-olympia.oyster-genomic/wiki/2bRAD-Sequencing-December-2015,O_lurida,20151211,20151231,larvae,DNA,Illumina,,SE50,2bRAD,,,,Oly reciprocal transplant 2bRAD,,/Volumes/web/nightingales/O_lurida/2bRAD_Dec2015/NF3-17_CGATGT-CGTACG_L001_R1_001.fastq.gz,http://owl.fish.washington.edu/nightingales/O_lurida/2bRAD_Dec2015/NF3-17_CGATGT-CGTACG_L001_R1_001.fastq.gz,,,,
NF3-18_ACAGTG-ATGAGCAC_L001,106,KES_4,,https://github.com/RobertsLab/project-olympia.oyster-genomic/wiki/2bRAD-Sequencing-December-2015,O_lurida,20151211,20151231,larvae,DNA,Illumina,,SE50,2bRAD,,,,Oly reciprocal transplant 2bRAD,,/Volumes/web/nightingales/O_lurida/2bRAD_Dec2015/NF3-18_ACAGTG-ATGAGCAC_L001_R1_001.fastq.gz,http://owl.fish.washington.edu/nightingales/O_lurida/2bRAD_Dec2015/NF3-18_ACAGTG-ATGAGCAC_L001_R1_001.fastq.gz,,,,
NF3-19_GCCAAT-ATGAGCAC_L001,106,KES_4,,https://github.com/RobertsLab/project-olympia.oyster-genomic/wiki/2bRAD-Sequencing-December-2015,O_lurida,20151211,20151231,larvae,DNA,Illumina,,SE50,2bRAD,,,,Oly reciprocal transplant 2bRAD,,/Volumes/web/nightingales/O_lurida/2bRAD_Dec2015/NF3-19_GCCAAT-ATGAGCAC_L001_R1_001.fastq.gz,http://owl.fish.washington.edu/nightingales/O_lurida/2bRAD_Dec2015/NF3-19_GCCAAT-ATGAGCAC_L001_R1_001.fastq.gz,,,,
NF3-2_ACTTGA-CGCTATG_L001,106,,,https://github.com/RobertsLab/project-olympia.oyster-genomic/wiki/2bRAD-Sequencing-December-2015,O_lurida,20151211,20151231,larvae,DNA,Illumina,,SE50,2bRAD,,,,Oly reciprocal transplant 2bRAD,,/Volumes/web/nightingales/O_lurida/2bRAD_Dec2015/NF3-2_ACTTGA-CGCTATG_L001_R1_001.fastq.gz,http://owl.fish.washington.edu/nightingales/O_lurida/2bRAD_Dec2015/NF3-2_ACTTGA-CGCTATG_L001_R1_001.fastq.gz,,,,
NF3-20_ATCACG-CGTACG_L001,106,KES_4,,https://github.com/RobertsLab/project-olympia.oyster-genomic/wiki/2bRAD-Sequencing-December-2015,O_lurida,20151211,20151231,larvae,DNA,Illumina,,SE50,2bRAD,,,,Oly reciprocal transplant 2bRAD,,/Volumes/web/nightingales/O_lurida/2bRAD_Dec2015/NF3-20_ATCACG-CGTACG_L001_R1_001.fastq.gz,http://owl.fish.washington.edu/nightingales/O_lurida/2bRAD_Dec2015/NF3-20_ATCACG-CGTACG_L001_R1_001.fastq.gz,,,,
NF3-3_GATCAG-TCAGCAC_L001,106,KES_2,,https://github.com/RobertsLab/project-olympia.oyster-genomic/wiki/2bRAD-Sequencing-December-2015,O_lurida,20151211,20151231,larvae,DNA,Illumina,,SE50,2bRAD,,,,Oly reciprocal transplant 2bRAD,,/Volumes/web/nightingales/O_lurida/2bRAD_Dec2015/NF3-3_GATCAG-TCAGCAC_L001_R1_001.fastq.gz,http://owl.fish.washington.edu/nightingales/O_lurida/2bRAD_Dec2015/NF3-3_GATCAG-TCAGCAC_L001_R1_001.fastq.gz,,,,
NF3-4_GCCAAT-CGCTATG_L002,106,KES_2,,https://github.com/RobertsLab/project-olympia.oyster-genomic/wiki/2bRAD-Sequencing-December-2015,O_lurida,20151211,20151231,larvae,DNA,Illumina,,SE50,2bRAD,,,,Oly reciprocal transplant 2bRAD,,/Volumes/web/nightingales/O_lurida/2bRAD_Dec2015/NF3-4_GCCAAT-CGCTATG_L002_R1_001.fastq.gz,http://owl.fish.washington.edu/nightingales/O_lurida/2bRAD_Dec2015/NF3-4_GCCAAT-CGCTATG_L002_R1_001.fastq.gz,,,,
NF3-5_CGATGT-GACGT_L002,106,KES_2,,https://github.com/RobertsLab/project-olympia.oyster-genomic/wiki/2bRAD-Sequencing-December-2015,O_lurida,20151211,20151231,larvae,DNA,Illumina,,SE50,2bRAD,,,,Oly reciprocal transplant 2bRAD,,/Volumes/web/nightingales/O_lurida/2bRAD_Dec2015/NF3-5_CGATGT-GACGT_L002_R1_001.fastq.gz,http://owl.fish.washington.edu/nightingales/O_lurida/2bRAD_Dec2015/NF3-5_CGATGT-GACGT_L002_R1_001.fastq.gz,,,,
NF3-6_TTAGGC-TCAGCAC_L002,106,KES_2,,https://github.com/RobertsLab/project-olympia.oyster-genomic/wiki/2bRAD-Sequencing-December-2015,O_lurida,20151211,20151231,larvae,DNA,Illumina,,SE50,2bRAD,,,,Oly reciprocal transplant 2bRAD,,/Volumes/web/nightingales/O_lurida/2bRAD_Dec2015/NF3-6_TTAGGC-TCAGCAC_L002_R1_001.fastq.gz,http://owl.fish.washington.edu/nightingales/O_lurida/2bRAD_Dec2015/NF3-6_TTAGGC-TCAGCAC_L002_R1_001.fastq.gz,,,,
NF3-7_TTAGGC-CGCTATG_L002,106,KES_2,,https://github.com/RobertsLab/project-olympia.oyster-genomic/wiki/2bRAD-Sequencing-December-2015,O_lurida,20151211,20151231,larvae,DNA,Illumina,,SE50,2bRAD,,,,Oly reciprocal transplant 2bRAD,,/Volumes/web/nightingales/O_lurida/2bRAD_Dec2015/NF3-7_TTAGGC-CGCTATG_L002_R1_001.fastq.gz,http://owl.fish.washington.edu/nightingales/O_lurida/2bRAD_Dec2015/NF3-7_TTAGGC-CGCTATG_L002_R1_001.fastq.gz,,,,
NF3-8_GCCAAT-ATGAGCAC_L002,106,KES_2,,https://github.com/RobertsLab/project-olympia.oyster-genomic/wiki/2bRAD-Sequencing-December-2015,O_lurida,20151211,20151231,larvae,DNA,Illumina,,SE50,2bRAD,,,,Oly reciprocal transplant 2bRAD,,/Volumes/web/nightingales/O_lurida/2bRAD_Dec2015/NF3-8_GCCAAT-ATGAGCAC_L002_R1_001.fastq.gz,http://owl.fish.washington.edu/nightingales/O_lurida/2bRAD_Dec2015/NF3-8_GCCAAT-ATGAGCAC_L002_R1_001.fastq.gz,,,,
NF3-9_CAGATC-ATGAGCAC_L002,106,KES_2,,https://github.com/RobertsLab/project-olympia.oyster-genomic/wiki/2bRAD-Sequencing-December-2015,O_lurida,20151211,20151231,larvae,DNA,Illumina,,SE50,2bRAD,,,,Oly reciprocal transplant 2bRAD,,/Volumes/web/nightingales/O_lurida/2bRAD_Dec2015/NF3-9_CAGATC-ATGAGCAC_L002_R1_001.fastq.gz,http://owl.fish.washington.edu/nightingales/O_lurida/2bRAD_Dec2015/NF3-9_CAGATC-ATGAGCAC_L002_R1_001.fastq.gz,,,,
NF4-1_CGATGT-TCAGCAC_L001,106,KES_3,,https://github.com/RobertsLab/project-olympia.oyster-genomic/wiki/2bRAD-Sequencing-December-2015,O_lurida,20151211,20151231,larvae,DNA,Illumina,,SE50,2bRAD,,,,Oly reciprocal transplant 2bRAD,,/Volumes/web/nightingales/O_lurida/2bRAD_Dec2015/NF4-1_CGATGT-TCAGCAC_L001_R1_001.fastq.gz,http://owl.fish.washington.edu/nightingales/O_lurida/2bRAD_Dec2015/NF4-1_CGATGT-TCAGCAC_L001_R1_001.fastq.gz,,,,
NF4-10_GATCAG-TCATG_L001,106,KES_3,,https://github.com/RobertsLab/project-olympia.oyster-genomic/wiki/2bRAD-Sequencing-December-2015,O_lurida,20151211,20151231,larvae,DNA,Illumina,,SE50,2bRAD,,,,Oly reciprocal transplant 2bRAD,,/Volumes/web/nightingales/O_lurida/2bRAD_Dec2015/NF4-10_GATCAG-TCATG_L001_R1_001.fastq.gz,http://owl.fish.washington.edu/nightingales/O_lurida/2bRAD_Dec2015/NF4-10_GATCAG-TCATG_L001_R1_001.fastq.gz,,,,
NF4-11_TAGCTT-GATCTCT_L001,106,KES_3,,https://github.com/RobertsLab/project-olympia.oyster-genomic/wiki/2bRAD-Sequencing-December-2015,O_lurida,20151211,20151231,larvae,DNA,Illumina,,SE50,2bRAD,,,,Oly reciprocal transplant 2bRAD,,/Volumes/web/nightingales/O_lurida/2bRAD_Dec2015/NF4-11_TAGCTT-GATCTCT_L001_R1_001.fastq.gz,http://owl.fish.washington.edu/nightingales/O_lurida/2bRAD_Dec2015/NF4-11_TAGCTT-GATCTCT_L001_R1_001.fastq.gz,,,,
NF4-12_GCCAAT-TCATG_L001,106,KES_3,,https://github.com/RobertsLab/project-olympia.oyster-genomic/wiki/2bRAD-Sequencing-December-2015,O_lurida,20151211,20151231,larvae,DNA,Illumina,,SE50,2bRAD,,,,Oly reciprocal transplant 2bRAD,,/Volumes/web/nightingales/O_lurida/2bRAD_Dec2015/NF4-12_GCCAAT-TCATG_L001_R1_001.fastq.gz,http://owl.fish.washington.edu/nightingales/O_lurida/2bRAD_Dec2015/NF4-12_GCCAAT-TCATG_L001_R1_001.fastq.gz,,,,
NF4-13_TAGCTT-TCAGCAC_L001,106,KES_3,,https://github.com/RobertsLab/project-olympia.oyster-genomic/wiki/2bRAD-Sequencing-December-2015,O_lurida,20151211,20151231,larvae,DNA,Illumina,,SE50,2bRAD,,,,Oly reciprocal transplant 2bRAD,,/Volumes/web/nightingales/O_lurida/2bRAD_Dec2015/NF4-13_TAGCTT-TCAGCAC_L001_R1_001.fastq.gz,http://owl.fish.washington.edu/nightingales/O_lurida/2bRAD_Dec2015/NF4-13_TAGCTT-TCAGCAC_L001_R1_001.fastq.gz,,,,
NF4-14_CAGATC-CGTACG_L001,106,KES_3,,https://github.com/RobertsLab/project-olympia.oyster-genomic/wiki/2bRAD-Sequencing-December-2015,O_lurida,20151211,20151231,larvae,DNA,Illumina,,SE50,2bRAD,,,,Oly reciprocal transplant 2bRAD,,/Volumes/web/nightingales/O_lurida/2bRAD_Dec2015/NF4-14_CAGATC-CGTACG_L001_R1_001.fastq.gz,http://owl.fish.washington.edu/nightingales/O_lurida/2bRAD_Dec2015/NF4-14_CAGATC-CGTACG_L001_R1_001.fastq.gz,,,,
NF4-15_TAGCTT-CGCTATG_L001,106,KES_3,,https://github.com/RobertsLab/project-olympia.oyster-genomic/wiki/2bRAD-Sequencing-December-2015,O_lurida,20151211,20151231,larvae,DNA,Illumina,,SE50,2bRAD,,,,Oly reciprocal transplant 2bRAD,,/Volumes/web/nightingales/O_lurida/2bRAD_Dec2015/NF4-15_TAGCTT-CGCTATG_L001_R1_001.fastq.gz,http://owl.fish.washington.edu/nightingales/O_lurida/2bRAD_Dec2015/NF4-15_TAGCTT-CGCTATG_L001_R1_001.fastq.gz,,,,
NF4-16_TGACCA-ATGAGCAC_L001,106,KES_3,,https://github.com/RobertsLab/project-olympia.oyster-genomic/wiki/2bRAD-Sequencing-December-2015,O_lurida,20151211,20151231,larvae,DNA,Illumina,,SE50,2bRAD,,,,Oly reciprocal transplant 2bRAD,,/Volumes/web/nightingales/O_lurida/2bRAD_Dec2015/NF4-16_TGACCA-ATGAGCAC_L001_R1_001.fastq.gz,http://owl.fish.washington.edu/nightingales/O_lurida/2bRAD_Dec2015/NF4-16_TGACCA-ATGAGCAC_L001_R1_001.fastq.gz,,,,
NF4-17_CAGATC-ATGAGCAC_L001,106,KES_3,,https://github.com/RobertsLab/project-olympia.oyster-genomic/wiki/2bRAD-Sequencing-December-2015,O_lurida,20151211,20151231,larvae,DNA,Illumina,,SE50,2bRAD,,,,Oly reciprocal transplant 2bRAD,,/Volumes/web/nightingales/O_lurida/2bRAD_Dec2015/NF4-17_CAGATC-ATGAGCAC_L001_R1_001.fastq.gz,http://owl.fish.washington.edu/nightingales/O_lurida/2bRAD_Dec2015/NF4-17_CAGATC-ATGAGCAC_L001_R1_001.fastq.gz,,,,
NF4-18_CGATGT-CGCTATG_L001,106,KES_3,,https://github.com/RobertsLab/project-olympia.oyster-genomic/wiki/2bRAD-Sequencing-December-2015,O_lurida,20151211,20151231,larvae,DNA,Illumina,,SE50,2bRAD,,,,Oly reciprocal transplant 2bRAD,,/Volumes/web/nightingales/O_lurida/2bRAD_Dec2015/NF4-18_CGATGT-CGCTATG_L001_R1_001.fastq.gz,http://owl.fish.washington.edu/nightingales/O_lurida/2bRAD_Dec2015/NF4-18_CGATGT-CGCTATG_L001_R1_001.fastq.gz,,,,
NF4-19_ACTTGA-GATCTCT_L001,106,KES_3,,https://github.com/RobertsLab/project-olympia.oyster-genomic/wiki/2bRAD-Sequencing-December-2015,O_lurida,20151211,20151231,larvae,DNA,Illumina,,SE50,2bRAD,,,,Oly reciprocal transplant 2bRAD,,/Volumes/web/nightingales/O_lurida/2bRAD_Dec2015/NF4-19_ACTTGA-GATCTCT_L001_R1_001.fastq.gz,http://owl.fish.washington.edu/nightingales/O_lurida/2bRAD_Dec2015/NF4-19_ACTTGA-GATCTCT_L001_R1_001.fastq.gz,,,,
NF4-2_ATCACG-ATGCAT_L001,106,KES_3,,https://github.com/RobertsLab/project-olympia.oyster-genomic/wiki/2bRAD-Sequencing-December-2015,O_lurida,20151211,20151231,larvae,DNA,Illumina,,SE50,2bRAD,,,,Oly reciprocal transplant 2bRAD,,/Volumes/web/nightingales/O_lurida/2bRAD_Dec2015/NF4-2_ATCACG-ATGCAT_L001_R1_001.fastq.gz,http://owl.fish.washington.edu/nightingales/O_lurida/2bRAD_Dec2015/NF4-2_ATCACG-ATGCAT_L001_R1_001.fastq.gz,,,,
NF4-3_TTAGGC-GACGT_L001,106,KES_3,,https://github.com/RobertsLab/project-olympia.oyster-genomic/wiki/2bRAD-Sequencing-December-2015,O_lurida,20151211,20151231,larvae,DNA,Illumina,,SE50,2bRAD,,,,Oly reciprocal transplant 2bRAD,,/Volumes/web/nightingales/O_lurida/2bRAD_Dec2015/NF4-3_TTAGGC-GACGT_L001_R1_001.fastq.gz,http://owl.fish.washington.edu/nightingales/O_lurida/2bRAD_Dec2015/NF4-3_TTAGGC-GACGT_L001_R1_001.fastq.gz,,,,
NF4-4_CTTGTA-CGTACG_L001,106,KES_3,,https://github.com/RobertsLab/project-olympia.oyster-genomic/wiki/2bRAD-Sequencing-December-2015,O_lurida,20151211,20151231,larvae,DNA,Illumina,,SE50,2bRAD,,,,Oly reciprocal transplant 2bRAD,,/Volumes/web/nightingales/O_lurida/2bRAD_Dec2015/NF4-4_CTTGTA-CGTACG_L001_R1_001.fastq.gz,http://owl.fish.washington.edu/nightingales/O_lurida/2bRAD_Dec2015/NF4-4_CTTGTA-CGTACG_L001_R1_001.fastq.gz,,,,
NF4-5_ATCACG-TCAGCAC_L001,106,KES_3,,https://github.com/RobertsLab/project-olympia.oyster-genomic/wiki/2bRAD-Sequencing-December-2015,O_lurida,20151211,20151231,larvae,DNA,Illumina,,SE50,2bRAD,,,,Oly reciprocal transplant 2bRAD,,/Volumes/web/nightingales/O_lurida/2bRAD_Dec2015/NF4-5_ATCACG-TCAGCAC_L001_R1_001.fastq.gz,http://owl.fish.washington.edu/nightingales/O_lurida/2bRAD_Dec2015/NF4-5_ATCACG-TCAGCAC_L001_R1_001.fastq.gz,,,,
NF4-6_TTAGGC-TCATG_L001,106,KES_3,,https://github.com/RobertsLab/project-olympia.oyster-genomic/wiki/2bRAD-Sequencing-December-2015,O_lurida,20151211,20151231,larvae,DNA,Illumina,,SE50,2bRAD,,,,Oly reciprocal transplant 2bRAD,,/Volumes/web/nightingales/O_lurida/2bRAD_Dec2015/NF4-6_TTAGGC-TCATG_L001_R1_001.fastq.gz,http://owl.fish.washington.edu/nightingales/O_lurida/2bRAD_Dec2015/NF4-6_TTAGGC-TCATG_L001_R1_001.fastq.gz,,,,
NF4-7_ATCACG-ATGAGCAC_L001,106,KES_3,,https://github.com/RobertsLab/project-olympia.oyster-genomic/wiki/2bRAD-Sequencing-December-2015,O_lurida,20151211,20151231,larvae,DNA,Illumina,,SE50,2bRAD,,,,Oly reciprocal transplant 2bRAD,,/Volumes/web/nightingales/O_lurida/2bRAD_Dec2015/NF4-7_ATCACG-ATGAGCAC_L001_R1_001.fastq.gz,http://owl.fish.washington.edu/nightingales/O_lurida/2bRAD_Dec2015/NF4-7_ATCACG-ATGAGCAC_L001_R1_001.fastq.gz,,,,
NF4-8_ACTTGA-ATGCAT_L001,106,KES_3,,https://github.com/RobertsLab/project-olympia.oyster-genomic/wiki/2bRAD-Sequencing-December-2015,O_lurida,20151211,20151231,larvae,DNA,Illumina,,SE50,2bRAD,,,,Oly reciprocal transplant 2bRAD,,/Volumes/web/nightingales/O_lurida/2bRAD_Dec2015/NF4-8_ACTTGA-ATGCAT_L001_R1_001.fastq.gz,http://owl.fish.washington.edu/nightingales/O_lurida/2bRAD_Dec2015/NF4-8_ACTTGA-ATGCAT_L001_R1_001.fastq.gz,,,,
NF4-9_TGACCA-GATCTCT_L001,106,KES_3,,https://github.com/RobertsLab/project-olympia.oyster-genomic/wiki/2bRAD-Sequencing-December-2015,O_lurida,20151211,20151231,larvae,DNA,Illumina,,SE50,2bRAD,,,,Oly reciprocal transplant 2bRAD,,/Volumes/web/nightingales/O_lurida/2bRAD_Dec2015/NF4-9_TGACCA-GATCTCT_L001_R1_001.fastq.gz,http://owl.fish.washington.edu/nightingales/O_lurida/2bRAD_Dec2015/NF4-9_TGACCA-GATCTCT_L001_R1_001.fastq.gz,,,,
NF5-1_CTTGTA-CGCTATG_L001,106,KES_4,,https://github.com/RobertsLab/project-olympia.oyster-genomic/wiki/2bRAD-Sequencing-December-2015,O_lurida,20151211,20151231,larvae,DNA,Illumina,,SE50,2bRAD,,,,Oly reciprocal transplant 2bRAD,,/Volumes/web/nightingales/O_lurida/2bRAD_Dec2015/NF5-1_CTTGTA-CGCTATG_L001_R1_001.fastq.gz,http://owl.fish.washington.edu/nightingales/O_lurida/2bRAD_Dec2015/NF5-1_CTTGTA-CGCTATG_L001_R1_001.fastq.gz,,,,
NF5-10_TGACCA-GACGT_L001,106,KES_4,,https://github.com/RobertsLab/project-olympia.oyster-genomic/wiki/2bRAD-Sequencing-December-2015,O_lurida,20151211,20151231,larvae,DNA,Illumina,,SE50,2bRAD,,,,Oly reciprocal transplant 2bRAD,,/Volumes/web/nightingales/O_lurida/2bRAD_Dec2015/NF5-10_TGACCA-GACGT_L001_R1_001.fastq.gz,http://owl.fish.washington.edu/nightingales/O_lurida/2bRAD_Dec2015/NF5-10_TGACCA-GACGT_L001_R1_001.fastq.gz,,,,
NF5-11_TAGCTT-GATCTCT_L001,106,KES_4,,https://github.com/RobertsLab/project-olympia.oyster-genomic/wiki/2bRAD-Sequencing-December-2015,O_lurida,20151211,20151231,larvae,DNA,Illumina,,SE50,2bRAD,,,,Oly reciprocal transplant 2bRAD,,/Volumes/web/nightingales/O_lurida/2bRAD_Dec2015/NF5-11_TAGCTT-GATCTCT_L001_R1_001.fastq.gz,http://owl.fish.washington.edu/nightingales/O_lurida/2bRAD_Dec2015/NF5-11_TAGCTT-GATCTCT_L001_R1_001.fastq.gz,,,,
NF5-12_GCCAAT-GATCTCT_L001,106,KES_4,,https://github.com/RobertsLab/project-olympia.oyster-genomic/wiki/2bRAD-Sequencing-December-2015,O_lurida,20151211,20151231,larvae,DNA,Illumina,,SE50,2bRAD,,,,Oly reciprocal transplant 2bRAD,,/Volumes/web/nightingales/O_lurida/2bRAD_Dec2015/NF5-12_GCCAAT-GATCTCT_L001_R1_001.fastq.gz,http://owl.fish.washington.edu/nightingales/O_lurida/2bRAD_Dec2015/NF5-12_GCCAAT-GATCTCT_L001_R1_001.fastq.gz,,,,
NF5-13_TAGCTT-GACGT_L001,106,KES_4,,https://github.com/RobertsLab/project-olympia.oyster-genomic/wiki/2bRAD-Sequencing-December-2015,O_lurida,20151211,20151231,larvae,DNA,Illumina,,SE50,2bRAD,,,,Oly reciprocal transplant 2bRAD,,/Volumes/web/nightingales/O_lurida/2bRAD_Dec2015/NF5-13_TAGCTT-GACGT_L001_R1_001.fastq.gz,http://owl.fish.washington.edu/nightingales/O_lurida/2bRAD_Dec2015/NF5-13_TAGCTT-GACGT_L001_R1_001.fastq.gz,,,,
NF5-14_TGACCA-ATGCAT_L001,106,KES_4,,https://github.com/RobertsLab/project-olympia.oyster-genomic/wiki/2bRAD-Sequencing-December-2015,O_lurida,20151211,20151231,larvae,DNA,Illumina,,SE50,2bRAD,,,,Oly reciprocal transplant 2bRAD,,/Volumes/web/nightingales/O_lurida/2bRAD_Dec2015/NF5-14_TGACCA-ATGCAT_L001_R1_001.fastq.gz,http://owl.fish.washington.edu/nightingales/O_lurida/2bRAD_Dec2015/NF5-14_TGACCA-ATGCAT_L001_R1_001.fastq.gz,,,,
NF5-15_CTTGTA-ATGAGCAC_L001,106,KES_4,,https://github.com/RobertsLab/project-olympia.oyster-genomic/wiki/2bRAD-Sequencing-December-2015,O_lurida,20151211,20151231,larvae,DNA,Illumina,,SE50,2bRAD,,,,Oly reciprocal transplant 2bRAD,,/Volumes/web/nightingales/O_lurida/2bRAD_Dec2015/NF5-15_CTTGTA-ATGAGCAC_L001_R1_001.fastq.gz,http://owl.fish.washington.edu/nightingales/O_lurida/2bRAD_Dec2015/NF5-15_CTTGTA-ATGAGCAC_L001_R1_001.fastq.gz,,,,
NF5-16_TTAGGC-CGCTATG_L001,106,KES_4,,https://github.com/RobertsLab/project-olympia.oyster-genomic/wiki/2bRAD-Sequencing-December-2015,O_lurida,20151211,20151231,larvae,DNA,Illumina,,SE50,2bRAD,,,,Oly reciprocal transplant 2bRAD,,/Volumes/web/nightingales/O_lurida/2bRAD_Dec2015/NF5-16_TTAGGC-CGCTATG_L001_R1_001.fastq.gz,http://owl.fish.washington.edu/nightingales/O_lurida/2bRAD_Dec2015/NF5-16_TTAGGC-CGCTATG_L001_R1_001.fastq.gz,,,,
NF5-17_ATCACG-CGCTATG_L001,106,KES_4,,https://github.com/RobertsLab/project-olympia.oyster-genomic/wiki/2bRAD-Sequencing-December-2015,O_lurida,20151211,20151231,larvae,DNA,Illumina,,SE50,2bRAD,,,,Oly reciprocal transplant 2bRAD,,/Volumes/web/nightingales/O_lurida/2bRAD_Dec2015/NF5-17_ATCACG-CGCTATG_L001_R1_001.fastq.gz,http://owl.fish.washington.edu/nightingales/O_lurida/2bRAD_Dec2015/NF5-17_ATCACG-CGCTATG_L001_R1_001.fastq.gz,,,,
NF5-18_CGATGT-CGTACG_L001,106,KES_4,,https://github.com/RobertsLab/project-olympia.oyster-genomic/wiki/2bRAD-Sequencing-December-2015,O_lurida,20151211,20151231,larvae,DNA,Illumina,,SE50,2bRAD,,,,Oly reciprocal transplant 2bRAD,,/Volumes/web/nightingales/O_lurida/2bRAD_Dec2015/NF5-18_CGATGT-CGTACG_L001_R1_001.fastq.gz,http://owl.fish.washington.edu/nightingales/O_lurida/2bRAD_Dec2015/NF5-18_CGATGT-CGTACG_L001_R1_001.fastq.gz,,,,
NF5-19_ACAGTG-ATGCAT_L001,106,KES_4,,https://github.com/RobertsLab/project-olympia.oyster-genomic/wiki/2bRAD-Sequencing-December-2015,O_lurida,20151211,20151231,larvae,DNA,Illumina,,SE50,2bRAD,,,,Oly reciprocal transplant 2bRAD,,/Volumes/web/nightingales/O_lurida/2bRAD_Dec2015/NF5-19_ACAGTG-ATGCAT_L001_R1_001.fastq.gz,http://owl.fish.washington.edu/nightingales/O_lurida/2bRAD_Dec2015/NF5-19_ACAGTG-ATGCAT_L001_R1_001.fastq.gz,,,,
NF5-3_CGATGT-TCATG_L001,106,KES_4,,https://github.com/RobertsLab/project-olympia.oyster-genomic/wiki/2bRAD-Sequencing-December-2015,O_lurida,20151211,20151231,larvae,DNA,Illumina,,SE50,2bRAD,,,,Oly reciprocal transplant 2bRAD,,/Volumes/web/nightingales/O_lurida/2bRAD_Dec2015/NF5-3_CGATGT-TCATG_L001_R1_001.fastq.gz,http://owl.fish.washington.edu/nightingales/O_lurida/2bRAD_Dec2015/NF5-3_CGATGT-TCATG_L001_R1_001.fastq.gz,,,,
NF5-3B_TAGCTT-TCAGCAC_L001,106,KES_4,,https://github.com/RobertsLab/project-olympia.oyster-genomic/wiki/2bRAD-Sequencing-December-2015,O_lurida,20151211,20151231,larvae,DNA,Illumina,,SE50,2bRAD,,,,Oly reciprocal transplant 2bRAD,,/Volumes/web/nightingales/O_lurida/2bRAD_Dec2015/NF5-3B_TAGCTT-TCAGCAC_L001_R1_001.fastq.gz,http://owl.fish.washington.edu/nightingales/O_lurida/2bRAD_Dec2015/NF5-3B_TAGCTT-TCAGCAC_L001_R1_001.fastq.gz,,,,
NF5-4_GATCAG-TCATG_L001,106,KES_4,,https://github.com/RobertsLab/project-olympia.oyster-genomic/wiki/2bRAD-Sequencing-December-2015,O_lurida,20151211,20151231,larvae,DNA,Illumina,,SE50,2bRAD,,,,Oly reciprocal transplant 2bRAD,,/Volumes/web/nightingales/O_lurida/2bRAD_Dec2015/NF5-4_GATCAG-TCATG_L001_R1_001.fastq.gz,http://owl.fish.washington.edu/nightingales/O_lurida/2bRAD_Dec2015/NF5-4_GATCAG-TCATG_L001_R1_001.fastq.gz,,,,
NF5-5_GGCTAC-TCAGCAC_L001,106,KES_4,,https://github.com/RobertsLab/project-olympia.oyster-genomic/wiki/2bRAD-Sequencing-December-2015,O_lurida,20151211,20151231,larvae,DNA,Illumina,,SE50,2bRAD,,,,Oly reciprocal transplant 2bRAD,,/Volumes/web/nightingales/O_lurida/2bRAD_Dec2015/NF5-5_GGCTAC-TCAGCAC_L001_R1_001.fastq.gz,http://owl.fish.washington.edu/nightingales/O_lurida/2bRAD_Dec2015/NF5-5_GGCTAC-TCAGCAC_L001_R1_001.fastq.gz,,,,
NF5-6_GCCAAT-GACGT_L001,106,KES_4,,https://github.com/RobertsLab/project-olympia.oyster-genomic/wiki/2bRAD-Sequencing-December-2015,O_lurida,20151211,20151231,larvae,DNA,Illumina,,SE50,2bRAD,,,,Oly reciprocal transplant 2bRAD,,/Volumes/web/nightingales/O_lurida/2bRAD_Dec2015/NF5-6_GCCAAT-GACGT_L001_R1_001.fastq.gz,http://owl.fish.washington.edu/nightingales/O_lurida/2bRAD_Dec2015/NF5-6_GCCAAT-GACGT_L001_R1_001.fastq.gz,,,,
NF5-7_CTTGTA-ATGCAT_L001,106,KES_4,,https://github.com/RobertsLab/project-olympia.oyster-genomic/wiki/2bRAD-Sequencing-December-2015,O_lurida,20151211,20151231,larvae,DNA,Illumina,,SE50,2bRAD,,,,Oly reciprocal transplant 2bRAD,,/Volumes/web/nightingales/O_lurida/2bRAD_Dec2015/NF5-7_CTTGTA-ATGCAT_L001_R1_001.fastq.gz,http://owl.fish.washington.edu/nightingales/O_lurida/2bRAD_Dec2015/NF5-7_CTTGTA-ATGCAT_L001_R1_001.fastq.gz,,,,
NF5-8_ACAGTG-GATCTCT_L001,106,KES_4,,https://github.com/RobertsLab/project-olympia.oyster-genomic/wiki/2bRAD-Sequencing-December-2015,O_lurida,20151211,20151231,larvae,DNA,Illumina,,SE50,2bRAD,,,,Oly reciprocal transplant 2bRAD,,/Volumes/web/nightingales/O_lurida/2bRAD_Dec2015/NF5-8_ACAGTG-GATCTCT_L001_R1_001.fastq.gz,http://owl.fish.washington.edu/nightingales/O_lurida/2bRAD_Dec2015/NF5-8_ACAGTG-GATCTCT_L001_R1_001.fastq.gz,,,,
NF5-9_ATCACG-ATGCAT_L001,106,KES_4,,https://github.com/RobertsLab/project-olympia.oyster-genomic/wiki/2bRAD-Sequencing-December-2015,O_lurida,20151211,20151231,larvae,DNA,Illumina,,SE50,2bRAD,,,,Oly reciprocal transplant 2bRAD,,/Volumes/web/nightingales/O_lurida/2bRAD_Dec2015/NF5-9_ATCACG-ATGCAT_L001_R1_001.fastq.gz,http://owl.fish.washington.edu/nightingales/O_lurida/2bRAD_Dec2015/NF5-9_ATCACG-ATGCAT_L001_R1_001.fastq.gz,,,,
SS1-1_GCCAAT-TCAGCAC_L001,106,KES_1,,https://github.com/RobertsLab/project-olympia.oyster-genomic/wiki/2bRAD-Sequencing-December-2015,O_lurida,20151211,20151231,larvae,DNA,Illumina,,SE50,2bRAD,,,,Oly reciprocal transplant 2bRAD,,/Volumes/web/nightingales/O_lurida/2bRAD_Dec2015/SS1-1_GCCAAT-TCAGCAC_L001_R1_001.fastq.gz,http://owl.fish.washington.edu/nightingales/O_lurida/2bRAD_Dec2015/SS1-1_GCCAAT-TCAGCAC_L001_R1_001.fastq.gz,,,,
SS1-10_TGACCA-CGCTATG_L001,106,KES_1,,https://github.com/RobertsLab/project-olympia.oyster-genomic/wiki/2bRAD-Sequencing-December-2015,O_lurida,20151211,20151231,larvae,DNA,Illumina,,SE50,2bRAD,,,,Oly reciprocal transplant 2bRAD,,/Volumes/web/nightingales/O_lurida/2bRAD_Dec2015/SS1-10_TGACCA-CGCTATG_L001_R1_001.fastq.gz,http://owl.fish.washington.edu/nightingales/O_lurida/2bRAD_Dec2015/SS1-10_TGACCA-CGCTATG_L001_R1_001.fastq.gz,,,,
SS1-11_GGCTAC-TCATG_L001,106,KES_1,,https://github.com/RobertsLab/project-olympia.oyster-genomic/wiki/2bRAD-Sequencing-December-2015,O_lurida,20151211,20151231,larvae,DNA,Illumina,,SE50,2bRAD,,,,Oly reciprocal transplant 2bRAD,,/Volumes/web/nightingales/O_lurida/2bRAD_Dec2015/SS1-11_GGCTAC-TCATG_L001_R1_001.fastq.gz,http://owl.fish.washington.edu/nightingales/O_lurida/2bRAD_Dec2015/SS1-11_GGCTAC-TCATG_L001_R1_001.fastq.gz,,,,
SS1-12_ATCACG-TCATG_L001,106,KES_1,,https://github.com/RobertsLab/project-olympia.oyster-genomic/wiki/2bRAD-Sequencing-December-2015,O_lurida,20151211,20151231,larvae,DNA,Illumina,,SE50,2bRAD,,,,Oly reciprocal transplant 2bRAD,,/Volumes/web/nightingales/O_lurida/2bRAD_Dec2015/SS1-12_ATCACG-TCATG_L001_R1_001.fastq.gz,http://owl.fish.washington.edu/nightingales/O_lurida/2bRAD_Dec2015/SS1-12_ATCACG-TCATG_L001_R1_001.fastq.gz,,,,
SS1-13_TAGCTT-GACGT_L001,106,KES_1,,https://github.com/RobertsLab/project-olympia.oyster-genomic/wiki/2bRAD-Sequencing-December-2015,O_lurida,20151211,20151231,larvae,DNA,Illumina,,SE50,2bRAD,,,,Oly reciprocal transplant 2bRAD,,/Volumes/web/nightingales/O_lurida/2bRAD_Dec2015/SS1-13_TAGCTT-GACGT_L001_R1_001.fastq.gz,http://owl.fish.washington.edu/nightingales/O_lurida/2bRAD_Dec2015/SS1-13_TAGCTT-GACGT_L001_R1_001.fastq.gz,,,,
SS1-14_GATCAG-TCATG_L001,106,KES_1,,https://github.com/RobertsLab/project-olympia.oyster-genomic/wiki/2bRAD-Sequencing-December-2015,O_lurida,20151211,20151231,larvae,DNA,Illumina,,SE50,2bRAD,,,,Oly reciprocal transplant 2bRAD,,/Volumes/web/nightingales/O_lurida/2bRAD_Dec2015/SS1-14_GATCAG-TCATG_L001_R1_001.fastq.gz,http://owl.fish.washington.edu/nightingales/O_lurida/2bRAD_Dec2015/SS1-14_GATCAG-TCATG_L001_R1_001.fastq.gz,,,,
SS1-15_ACAGTG-GATCTCT_L001,106,KES_1,,https://github.com/RobertsLab/project-olympia.oyster-genomic/wiki/2bRAD-Sequencing-December-2015,O_lurida,20151211,20151231,larvae,DNA,Illumina,,SE50,2bRAD,,,,Oly reciprocal transplant 2bRAD,,/Volumes/web/nightingales/O_lurida/2bRAD_Dec2015/SS1-15_ACAGTG-GATCTCT_L001_R1_001.fastq.gz,http://owl.fish.washington.edu/nightingales/O_lurida/2bRAD_Dec2015/SS1-15_ACAGTG-GATCTCT_L001_R1_001.fastq.gz,,,,
SS1-16_CAGATC-TCATG_L001,106,KES_1,,https://github.com/RobertsLab/project-olympia.oyster-genomic/wiki/2bRAD-Sequencing-December-2015,O_lurida,20151211,20151231,larvae,DNA,Illumina,,SE50,2bRAD,,,,Oly reciprocal transplant 2bRAD,,/Volumes/web/nightingales/O_lurida/2bRAD_Dec2015/SS1-16_CAGATC-TCATG_L001_R1_001.fastq.gz,http://owl.fish.washington.edu/nightingales/O_lurida/2bRAD_Dec2015/SS1-16_CAGATC-TCATG_L001_R1_001.fastq.gz,,,,
SS1-17_GGCTAC-GATCTCT_L001,106,KES_1,,https://github.com/RobertsLab/project-olympia.oyster-genomic/wiki/2bRAD-Sequencing-December-2015,O_lurida,20151211,20151231,larvae,DNA,Illumina,,SE50,2bRAD,,,,Oly reciprocal transplant 2bRAD,,/Volumes/web/nightingales/O_lurida/2bRAD_Dec2015/SS1-17_GGCTAC-GATCTCT_L001_R1_001.fastq.gz,http://owl.fish.washington.edu/nightingales/O_lurida/2bRAD_Dec2015/SS1-17_GGCTAC-GATCTCT_L001_R1_001.fastq.gz,,,,
SS1-18_TTAGGC-GACGT_L001,106,KES_1,,https://github.com/RobertsLab/project-olympia.oyster-genomic/wiki/2bRAD-Sequencing-December-2015,O_lurida,20151211,20151231,larvae,DNA,Illumina,,SE50,2bRAD,,,,Oly reciprocal transplant 2bRAD,,/Volumes/web/nightingales/O_lurida/2bRAD_Dec2015/SS1-18_TTAGGC-GACGT_L001_R1_001.fastq.gz,http://owl.fish.washington.edu/nightingales/O_lurida/2bRAD_Dec2015/SS1-18_TTAGGC-GACGT_L001_R1_001.fastq.gz,,,,
SS1-19_TAGCTT-ATGAGCAC_L001,106,KES_1,,https://github.com/RobertsLab/project-olympia.oyster-genomic/wiki/2bRAD-Sequencing-December-2015,O_lurida,20151211,20151231,larvae,DNA,Illumina,,SE50,2bRAD,,,,Oly reciprocal transplant 2bRAD,,/Volumes/web/nightingales/O_lurida/2bRAD_Dec2015/SS1-19_TAGCTT-ATGAGCAC_L001_R1_001.fastq.gz,http://owl.fish.washington.edu/nightingales/O_lurida/2bRAD_Dec2015/SS1-19_TAGCTT-ATGAGCAC_L001_R1_001.fastq.gz,,,,
SS1-2_CAGATC-CGTACG_L001,106,KES_1,,https://github.com/RobertsLab/project-olympia.oyster-genomic/wiki/2bRAD-Sequencing-December-2015,O_lurida,20151211,20151231,larvae,DNA,Illumina,,SE50,2bRAD,,,,Oly reciprocal transplant 2bRAD,,/Volumes/web/nightingales/O_lurida/2bRAD_Dec2015/SS1-2_CAGATC-CGTACG_L001_R1_001.fastq.gz,http://owl.fish.washington.edu/nightingales/O_lurida/2bRAD_Dec2015/SS1-2_CAGATC-CGTACG_L001_R1_001.fastq.gz,,,,
SS1-20_ATCACG-ATGAGCAC_L001,106,KES_1,,https://github.com/RobertsLab/project-olympia.oyster-genomic/wiki/2bRAD-Sequencing-December-2015,O_lurida,20151211,20151231,larvae,DNA,Illumina,,SE50,2bRAD,,,,Oly reciprocal transplant 2bRAD,,/Volumes/web/nightingales/O_lurida/2bRAD_Dec2015/SS1-20_ATCACG-ATGAGCAC_L001_R1_001.fastq.gz,http://owl.fish.washington.edu/nightingales/O_lurida/2bRAD_Dec2015/SS1-20_ATCACG-ATGAGCAC_L001_R1_001.fastq.gz,,,,
SS1-3_TAGCTT-TCAGCAC_L001,106,KES_1,,https://github.com/RobertsLab/project-olympia.oyster-genomic/wiki/2bRAD-Sequencing-December-2015,O_lurida,20151211,20151231,larvae,DNA,Illumina,,SE50,2bRAD,,,,Oly reciprocal transplant 2bRAD,,/Volumes/web/nightingales/O_lurida/2bRAD_Dec2015/SS1-3_TAGCTT-TCAGCAC_L001_R1_001.fastq.gz,http://owl.fish.washington.edu/nightingales/O_lurida/2bRAD_Dec2015/SS1-3_TAGCTT-TCAGCAC_L001_R1_001.fastq.gz,,,,
SS1-4_ACTTGA-ATGAGCAC_L001,106,KES_1,,https://github.com/RobertsLab/project-olympia.oyster-genomic/wiki/2bRAD-Sequencing-December-2015,O_lurida,20151211,20151231,larvae,DNA,Illumina,,SE50,2bRAD,,,,Oly reciprocal transplant 2bRAD,,/Volumes/web/nightingales/O_lurida/2bRAD_Dec2015/SS1-4_ACTTGA-ATGAGCAC_L001_R1_001.fastq.gz,http://owl.fish.washington.edu/nightingales/O_lurida/2bRAD_Dec2015/SS1-4_ACTTGA-ATGAGCAC_L001_R1_001.fastq.gz,,,,
SS1-5_TTAGGC-GATCTCT_L001,106,KES_1,,https://github.com/RobertsLab/project-olympia.oyster-genomic/wiki/2bRAD-Sequencing-December-2015,O_lurida,20151211,20151231,larvae,DNA,Illumina,,SE50,2bRAD,,,,Oly reciprocal transplant 2bRAD,,/Volumes/web/nightingales/O_lurida/2bRAD_Dec2015/SS1-5_TTAGGC-GATCTCT_L001_R1_001.fastq.gz,http://owl.fish.washington.edu/nightingales/O_lurida/2bRAD_Dec2015/SS1-5_TTAGGC-GATCTCT_L001_R1_001.fastq.gz,,,,
SS1-6_ATCACG-CGCTATG_L001,106,KES_1,,https://github.com/RobertsLab/project-olympia.oyster-genomic/wiki/2bRAD-Sequencing-December-2015,O_lurida,20151211,20151231,larvae,DNA,Illumina,,SE50,2bRAD,,,,Oly reciprocal transplant 2bRAD,,/Volumes/web/nightingales/O_lurida/2bRAD_Dec2015/SS1-6_ATCACG-CGCTATG_L001_R1_001.fastq.gz,http://owl.fish.washington.edu/nightingales/O_lurida/2bRAD_Dec2015/SS1-6_ATCACG-CGCTATG_L001_R1_001.fastq.gz,,,,
SS1-7_ATCACG-GATCTCT_L001,106,KES_1,,https://github.com/RobertsLab/project-olympia.oyster-genomic/wiki/2bRAD-Sequencing-December-2015,O_lurida,20151211,20151231,larvae,DNA,Illumina,,SE50,2bRAD,,,,Oly reciprocal transplant 2bRAD,,/Volumes/web/nightingales/O_lurida/2bRAD_Dec2015/SS1-7_ATCACG-GATCTCT_L001_R1_001.fastq.gz,http://owl.fish.washington.edu/nightingales/O_lurida/2bRAD_Dec2015/SS1-7_ATCACG-GATCTCT_L001_R1_001.fastq.gz,,,,
SS1-8_CGATGT-TCAGCAC_L001,106,KES_1,,https://github.com/RobertsLab/project-olympia.oyster-genomic/wiki/2bRAD-Sequencing-December-2015,O_lurida,20151211,20151231,larvae,DNA,Illumina,,SE50,2bRAD,,,,Oly reciprocal transplant 2bRAD,,/Volumes/web/nightingales/O_lurida/2bRAD_Dec2015/SS1-8_CGATGT-TCAGCAC_L001_R1_001.fastq.gz,http://owl.fish.washington.edu/nightingales/O_lurida/2bRAD_Dec2015/SS1-8_CGATGT-TCAGCAC_L001_R1_001.fastq.gz,,,,
SS1-9_GGCTAC-ATGAGCAC_L001,106,KES_1,,https://github.com/RobertsLab/project-olympia.oyster-genomic/wiki/2bRAD-Sequencing-December-2015,O_lurida,20151211,20151231,larvae,DNA,Illumina,,SE50,2bRAD,,,,Oly reciprocal transplant 2bRAD,,/Volumes/web/nightingales/O_lurida/2bRAD_Dec2015/SS1-9_GGCTAC-ATGAGCAC_L001_R1_001.fastq.gz,http://owl.fish.washington.edu/nightingales/O_lurida/2bRAD_Dec2015/SS1-9_GGCTAC-ATGAGCAC_L001_R1_001.fastq.gz,,,,
SS2-1_ACAGTG-TCATG_L001,106,KES_1,,https://github.com/RobertsLab/project-olympia.oyster-genomic/wiki/2bRAD-Sequencing-December-2015,O_lurida,20151211,20151231,larvae,DNA,Illumina,,SE50,2bRAD,,,,Oly reciprocal transplant 2bRAD,,/Volumes/web/nightingales/O_lurida/2bRAD_Dec2015/SS2-1_ACAGTG-TCATG_L001_R1_001.fastq.gz,http://owl.fish.washington.edu/nightingales/O_lurida/2bRAD_Dec2015/SS2-1_ACAGTG-TCATG_L001_R1_001.fastq.gz,,,,
SS2-10_GATCAG-CGCTATG_L001,106,KES_1,,https://github.com/RobertsLab/project-olympia.oyster-genomic/wiki/2bRAD-Sequencing-December-2015,O_lurida,20151211,20151231,larvae,DNA,Illumina,,SE50,2bRAD,,,,Oly reciprocal transplant 2bRAD,,/Volumes/web/nightingales/O_lurida/2bRAD_Dec2015/SS2-10_GATCAG-CGCTATG_L001_R1_001.fastq.gz,http://owl.fish.washington.edu/nightingales/O_lurida/2bRAD_Dec2015/SS2-10_GATCAG-CGCTATG_L001_R1_001.fastq.gz,,,,
SS2-11_GGCTAC-CGCTATG_L001,106,KES_1,,https://github.com/RobertsLab/project-olympia.oyster-genomic/wiki/2bRAD-Sequencing-December-2015,O_lurida,20151211,20151231,larvae,DNA,Illumina,,SE50,2bRAD,,,,Oly reciprocal transplant 2bRAD,,/Volumes/web/nightingales/O_lurida/2bRAD_Dec2015/SS2-11_GGCTAC-CGCTATG_L001_R1_001.fastq.gz,http://owl.fish.washington.edu/nightingales/O_lurida/2bRAD_Dec2015/SS2-11_GGCTAC-CGCTATG_L001_R1_001.fastq.gz,,,,
SS2-12A_TTAGGC-TCAGCAC_L001,106,KES_1,,https://github.com/RobertsLab/project-olympia.oyster-genomic/wiki/2bRAD-Sequencing-December-2015,O_lurida,20151211,20151231,larvae,DNA,Illumina,,SE50,2bRAD,,,,Oly reciprocal transplant 2bRAD,,/Volumes/web/nightingales/O_lurida/2bRAD_Dec2015/SS2-12A_TTAGGC-TCAGCAC_L001_R1_001.fastq.gz,http://owl.fish.washington.edu/nightingales/O_lurida/2bRAD_Dec2015/SS2-12A_TTAGGC-TCAGCAC_L001_R1_001.fastq.gz,,,,
SS2-12B_TTAGGC-TCAGCAC_L001,106,KES_1,,https://github.com/RobertsLab/project-olympia.oyster-genomic/wiki/2bRAD-Sequencing-December-2015,O_lurida,20151211,20151231,larvae,DNA,Illumina,,SE50,2bRAD,,,,Oly reciprocal transplant 2bRAD,,/Volumes/web/nightingales/O_lurida/2bRAD_Dec2015/SS2-12B_TTAGGC-TCAGCAC_L001_R1_001.fastq.gz,http://owl.fish.washington.edu/nightingales/O_lurida/2bRAD_Dec2015/SS2-12B_TTAGGC-TCAGCAC_L001_R1_001.fastq.gz,,,,
SS2-13_GCCAAT-ATGAGCAC_L001,106,KES_1,,https://github.com/RobertsLab/project-olympia.oyster-genomic/wiki/2bRAD-Sequencing-December-2015,O_lurida,20151211,20151231,larvae,DNA,Illumina,,SE50,2bRAD,,,,Oly reciprocal transplant 2bRAD,,/Volumes/web/nightingales/O_lurida/2bRAD_Dec2015/SS2-13_GCCAAT-ATGAGCAC_L001_R1_001.fastq.gz,http://owl.fish.washington.edu/nightingales/O_lurida/2bRAD_Dec2015/SS2-13_GCCAAT-ATGAGCAC_L001_R1_001.fastq.gz,,,,
SS2-13-NF_GCCAAT-ATGAGCAC_L001,106,KES_1,,https://github.com/RobertsLab/project-olympia.oyster-genomic/wiki/2bRAD-Sequencing-December-2015,O_lurida,20151211,20151231,larvae,DNA,Illumina,,SE50,2bRAD,,,,Oly reciprocal transplant 2bRAD,,/Volumes/web/nightingales/O_lurida/2bRAD_Dec2015/SS2-13-NF_GCCAAT-ATGAGCAC_L001_R1_001.fastq.gz,http://owl.fish.washington.edu/nightingales/O_lurida/2bRAD_Dec2015/SS2-13-NF_GCCAAT-ATGAGCAC_L001_R1_001.fastq.gz,,,,
SS2-14_CTTGTA-GACGT_L001,106,KES_1,,https://github.com/RobertsLab/project-olympia.oyster-genomic/wiki/2bRAD-Sequencing-December-2015,O_lurida,20151211,20151231,larvae,DNA,Illumina,,SE50,2bRAD,,,,Oly reciprocal transplant 2bRAD,,/Volumes/web/nightingales/O_lurida/2bRAD_Dec2015/SS2-14_CTTGTA-GACGT_L001_R1_001.fastq.gz,http://owl.fish.washington.edu/nightingales/O_lurida/2bRAD_Dec2015/SS2-14_CTTGTA-GACGT_L001_R1_001.fastq.gz,,,,
SS2-15_TTAGGC-GACGT_L002,106,KES_2,,https://github.com/RobertsLab/project-olympia.oyster-genomic/wiki/2bRAD-Sequencing-December-2015,O_lurida,20151211,20151231,larvae,DNA,Illumina,,SE50,2bRAD,,,,Oly reciprocal transplant 2bRAD,,/Volumes/web/nightingales/O_lurida/2bRAD_Dec2015/SS2-15_TTAGGC-GACGT_L002_R1_001.fastq.gz,http://owl.fish.washington.edu/nightingales/O_lurida/2bRAD_Dec2015/SS2-15_TTAGGC-GACGT_L002_R1_001.fastq.gz,,,,
SS2-16_ACTTGA-ATGAGCAC_L002,106,KES_2,,https://github.com/RobertsLab/project-olympia.oyster-genomic/wiki/2bRAD-Sequencing-December-2015,O_lurida,20151211,20151231,larvae,DNA,Illumina,,SE50,2bRAD,,,,Oly reciprocal transplant 2bRAD,,/Volumes/web/nightingales/O_lurida/2bRAD_Dec2015/SS2-16_ACTTGA-ATGAGCAC_L002_R1_001.fastq.gz,http://owl.fish.washington.edu/nightingales/O_lurida/2bRAD_Dec2015/SS2-16_ACTTGA-ATGAGCAC_L002_R1_001.fastq.gz,,,,
SS2-17_CGATGT-GATCTCT_L002,106,KES_2,,https://github.com/RobertsLab/project-olympia.oyster-genomic/wiki/2bRAD-Sequencing-December-2015,O_lurida,20151211,20151231,larvae,DNA,Illumina,,SE50,2bRAD,,,,Oly reciprocal transplant 2bRAD,,/Volumes/web/nightingales/O_lurida/2bRAD_Dec2015/SS2-17_CGATGT-GATCTCT_L002_R1_001.fastq.gz,http://owl.fish.washington.edu/nightingales/O_lurida/2bRAD_Dec2015/SS2-17_CGATGT-GATCTCT_L002_R1_001.fastq.gz,,,,
SS2-18_ACAGTG-CGCTATG_L002,106,KES_2,,https://github.com/RobertsLab/project-olympia.oyster-genomic/wiki/2bRAD-Sequencing-December-2015,O_lurida,20151211,20151231,larvae,DNA,Illumina,,SE50,2bRAD,,,,Oly reciprocal transplant 2bRAD,,/Volumes/web/nightingales/O_lurida/2bRAD_Dec2015/SS2-18_ACAGTG-CGCTATG_L002_R1_001.fastq.gz,http://owl.fish.washington.edu/nightingales/O_lurida/2bRAD_Dec2015/SS2-18_ACAGTG-CGCTATG_L002_R1_001.fastq.gz,,,,
SS2-19_GATCAG-TCATG_L002,106,KES_2,,https://github.com/RobertsLab/project-olympia.oyster-genomic/wiki/2bRAD-Sequencing-December-2015,O_lurida,20151211,20151231,larvae,DNA,Illumina,,SE50,2bRAD,,,,Oly reciprocal transplant 2bRAD,,/Volumes/web/nightingales/O_lurida/2bRAD_Dec2015/SS2-19_GATCAG-TCATG_L002_R1_001.fastq.gz,http://owl.fish.washington.edu/nightingales/O_lurida/2bRAD_Dec2015/SS2-19_GATCAG-TCATG_L002_R1_001.fastq.gz,,,,
SS2-2_GATCAG-GACGT_L001,106,KES_1,,https://github.com/RobertsLab/project-olympia.oyster-genomic/wiki/2bRAD-Sequencing-December-2015,O_lurida,20151211,20151231,larvae,DNA,Illumina,,SE50,2bRAD,,,,Oly reciprocal transplant 2bRAD,,/Volumes/web/nightingales/O_lurida/2bRAD_Dec2015/SS2-2_GATCAG-GACGT_L001_R1_001.fastq.gz,http://owl.fish.washington.edu/nightingales/O_lurida/2bRAD_Dec2015/SS2-2_GATCAG-GACGT_L001_R1_001.fastq.gz,,,,
SS2-3_ATCACG-CGTACG_L001,106,KES_4,,https://github.com/RobertsLab/project-olympia.oyster-genomic/wiki/2bRAD-Sequencing-December-2015,O_lurida,20151211,20151231,larvae,DNA,Illumina,,SE50,2bRAD,,,,Oly reciprocal transplant 2bRAD,,/Volumes/web/nightingales/O_lurida/2bRAD_Dec2015/SS2-3_ATCACG-CGTACG_L001_R1_001.fastq.gz,http://owl.fish.washington.edu/nightingales/O_lurida/2bRAD_Dec2015/SS2-3_ATCACG-CGTACG_L001_R1_001.fastq.gz,,,,
SS2-4A_TGACCA-GATCTCT_L001,106,,,https://github.com/RobertsLab/project-olympia.oyster-genomic/wiki/2bRAD-Sequencing-December-2015,O_lurida,20151211,20151231,larvae,DNA,Illumina,,SE50,2bRAD,,,,Oly reciprocal transplant 2bRAD,,/Volumes/web/nightingales/O_lurida/2bRAD_Dec2015/SS2-4A_TGACCA-GATCTCT_L001_R1_001.fastq.gz,http://owl.fish.washington.edu/nightingales/O_lurida/2bRAD_Dec2015/SS2-4A_TGACCA-GATCTCT_L001_R1_001.fastq.gz,,,,
SS2-4B_ACAGTG-CGTACG_L001,106,KES_4,,https://github.com/RobertsLab/project-olympia.oyster-genomic/wiki/2bRAD-Sequencing-December-2015,O_lurida,20151211,20151231,larvae,DNA,Illumina,,SE50,2bRAD,,,,Oly reciprocal transplant 2bRAD,,/Volumes/web/nightingales/O_lurida/2bRAD_Dec2015/SS2-4B_ACAGTG-CGTACG_L001_R1_001.fastq.gz,http://owl.fish.washington.edu/nightingales/O_lurida/2bRAD_Dec2015/SS2-4B_ACAGTG-CGTACG_L001_R1_001.fastq.gz,,,,
SS2-5_ATCACG-TCAGCAC_L001,106,KES_4,,https://github.com/RobertsLab/project-olympia.oyster-genomic/wiki/2bRAD-Sequencing-December-2015,O_lurida,20151211,20151231,larvae,DNA,Illumina,,SE50,2bRAD,,,,Oly reciprocal transplant 2bRAD,,/Volumes/web/nightingales/O_lurida/2bRAD_Dec2015/SS2-5_ATCACG-TCAGCAC_L001_R1_001.fastq.gz,http://owl.fish.washington.edu/nightingales/O_lurida/2bRAD_Dec2015/SS2-5_ATCACG-TCAGCAC_L001_R1_001.fastq.gz,,,,
SS2-9_CTTGTA-CGCTATG_L001,106,KES_4,,https://github.com/RobertsLab/project-olympia.oyster-genomic/wiki/2bRAD-Sequencing-December-2015,O_lurida,20151211,20151231,larvae,DNA,Illumina,,SE50,2bRAD,,,,Oly reciprocal transplant 2bRAD,,/Volumes/web/nightingales/O_lurida/2bRAD_Dec2015/SS2-9_CTTGTA-CGCTATG_L001_R1_001.fastq.gz,http://owl.fish.washington.edu/nightingales/O_lurida/2bRAD_Dec2015/SS2-9_CTTGTA-CGCTATG_L001_R1_001.fastq.gz,,,,
SS3-1_TAGCTT-GATCTCT_L002,106,KES_1,,https://github.com/RobertsLab/project-olympia.oyster-genomic/wiki/2bRAD-Sequencing-December-2015,O_lurida,20151211,20151231,larvae,DNA,Illumina,,SE50,2bRAD,,,,Oly reciprocal transplant 2bRAD,,/Volumes/web/nightingales/O_lurida/2bRAD_Dec2015/SS3-1_TAGCTT-GATCTCT_L002_R1_001.fastq.gz,http://owl.fish.washington.edu/nightingales/O_lurida/2bRAD_Dec2015/SS3-1_TAGCTT-GATCTCT_L002_R1_001.fastq.gz,,,,
SS3-10_TAGCTT-TCATG_L002,106,KES_2,,https://github.com/RobertsLab/project-olympia.oyster-genomic/wiki/2bRAD-Sequencing-December-2015,O_lurida,20151211,20151231,larvae,DNA,Illumina,,SE50,2bRAD,,,,Oly reciprocal transplant 2bRAD,,/Volumes/web/nightingales/O_lurida/2bRAD_Dec2015/SS3-10_TAGCTT-TCATG_L002_R1_001.fastq.gz,http://owl.fish.washington.edu/nightingales/O_lurida/2bRAD_Dec2015/SS3-10_TAGCTT-TCATG_L002_R1_001.fastq.gz,,,,
SS3-11_GGCTAC-GATCTCT_L002,106,KES_2,,https://github.com/RobertsLab/project-olympia.oyster-genomic/wiki/2bRAD-Sequencing-December-2015,O_lurida,20151211,20151231,larvae,DNA,Illumina,,SE50,2bRAD,,,,Oly reciprocal transplant 2bRAD,,/Volumes/web/nightingales/O_lurida/2bRAD_Dec2015/SS3-11_GGCTAC-GATCTCT_L002_R1_001.fastq.gz,http://owl.fish.washington.edu/nightingales/O_lurida/2bRAD_Dec2015/SS3-11_GGCTAC-GATCTCT_L002_R1_001.fastq.gz,,,,
SS3-12_TAGCTT-ATGAGCAC_L002,106,KES_2,,https://github.com/RobertsLab/project-olympia.oyster-genomic/wiki/2bRAD-Sequencing-December-2015,O_lurida,20151211,20151231,larvae,DNA,Illumina,,SE50,2bRAD,,,,Oly reciprocal transplant 2bRAD,,/Volumes/web/nightingales/O_lurida/2bRAD_Dec2015/SS3-12_TAGCTT-ATGAGCAC_L002_R1_001.fastq.gz,http://owl.fish.washington.edu/nightingales/O_lurida/2bRAD_Dec2015/SS3-12_TAGCTT-ATGAGCAC_L002_R1_001.fastq.gz,,,,
SS3-13_TGACCA-GACGT_L002,106,KES_2,,https://github.com/RobertsLab/project-olympia.oyster-genomic/wiki/2bRAD-Sequencing-December-2015,O_lurida,20151211,20151231,larvae,DNA,Illumina,,SE50,2bRAD,,,,Oly reciprocal transplant 2bRAD,,/Volumes/web/nightingales/O_lurida/2bRAD_Dec2015/SS3-13_TGACCA-GACGT_L002_R1_001.fastq.gz,http://owl.fish.washington.edu/nightingales/O_lurida/2bRAD_Dec2015/SS3-13_TGACCA-GACGT_L002_R1_001.fastq.gz,,,,
SS3-14_GGCTAC-GACGT_L002,106,KES_2,,https://github.com/RobertsLab/project-olympia.oyster-genomic/wiki/2bRAD-Sequencing-December-2015,O_lurida,20151211,20151231,larvae,DNA,Illumina,,SE50,2bRAD,,,,Oly reciprocal transplant 2bRAD,,/Volumes/web/nightingales/O_lurida/2bRAD_Dec2015/SS3-14_GGCTAC-GACGT_L002_R1_001.fastq.gz,http://owl.fish.washington.edu/nightingales/O_lurida/2bRAD_Dec2015/SS3-14_GGCTAC-GACGT_L002_R1_001.fastq.gz,,,,
SS3-15_CGATGT-TCAGCAC_L002,106,KES_2,,https://github.com/RobertsLab/project-olympia.oyster-genomic/wiki/2bRAD-Sequencing-December-2015,O_lurida,20151211,20151231,larvae,DNA,Illumina,,SE50,2bRAD,,,,Oly reciprocal transplant 2bRAD,,/Volumes/web/nightingales/O_lurida/2bRAD_Dec2015/SS3-15_CGATGT-TCAGCAC_L002_R1_001.fastq.gz,http://owl.fish.washington.edu/nightingales/O_lurida/2bRAD_Dec2015/SS3-15_CGATGT-TCAGCAC_L002_R1_001.fastq.gz,,,,
SS3-15w_ATCACG-TCATG_L001,106,,,https://github.com/RobertsLab/project-olympia.oyster-genomic/wiki/2bRAD-Sequencing-December-2015,O_lurida,20151211,20151231,larvae,DNA,Illumina,,SE50,2bRAD,,,,Oly reciprocal transplant 2bRAD,,/Volumes/web/nightingales/O_lurida/2bRAD_Dec2015/SS3-15w_ATCACG-TCATG_L001_R1_001.fastq.gz,http://owl.fish.washington.edu/nightingales/O_lurida/2bRAD_Dec2015/SS3-15w_ATCACG-TCATG_L001_R1_001.fastq.gz,,,,
SS3-16_GGCTAC-CGTACG_L002,106,KES_2,,https://github.com/RobertsLab/project-olympia.oyster-genomic/wiki/2bRAD-Sequencing-December-2015,O_lurida,20151211,20151231,larvae,DNA,Illumina,,SE50,2bRAD,,,,Oly reciprocal transplant 2bRAD,,/Volumes/web/nightingales/O_lurida/2bRAD_Dec2015/SS3-16_GGCTAC-CGTACG_L002_R1_001.fastq.gz,http://owl.fish.washington.edu/nightingales/O_lurida/2bRAD_Dec2015/SS3-16_GGCTAC-CGTACG_L002_R1_001.fastq.gz,,,,
SS3-16w_TAGCTT-TCATG_L001,106,,,https://github.com/RobertsLab/project-olympia.oyster-genomic/wiki/2bRAD-Sequencing-December-2015,O_lurida,20151211,20151231,larvae,DNA,Illumina,,SE50,2bRAD,,,,Oly reciprocal transplant 2bRAD,,/Volumes/web/nightingales/O_lurida/2bRAD_Dec2015/SS3-16w_TAGCTT-TCATG_L001_R1_001.fastq.gz,http://owl.fish.washington.edu/nightingales/O_lurida/2bRAD_Dec2015/SS3-16w_TAGCTT-TCATG_L001_R1_001.fastq.gz,,,,
SS3-17_ACAGTG-GACGT_L002,106,KES_2,,https://github.com/RobertsLab/project-olympia.oyster-genomic/wiki/2bRAD-Sequencing-December-2015,O_lurida,20151211,20151231,larvae,DNA,Illumina,,SE50,2bRAD,,,,Oly reciprocal transplant 2bRAD,,/Volumes/web/nightingales/O_lurida/2bRAD_Dec2015/SS3-17_ACAGTG-GACGT_L002_R1_001.fastq.gz,http://owl.fish.washington.edu/nightingales/O_lurida/2bRAD_Dec2015/SS3-17_ACAGTG-GACGT_L002_R1_001.fastq.gz,,,,
SS3-18_ATCACG-CGCTATG_L002,106,KES_2,,https://github.com/RobertsLab/project-olympia.oyster-genomic/wiki/2bRAD-Sequencing-December-2015,O_lurida,20151211,20151231,larvae,DNA,Illumina,,SE50,2bRAD,,,,Oly reciprocal transplant 2bRAD,,/Volumes/web/nightingales/O_lurida/2bRAD_Dec2015/SS3-18_ATCACG-CGCTATG_L002_R1_001.fastq.gz,http://owl.fish.washington.edu/nightingales/O_lurida/2bRAD_Dec2015/SS3-18_ATCACG-CGCTATG_L002_R1_001.fastq.gz,,,,
SS3-19_ATCACG-GACGT_L002,106,KES_2,,https://github.com/RobertsLab/project-olympia.oyster-genomic/wiki/2bRAD-Sequencing-December-2015,O_lurida,20151211,20151231,larvae,DNA,Illumina,,SE50,2bRAD,,,,Oly reciprocal transplant 2bRAD,,/Volumes/web/nightingales/O_lurida/2bRAD_Dec2015/SS3-19_ATCACG-GACGT_L002_R1_001.fastq.gz,http://owl.fish.washington.edu/nightingales/O_lurida/2bRAD_Dec2015/SS3-19_ATCACG-GACGT_L002_R1_001.fastq.gz,,,,
SS3-2_TTAGGC-ATGCAT_L002,106,KES_2,,https://github.com/RobertsLab/project-olympia.oyster-genomic/wiki/2bRAD-Sequencing-December-2015,O_lurida,20151211,20151231,larvae,DNA,Illumina,,SE50,2bRAD,,,,Oly reciprocal transplant 2bRAD,,/Volumes/web/nightingales/O_lurida/2bRAD_Dec2015/SS3-2_TTAGGC-ATGCAT_L002_R1_001.fastq.gz,http://owl.fish.washington.edu/nightingales/O_lurida/2bRAD_Dec2015/SS3-2_TTAGGC-ATGCAT_L002_R1_001.fastq.gz,,,,
SS3-3_TTAGGC-GATCTCT_L002,106,KES_2,,https://github.com/RobertsLab/project-olympia.oyster-genomic/wiki/2bRAD-Sequencing-December-2015,O_lurida,20151211,20151231,larvae,DNA,Illumina,,SE50,2bRAD,,,,Oly reciprocal transplant 2bRAD,,/Volumes/web/nightingales/O_lurida/2bRAD_Dec2015/SS3-3_TTAGGC-GATCTCT_L002_R1_001.fastq.gz,http://owl.fish.washington.edu/nightingales/O_lurida/2bRAD_Dec2015/SS3-3_TTAGGC-GATCTCT_L002_R1_001.fastq.gz,,,,
SS3-4_CTTGTA-CGCTATG_L002,106,KES_2,,https://github.com/RobertsLab/project-olympia.oyster-genomic/wiki/2bRAD-Sequencing-December-2015,O_lurida,20151211,20151231,larvae,DNA,Illumina,,SE50,2bRAD,,,,Oly reciprocal transplant 2bRAD,,/Volumes/web/nightingales/O_lurida/2bRAD_Dec2015/SS3-4_CTTGTA-CGCTATG_L002_R1_001.fastq.gz,http://owl.fish.washington.edu/nightingales/O_lurida/2bRAD_Dec2015/SS3-4_CTTGTA-CGCTATG_L002_R1_001.fastq.gz,,,,
SS3-5A_ACTTGA-CGCTATG_L001,106,KES_2,,https://github.com/RobertsLab/project-olympia.oyster-genomic/wiki/2bRAD-Sequencing-December-2015,O_lurida,20151211,20151231,larvae,DNA,Illumina,,SE50,2bRAD,,,,Oly reciprocal transplant 2bRAD,,/Volumes/web/nightingales/O_lurida/2bRAD_Dec2015/SS3-5A_ACTTGA-CGCTATG_L001_R1_001.fastq.gz,http://owl.fish.washington.edu/nightingales/O_lurida/2bRAD_Dec2015/SS3-5A_ACTTGA-CGCTATG_L001_R1_001.fastq.gz,,,,
SS3-5B_TAGCTT-ATGCAT_L002,106,KES_2,,https://github.com/RobertsLab/project-olympia.oyster-genomic/wiki/2bRAD-Sequencing-December-2015,O_lurida,20151211,20151231,larvae,DNA,Illumina,,SE50,2bRAD,,,,Oly reciprocal transplant 2bRAD,,/Volumes/web/nightingales/O_lurida/2bRAD_Dec2015/SS3-5B_TAGCTT-ATGCAT_L002_R1_001.fastq.gz,http://owl.fish.washington.edu/nightingales/O_lurida/2bRAD_Dec2015/SS3-5B_TAGCTT-ATGCAT_L002_R1_001.fastq.gz,,,,
SS3-5C_GCCAAT-GATCTCT_L001,106,KES_2,,https://github.com/RobertsLab/project-olympia.oyster-genomic/wiki/2bRAD-Sequencing-December-2015,O_lurida,20151211,20151231,larvae,DNA,Illumina,,SE50,2bRAD,,,,Oly reciprocal transplant 2bRAD,,/Volumes/web/nightingales/O_lurida/2bRAD_Dec2015/SS3-5C_GCCAAT-GATCTCT_L001_R1_001.fastq.gz,http://owl.fish.washington.edu/nightingales/O_lurida/2bRAD_Dec2015/SS3-5C_GCCAAT-GATCTCT_L001_R1_001.fastq.gz,,,,
SS3-5D_GGCTAC-ATGAGCAC_L001,106,KES_2,,https://github.com/RobertsLab/project-olympia.oyster-genomic/wiki/2bRAD-Sequencing-December-2015,O_lurida,20151211,20151231,larvae,DNA,Illumina,,SE50,2bRAD,,,,Oly reciprocal transplant 2bRAD,,/Volumes/web/nightingales/O_lurida/2bRAD_Dec2015/SS3-5D_GGCTAC-ATGAGCAC_L001_R1_001.fastq.gz,http://owl.fish.washington.edu/nightingales/O_lurida/2bRAD_Dec2015/SS3-5D_GGCTAC-ATGAGCAC_L001_R1_001.fastq.gz,,,,
SS3-6_GATCAG-GATCTCT_L002,106,KES_3,,https://github.com/RobertsLab/project-olympia.oyster-genomic/wiki/2bRAD-Sequencing-December-2015,O_lurida,20151211,20151231,larvae,DNA,Illumina,,SE50,2bRAD,,,,Oly reciprocal transplant 2bRAD,,/Volumes/web/nightingales/O_lurida/2bRAD_Dec2015/SS3-6_GATCAG-GATCTCT_L002_R1_001.fastq.gz,http://owl.fish.washington.edu/nightingales/O_lurida/2bRAD_Dec2015/SS3-6_GATCAG-GATCTCT_L002_R1_001.fastq.gz,,,,
SS3-7_TGACCA-TCAGCAC_L002,106,KES_3,,https://github.com/RobertsLab/project-olympia.oyster-genomic/wiki/2bRAD-Sequencing-December-2015,O_lurida,20151211,20151231,larvae,DNA,Illumina,,SE50,2bRAD,,,,Oly reciprocal transplant 2bRAD,,/Volumes/web/nightingales/O_lurida/2bRAD_Dec2015/SS3-7_TGACCA-TCAGCAC_L002_R1_001.fastq.gz,http://owl.fish.washington.edu/nightingales/O_lurida/2bRAD_Dec2015/SS3-7_TGACCA-TCAGCAC_L002_R1_001.fastq.gz,,,,
SS3-8_ACTTGA-ATGCAT_L002,106,KES_3,,https://github.com/RobertsLab/project-olympia.oyster-genomic/wiki/2bRAD-Sequencing-December-2015,O_lurida,20151211,20151231,larvae,DNA,Illumina,,SE50,2bRAD,,,,Oly reciprocal transplant 2bRAD,,/Volumes/web/nightingales/O_lurida/2bRAD_Dec2015/SS3-8_ACTTGA-ATGCAT_L002_R1_001.fastq.gz,http://owl.fish.washington.edu/nightingales/O_lurida/2bRAD_Dec2015/SS3-8_ACTTGA-ATGCAT_L002_R1_001.fastq.gz,,,,
SS3-9_CGATGT-ATGAGCAC_L002,106,KES_4,,https://github.com/RobertsLab/project-olympia.oyster-genomic/wiki/2bRAD-Sequencing-December-2015,O_lurida,20151211,20151231,larvae,DNA,Illumina,,SE50,2bRAD,,,,Oly reciprocal transplant 2bRAD,,/Volumes/web/nightingales/O_lurida/2bRAD_Dec2015/SS3-9_CGATGT-ATGAGCAC_L002_R1_001.fastq.gz,http://owl.fish.washington.edu/nightingales/O_lurida/2bRAD_Dec2015/SS3-9_CGATGT-ATGAGCAC_L002_R1_001.fastq.gz,,,,
SS4-10A_TTAGGC-GATCTCT_L001,106,KES_3,,https://github.com/RobertsLab/project-olympia.oyster-genomic/wiki/2bRAD-Sequencing-December-2015,O_lurida,20151211,20151231,larvae,DNA,Illumina,,SE50,2bRAD,,,,Oly reciprocal transplant 2bRAD,,/Volumes/web/nightingales/O_lurida/2bRAD_Dec2015/SS4-10A_TTAGGC-GATCTCT_L001_R1_001.fastq.gz,http://owl.fish.washington.edu/nightingales/O_lurida/2bRAD_Dec2015/SS4-10A_TTAGGC-GATCTCT_L001_R1_001.fastq.gz,,,,
SS4-10B_ACTTGA-CGTACG_L001,106,KES_3,,https://github.com/RobertsLab/project-olympia.oyster-genomic/wiki/2bRAD-Sequencing-December-2015,O_lurida,20151211,20151231,larvae,DNA,Illumina,,SE50,2bRAD,,,,Oly reciprocal transplant 2bRAD,,/Volumes/web/nightingales/O_lurida/2bRAD_Dec2015/SS4-10B_ACTTGA-CGTACG_L001_R1_001.fastq.gz,http://owl.fish.washington.edu/nightingales/O_lurida/2bRAD_Dec2015/SS4-10B_ACTTGA-CGTACG_L001_R1_001.fastq.gz,,,,
SS4-11_CAGATC-ATGCAT_L001,106,KES_3,,https://github.com/RobertsLab/project-olympia.oyster-genomic/wiki/2bRAD-Sequencing-December-2015,O_lurida,20151211,20151231,larvae,DNA,Illumina,,SE50,2bRAD,,,,Oly reciprocal transplant 2bRAD,,/Volumes/web/nightingales/O_lurida/2bRAD_Dec2015/SS4-11_CAGATC-ATGCAT_L001_R1_001.fastq.gz,http://owl.fish.washington.edu/nightingales/O_lurida/2bRAD_Dec2015/SS4-11_CAGATC-ATGCAT_L001_R1_001.fastq.gz,,,,
SS4-12_TTAGGC-CGTACG_L001,106,KES_3,,https://github.com/RobertsLab/project-olympia.oyster-genomic/wiki/2bRAD-Sequencing-December-2015,O_lurida,20151211,20151231,larvae,DNA,Illumina,,SE50,2bRAD,,,,Oly reciprocal transplant 2bRAD,,/Volumes/web/nightingales/O_lurida/2bRAD_Dec2015/SS4-12_TTAGGC-CGTACG_L001_R1_001.fastq.gz,http://owl.fish.washington.edu/nightingales/O_lurida/2bRAD_Dec2015/SS4-12_TTAGGC-CGTACG_L001_R1_001.fastq.gz,,,,
SS4-13_ACTTGA-ATGAGCAC_L001,106,KES_3,,https://github.com/RobertsLab/project-olympia.oyster-genomic/wiki/2bRAD-Sequencing-December-2015,O_lurida,20151211,20151231,larvae,DNA,Illumina,,SE50,2bRAD,,,,Oly reciprocal transplant 2bRAD,,/Volumes/web/nightingales/O_lurida/2bRAD_Dec2015/SS4-13_ACTTGA-ATGAGCAC_L001_R1_001.fastq.gz,http://owl.fish.washington.edu/nightingales/O_lurida/2bRAD_Dec2015/SS4-13_ACTTGA-ATGAGCAC_L001_R1_001.fastq.gz,,,,
SS4-14_CTTGTA-ATGAGCAC_L001,106,KES_3,,https://github.com/RobertsLab/project-olympia.oyster-genomic/wiki/2bRAD-Sequencing-December-2015,O_lurida,20151211,20151231,larvae,DNA,Illumina,,SE50,2bRAD,,,,Oly reciprocal transplant 2bRAD,,/Volumes/web/nightingales/O_lurida/2bRAD_Dec2015/SS4-14_CTTGTA-ATGAGCAC_L001_R1_001.fastq.gz,http://owl.fish.washington.edu/nightingales/O_lurida/2bRAD_Dec2015/SS4-14_CTTGTA-ATGAGCAC_L001_R1_001.fastq.gz,,,,
SS4-15_CGATGT-GATCTCT_L001,106,KES_3,,https://github.com/RobertsLab/project-olympia.oyster-genomic/wiki/2bRAD-Sequencing-December-2015,O_lurida,20151211,20151231,larvae,DNA,Illumina,,SE50,2bRAD,,,,Oly reciprocal transplant 2bRAD,,/Volumes/web/nightingales/O_lurida/2bRAD_Dec2015/SS4-15_CGATGT-GATCTCT_L001_R1_001.fastq.gz,http://owl.fish.washington.edu/nightingales/O_lurida/2bRAD_Dec2015/SS4-15_CGATGT-GATCTCT_L001_R1_001.fastq.gz,,,,
SS4-17_ACAGTG-ATGCAT_L001,106,KES_3,,https://github.com/RobertsLab/project-olympia.oyster-genomic/wiki/2bRAD-Sequencing-December-2015,O_lurida,20151211,20151231,larvae,DNA,Illumina,,SE50,2bRAD,,,,Oly reciprocal transplant 2bRAD,,/Volumes/web/nightingales/O_lurida/2bRAD_Dec2015/SS4-17_ACAGTG-ATGCAT_L001_R1_001.fastq.gz,http://owl.fish.washington.edu/nightingales/O_lurida/2bRAD_Dec2015/SS4-17_ACAGTG-ATGCAT_L001_R1_001.fastq.gz,,,,
SS4-18_CGATGT-ATGAGCAC_L001,106,KES_3,,https://github.com/RobertsLab/project-olympia.oyster-genomic/wiki/2bRAD-Sequencing-December-2015,O_lurida,20151211,20151231,larvae,DNA,Illumina,,SE50,2bRAD,,,,Oly reciprocal transplant 2bRAD,,/Volumes/web/nightingales/O_lurida/2bRAD_Dec2015/SS4-18_CGATGT-ATGAGCAC_L001_R1_001.fastq.gz,http://owl.fish.washington.edu/nightingales/O_lurida/2bRAD_Dec2015/SS4-18_CGATGT-ATGAGCAC_L001_R1_001.fastq.gz,,,,
SS4-19_CGATGT-ATGCAT_L001,106,KES_3,,https://github.com/RobertsLab/project-olympia.oyster-genomic/wiki/2bRAD-Sequencing-December-2015,O_lurida,20151211,20151231,larvae,DNA,Illumina,,SE50,2bRAD,,,,Oly reciprocal transplant 2bRAD,,/Volumes/web/nightingales/O_lurida/2bRAD_Dec2015/SS4-19_CGATGT-ATGCAT_L001_R1_001.fastq.gz,http://owl.fish.washington.edu/nightingales/O_lurida/2bRAD_Dec2015/SS4-19_CGATGT-ATGCAT_L001_R1_001.fastq.gz,,,,
SS4-1Aw_ACTTGA-GACGT_L001,106,KES_3,,https://github.com/RobertsLab/project-olympia.oyster-genomic/wiki/2bRAD-Sequencing-December-2015,O_lurida,20151211,20151231,larvae,DNA,Illumina,,SE50,2bRAD,,,,Oly reciprocal transplant 2bRAD,,/Volumes/web/nightingales/O_lurida/2bRAD_Dec2015/SS4-1Aw_ACTTGA-GACGT_L001_R1_001.fastq.gz,http://owl.fish.washington.edu/nightingales/O_lurida/2bRAD_Dec2015/SS4-1Aw_ACTTGA-GACGT_L001_R1_001.fastq.gz,,,,
SS4-1Bw_TAGCTT-CGTACG_L001,106,KES_3,,https://github.com/RobertsLab/project-olympia.oyster-genomic/wiki/2bRAD-Sequencing-December-2015,O_lurida,20151211,20151231,larvae,DNA,Illumina,,SE50,2bRAD,,,,Oly reciprocal transplant 2bRAD,,/Volumes/web/nightingales/O_lurida/2bRAD_Dec2015/SS4-1Bw_TAGCTT-CGTACG_L001_R1_001.fastq.gz,http://owl.fish.washington.edu/nightingales/O_lurida/2bRAD_Dec2015/SS4-1Bw_TAGCTT-CGTACG_L001_R1_001.fastq.gz,,,,
SS4-2_GCCAAT-CGTACG_L001,106,KES_3,,https://github.com/RobertsLab/project-olympia.oyster-genomic/wiki/2bRAD-Sequencing-December-2015,O_lurida,20151211,20151231,larvae,DNA,Illumina,,SE50,2bRAD,,,,Oly reciprocal transplant 2bRAD,,/Volumes/web/nightingales/O_lurida/2bRAD_Dec2015/SS4-2_GCCAAT-CGTACG_L001_R1_001.fastq.gz,http://owl.fish.washington.edu/nightingales/O_lurida/2bRAD_Dec2015/SS4-2_GCCAAT-CGTACG_L001_R1_001.fastq.gz,,,,
SS4-20_TTAGGC-ATGAGCAC_L001,106,KES_3,,https://github.com/RobertsLab/project-olympia.oyster-genomic/wiki/2bRAD-Sequencing-December-2015,O_lurida,20151211,20151231,larvae,DNA,Illumina,,SE50,2bRAD,,,,Oly reciprocal transplant 2bRAD,,/Volumes/web/nightingales/O_lurida/2bRAD_Dec2015/SS4-20_TTAGGC-ATGAGCAC_L001_R1_001.fastq.gz,http://owl.fish.washington.edu/nightingales/O_lurida/2bRAD_Dec2015/SS4-20_TTAGGC-ATGAGCAC_L001_R1_001.fastq.gz,,,,
SS4-3w_GCCAAT-TCAGCAC_L001,106,KES_3,,https://github.com/RobertsLab/project-olympia.oyster-genomic/wiki/2bRAD-Sequencing-December-2015,O_lurida,20151211,20151231,larvae,DNA,Illumina,,SE50,2bRAD,,,,Oly reciprocal transplant 2bRAD,,/Volumes/web/nightingales/O_lurida/2bRAD_Dec2015/SS4-3w_GCCAAT-TCAGCAC_L001_R1_001.fastq.gz,http://owl.fish.washington.edu/nightingales/O_lurida/2bRAD_Dec2015/SS4-3w_GCCAAT-TCAGCAC_L001_R1_001.fastq.gz,,,,
SS4-4_GATCAG-CGTACG_L001,106,KES_3,,https://github.com/RobertsLab/project-olympia.oyster-genomic/wiki/2bRAD-Sequencing-December-2015,O_lurida,20151211,20151231,larvae,DNA,Illumina,,SE50,2bRAD,,,,Oly reciprocal transplant 2bRAD,,/Volumes/web/nightingales/O_lurida/2bRAD_Dec2015/SS4-4_GATCAG-CGTACG_L001_R1_001.fastq.gz,http://owl.fish.washington.edu/nightingales/O_lurida/2bRAD_Dec2015/SS4-4_GATCAG-CGTACG_L001_R1_001.fastq.gz,,,,
SS4-5_GATCAG-CGCTATG_L001,106,KES_3,,https://github.com/RobertsLab/project-olympia.oyster-genomic/wiki/2bRAD-Sequencing-December-2015,O_lurida,20151211,20151231,larvae,DNA,Illumina,,SE50,2bRAD,,,,Oly reciprocal transplant 2bRAD,,/Volumes/web/nightingales/O_lurida/2bRAD_Dec2015/SS4-5_GATCAG-CGCTATG_L001_R1_001.fastq.gz,http://owl.fish.washington.edu/nightingales/O_lurida/2bRAD_Dec2015/SS4-5_GATCAG-CGCTATG_L001_R1_001.fastq.gz,,,,
SS4-6_GGCTAC-ATGCAT_L001,106,KES_3,,https://github.com/RobertsLab/project-olympia.oyster-genomic/wiki/2bRAD-Sequencing-December-2015,O_lurida,20151211,20151231,larvae,DNA,Illumina,,SE50,2bRAD,,,,Oly reciprocal transplant 2bRAD,,/Volumes/web/nightingales/O_lurida/2bRAD_Dec2015/SS4-6_GGCTAC-ATGCAT_L001_R1_001.fastq.gz,http://owl.fish.washington.edu/nightingales/O_lurida/2bRAD_Dec2015/SS4-6_GGCTAC-ATGCAT_L001_R1_001.fastq.gz,,,,
SS4-7w_CAGATC-TCAGCAC_L001,106,KES_3,,https://github.com/RobertsLab/project-olympia.oyster-genomic/wiki/2bRAD-Sequencing-December-2015,O_lurida,20151211,20151231,larvae,DNA,Illumina,,SE50,2bRAD,,,,Oly reciprocal transplant 2bRAD,,/Volumes/web/nightingales/O_lurida/2bRAD_Dec2015/SS4-7w_CAGATC-TCAGCAC_L001_R1_001.fastq.gz,http://owl.fish.washington.edu/nightingales/O_lurida/2bRAD_Dec2015/SS4-7w_CAGATC-TCAGCAC_L001_R1_001.fastq.gz,,,,
SS4-8_ACAGTG-GATCTCT_L001,106,KES_3,,https://github.com/RobertsLab/project-olympia.oyster-genomic/wiki/2bRAD-Sequencing-December-2015,O_lurida,20151211,20151231,larvae,DNA,Illumina,,SE50,2bRAD,,,,Oly reciprocal transplant 2bRAD,,/Volumes/web/nightingales/O_lurida/2bRAD_Dec2015/SS4-8_ACAGTG-GATCTCT_L001_R1_001.fastq.gz,http://owl.fish.washington.edu/nightingales/O_lurida/2bRAD_Dec2015/SS4-8_ACAGTG-GATCTCT_L001_R1_001.fastq.gz,,,,
SS4-9_GGCTAC-TCATG_L001,106,KES_3,,https://github.com/RobertsLab/project-olympia.oyster-genomic/wiki/2bRAD-Sequencing-December-2015,O_lurida,20151211,20151231,larvae,DNA,Illumina,,SE50,2bRAD,,,,Oly reciprocal transplant 2bRAD,,/Volumes/web/nightingales/O_lurida/2bRAD_Dec2015/SS4-9_GGCTAC-TCATG_L001_R1_001.fastq.gz,http://owl.fish.washington.edu/nightingales/O_lurida/2bRAD_Dec2015/SS4-9_GGCTAC-TCATG_L001_R1_001.fastq.gz,,,,
SS5-1_TTAGGC-CGTACG_L001,106,KES_4,,https://github.com/RobertsLab/project-olympia.oyster-genomic/wiki/2bRAD-Sequencing-December-2015,O_lurida,20151211,20151231,larvae,DNA,Illumina,,SE50,2bRAD,,,,Oly reciprocal transplant 2bRAD,,/Volumes/web/nightingales/O_lurida/2bRAD_Dec2015/SS5-1_TTAGGC-CGTACG_L001_R1_001.fastq.gz,http://owl.fish.washington.edu/nightingales/O_lurida/2bRAD_Dec2015/SS5-1_TTAGGC-CGTACG_L001_R1_001.fastq.gz,,,,
SS5-10_TAGCTT-CGCTATG_L001,106,KES_4,,https://github.com/RobertsLab/project-olympia.oyster-genomic/wiki/2bRAD-Sequencing-December-2015,O_lurida,20151211,20151231,larvae,DNA,Illumina,,SE50,2bRAD,,,,Oly reciprocal transplant 2bRAD,,/Volumes/web/nightingales/O_lurida/2bRAD_Dec2015/SS5-10_TAGCTT-CGCTATG_L001_R1_001.fastq.gz,http://owl.fish.washington.edu/nightingales/O_lurida/2bRAD_Dec2015/SS5-10_TAGCTT-CGCTATG_L001_R1_001.fastq.gz,,,,
SS5-11_GATCAG-GACGT_L001,106,KES_4,,https://github.com/RobertsLab/project-olympia.oyster-genomic/wiki/2bRAD-Sequencing-December-2015,O_lurida,20151211,20151231,larvae,DNA,Illumina,,SE50,2bRAD,,,,Oly reciprocal transplant 2bRAD,,/Volumes/web/nightingales/O_lurida/2bRAD_Dec2015/SS5-11_GATCAG-GACGT_L001_R1_001.fastq.gz,http://owl.fish.washington.edu/nightingales/O_lurida/2bRAD_Dec2015/SS5-11_GATCAG-GACGT_L001_R1_001.fastq.gz,,,,
SS5-12_CAGATC-GACGT_L001,106,KES_4,,https://github.com/RobertsLab/project-olympia.oyster-genomic/wiki/2bRAD-Sequencing-December-2015,O_lurida,20151211,20151231,larvae,DNA,Illumina,,SE50,2bRAD,,,,Oly reciprocal transplant 2bRAD,,/Volumes/web/nightingales/O_lurida/2bRAD_Dec2015/SS5-12_CAGATC-GACGT_L001_R1_001.fastq.gz,http://owl.fish.washington.edu/nightingales/O_lurida/2bRAD_Dec2015/SS5-12_CAGATC-GACGT_L001_R1_001.fastq.gz,,,,
SS5-13A_CTTGTA-TCATG_L001,106,KES_4,,https://github.com/RobertsLab/project-olympia.oyster-genomic/wiki/2bRAD-Sequencing-December-2015,O_lurida,20151211,20151231,larvae,DNA,Illumina,,SE50,2bRAD,,,,Oly reciprocal transplant 2bRAD,,/Volumes/web/nightingales/O_lurida/2bRAD_Dec2015/SS5-13A_CTTGTA-TCATG_L001_R1_001.fastq.gz,http://owl.fish.washington.edu/nightingales/O_lurida/2bRAD_Dec2015/SS5-13A_CTTGTA-TCATG_L001_R1_001.fastq.gz,,,,
SS5-13B_GGCTAC-GATCTCT_L001,106,KES_4,,https://github.com/RobertsLab/project-olympia.oyster-genomic/wiki/2bRAD-Sequencing-December-2015,O_lurida,20151211,20151231,larvae,DNA,Illumina,,SE50,2bRAD,,,,Oly reciprocal transplant 2bRAD,,/Volumes/web/nightingales/O_lurida/2bRAD_Dec2015/SS5-13B_GGCTAC-GATCTCT_L001_R1_001.fastq.gz,http://owl.fish.washington.edu/nightingales/O_lurida/2bRAD_Dec2015/SS5-13B_GGCTAC-GATCTCT_L001_R1_001.fastq.gz,,,,
SS5-14_CGATGT-TCAGCAC_L001,106,KES_4,,https://github.com/RobertsLab/project-olympia.oyster-genomic/wiki/2bRAD-Sequencing-December-2015,O_lurida,20151211,20151231,larvae,DNA,Illumina,,SE50,2bRAD,,,,Oly reciprocal transplant 2bRAD,,/Volumes/web/nightingales/O_lurida/2bRAD_Dec2015/SS5-14_CGATGT-TCAGCAC_L001_R1_001.fastq.gz,http://owl.fish.washington.edu/nightingales/O_lurida/2bRAD_Dec2015/SS5-14_CGATGT-TCAGCAC_L001_R1_001.fastq.gz,,,,
SS5-15_CAGATC-ATGCAT_L001,106,KES_4,,https://github.com/RobertsLab/project-olympia.oyster-genomic/wiki/2bRAD-Sequencing-December-2015,O_lurida,20151211,20151231,larvae,DNA,Illumina,,SE50,2bRAD,,,,Oly reciprocal transplant 2bRAD,,/Volumes/web/nightingales/O_lurida/2bRAD_Dec2015/SS5-15_CAGATC-ATGCAT_L001_R1_001.fastq.gz,http://owl.fish.washington.edu/nightingales/O_lurida/2bRAD_Dec2015/SS5-15_CAGATC-ATGCAT_L001_R1_001.fastq.gz,,,,
SS5-16_TGACCA-TCATG_L001,106,KES_4,,https://github.com/RobertsLab/project-olympia.oyster-genomic/wiki/2bRAD-Sequencing-December-2015,O_lurida,20151211,20151231,larvae,DNA,Illumina,,SE50,2bRAD,,,,Oly reciprocal transplant 2bRAD,,/Volumes/web/nightingales/O_lurida/2bRAD_Dec2015/SS5-16_TGACCA-TCATG_L001_R1_001.fastq.gz,http://owl.fish.washington.edu/nightingales/O_lurida/2bRAD_Dec2015/SS5-16_TGACCA-TCATG_L001_R1_001.fastq.gz,,,,
SS5-17_TTAGGC-ATGAGCAC_L001,106,KES_4,,https://github.com/RobertsLab/project-olympia.oyster-genomic/wiki/2bRAD-Sequencing-December-2015,O_lurida,20151211,20151231,larvae,DNA,Illumina,,SE50,2bRAD,,,,Oly reciprocal transplant 2bRAD,,/Volumes/web/nightingales/O_lurida/2bRAD_Dec2015/SS5-17_TTAGGC-ATGAGCAC_L001_R1_001.fastq.gz,http://owl.fish.washington.edu/nightingales/O_lurida/2bRAD_Dec2015/SS5-17_TTAGGC-ATGAGCAC_L001_R1_001.fastq.gz,,,,
SS5-18_TGACCA-GATCTCT_L001,106,KES_4,,https://github.com/RobertsLab/project-olympia.oyster-genomic/wiki/2bRAD-Sequencing-December-2015,O_lurida,20151211,20151231,larvae,DNA,Illumina,,SE50,2bRAD,,,,Oly reciprocal transplant 2bRAD,,/Volumes/web/nightingales/O_lurida/2bRAD_Dec2015/SS5-18_TGACCA-GATCTCT_L001_R1_001.fastq.gz,http://owl.fish.washington.edu/nightingales/O_lurida/2bRAD_Dec2015/SS5-18_TGACCA-GATCTCT_L001_R1_001.fastq.gz,,,,
SS5-19_ACTTGA-GATCTCT_L001,106,KES_4,,https://github.com/RobertsLab/project-olympia.oyster-genomic/wiki/2bRAD-Sequencing-December-2015,O_lurida,20151211,20151231,larvae,DNA,Illumina,,SE50,2bRAD,,,,Oly reciprocal transplant 2bRAD,,/Volumes/web/nightingales/O_lurida/2bRAD_Dec2015/SS5-19_ACTTGA-GATCTCT_L001_R1_001.fastq.gz,http://owl.fish.washington.edu/nightingales/O_lurida/2bRAD_Dec2015/SS5-19_ACTTGA-GATCTCT_L001_R1_001.fastq.gz,,,,
SS5-2_TAGCTT-ATGCAT_L001,106,KES_4,,https://github.com/RobertsLab/project-olympia.oyster-genomic/wiki/2bRAD-Sequencing-December-2015,O_lurida,20151211,20151231,larvae,DNA,Illumina,,SE50,2bRAD,,,,Oly reciprocal transplant 2bRAD,,/Volumes/web/nightingales/O_lurida/2bRAD_Dec2015/SS5-2_TAGCTT-ATGCAT_L001_R1_001.fastq.gz,http://owl.fish.washington.edu/nightingales/O_lurida/2bRAD_Dec2015/SS5-2_TAGCTT-ATGCAT_L001_R1_001.fastq.gz,,,,
SS5-3_ACTTGA-TCATG_L001,106,KES_4,,https://github.com/RobertsLab/project-olympia.oyster-genomic/wiki/2bRAD-Sequencing-December-2015,O_lurida,20151211,20151231,larvae,DNA,Illumina,,SE50,2bRAD,,,,Oly reciprocal transplant 2bRAD,,/Volumes/web/nightingales/O_lurida/2bRAD_Dec2015/SS5-3_ACTTGA-TCATG_L001_R1_001.fastq.gz,http://owl.fish.washington.edu/nightingales/O_lurida/2bRAD_Dec2015/SS5-3_ACTTGA-TCATG_L001_R1_001.fastq.gz,,,,
SS5-4_CAGATC-GATCTCT_L001,106,KES_4,,https://github.com/RobertsLab/project-olympia.oyster-genomic/wiki/2bRAD-Sequencing-December-2015,O_lurida,20151211,20151231,larvae,DNA,Illumina,,SE50,2bRAD,,,,Oly reciprocal transplant 2bRAD,,/Volumes/web/nightingales/O_lurida/2bRAD_Dec2015/SS5-4_CAGATC-GATCTCT_L001_R1_001.fastq.gz,http://owl.fish.washington.edu/nightingales/O_lurida/2bRAD_Dec2015/SS5-4_CAGATC-GATCTCT_L001_R1_001.fastq.gz,,,,
SS5-5_TGACCA-ATGAGCAC_L001,106,KES_4,,https://github.com/RobertsLab/project-olympia.oyster-genomic/wiki/2bRAD-Sequencing-December-2015,O_lurida,20151211,20151231,larvae,DNA,Illumina,,SE50,2bRAD,,,,Oly reciprocal transplant 2bRAD,,/Volumes/web/nightingales/O_lurida/2bRAD_Dec2015/SS5-5_TGACCA-ATGAGCAC_L001_R1_001.fastq.gz,http://owl.fish.washington.edu/nightingales/O_lurida/2bRAD_Dec2015/SS5-5_TGACCA-ATGAGCAC_L001_R1_001.fastq.gz,,,,
SS5-6_CAGATC-CGTACG_L001,106,KES_4,,https://github.com/RobertsLab/project-olympia.oyster-genomic/wiki/2bRAD-Sequencing-December-2015,O_lurida,20151211,20151231,larvae,DNA,Illumina,,SE50,2bRAD,,,,Oly reciprocal transplant 2bRAD,,/Volumes/web/nightingales/O_lurida/2bRAD_Dec2015/SS5-6_CAGATC-CGTACG_L001_R1_001.fastq.gz,http://owl.fish.washington.edu/nightingales/O_lurida/2bRAD_Dec2015/SS5-6_CAGATC-CGTACG_L001_R1_001.fastq.gz,,,,
SS5-7_ATCACG-TCATG_L001,106,KES_4,,https://github.com/RobertsLab/project-olympia.oyster-genomic/wiki/2bRAD-Sequencing-December-2015,O_lurida,20151211,20151231,larvae,DNA,Illumina,,SE50,2bRAD,,,,Oly reciprocal transplant 2bRAD,,/Volumes/web/nightingales/O_lurida/2bRAD_Dec2015/SS5-7_ATCACG-TCATG_L001_R1_001.fastq.gz,http://owl.fish.washington.edu/nightingales/O_lurida/2bRAD_Dec2015/SS5-7_ATCACG-TCATG_L001_R1_001.fastq.gz,,,,
SS5-8_CGATGT-CGCTATG_L001,106,KES_4,,https://github.com/RobertsLab/project-olympia.oyster-genomic/wiki/2bRAD-Sequencing-December-2015,O_lurida,20151211,20151231,larvae,DNA,Illumina,,SE50,2bRAD,,,,Oly reciprocal transplant 2bRAD,,/Volumes/web/nightingales/O_lurida/2bRAD_Dec2015/SS5-8_CGATGT-CGCTATG_L001_R1_001.fastq.gz,http://owl.fish.washington.edu/nightingales/O_lurida/2bRAD_Dec2015/SS5-8_CGATGT-CGCTATG_L001_R1_001.fastq.gz,,,,
SS5-9_CAGATC-TCAGCAC_L001,106,KES_4,,https://github.com/RobertsLab/project-olympia.oyster-genomic/wiki/2bRAD-Sequencing-December-2015,O_lurida,20151211,20151231,larvae,DNA,Illumina,,SE50,2bRAD,,,,Oly reciprocal transplant 2bRAD,,/Volumes/web/nightingales/O_lurida/2bRAD_Dec2015/SS5-9_CAGATC-TCAGCAC_L001_R1_001.fastq.gz,http://owl.fish.washington.edu/nightingales/O_lurida/2bRAD_Dec2015/SS5-9_CAGATC-TCAGCAC_L001_R1_001.fastq.gz,,,,
Oly-RAD-02_CGTGAT-ATGCAT_L002,107,SJW_Oly_2bRAD,,https://github.com/RobertsLab/project-olympia.oyster-genomic/wiki/2bRAD-Sequencing-December-2015,O_lurida,20151211,20151231,whole body,DNA,Illumina,,SE50,2bRAD,,,,Oly reciprocal transplant 2bRAD,,/Volumes/web/nightingales/O_lurida/2bRAD_Dec2015/Oly-RAD-02_CGTGAT-ATGCAT_L002_R1_001.fastq.gz,http://owl.fish.washington.edu/nightingales/O_lurida/2bRAD_Dec2015/Oly-RAD-02_CGTGAT-ATGCAT_L002_R1_001.fastq.gz,,,,
Oly-RAD-03_ACATCG-ATGCAT_L002,107,SJW_Oly_2bRAD,,https://github.com/RobertsLab/project-olympia.oyster-genomic/wiki/2bRAD-Sequencing-December-2015,O_lurida,20151211,20151231,whole body,DNA,Illumina,,SE50,2bRAD,,,,Oly reciprocal transplant 2bRAD,,/Volumes/web/nightingales/O_lurida/2bRAD_Dec2015/Oly-RAD-03_ACATCG-ATGCAT_L002_R1_001.fastq.gz,http://owl.fish.washington.edu/nightingales/O_lurida/2bRAD_Dec2015/Oly-RAD-03_ACATCG-ATGCAT_L002_R1_001.fastq.gz,,,,
Oly-RAD-04_GCCTAA-ATGCAT_L002,107,SJW_Oly_2bRAD,,https://github.com/RobertsLab/project-olympia.oyster-genomic/wiki/2bRAD-Sequencing-December-2015,O_lurida,20151211,20151231,whole body,DNA,Illumina,,SE50,2bRAD,,,,Oly reciprocal transplant 2bRAD,,/Volumes/web/nightingales/O_lurida/2bRAD_Dec2015/Oly-RAD-04_GCCTAA-ATGCAT_L002_R1_001.fastq.gz,http://owl.fish.washington.edu/nightingales/O_lurida/2bRAD_Dec2015/Oly-RAD-04_GCCTAA-ATGCAT_L002_R1_001.fastq.gz,,,,
Oly-RAD-06_TGGTCA-ATGCAT_L002,107,SJW_Oly_2bRAD,,https://github.com/RobertsLab/project-olympia.oyster-genomic/wiki/2bRAD-Sequencing-December-2015,O_lurida,20151211,20151231,whole body,DNA,Illumina,,SE50,2bRAD,,,,Oly reciprocal transplant 2bRAD,,/Volumes/web/nightingales/O_lurida/2bRAD_Dec2015/Oly-RAD-06_TGGTCA-ATGCAT_L002_R1_001.fastq.gz,http://owl.fish.washington.edu/nightingales/O_lurida/2bRAD_Dec2015/Oly-RAD-06_TGGTCA-ATGCAT_L002_R1_001.fastq.gz,,,,
Oly-RAD-07_CACTGT-ATGCAT_L002,107,SJW_Oly_2bRAD,,https://github.com/RobertsLab/project-olympia.oyster-genomic/wiki/2bRAD-Sequencing-December-2015,O_lurida,20151211,20151231,whole body,DNA,Illumina,,SE50,2bRAD,,,,Oly reciprocal transplant 2bRAD,,/Volumes/web/nightingales/O_lurida/2bRAD_Dec2015/Oly-RAD-07_CACTGT-ATGCAT_L002_R1_001.fastq.gz,http://owl.fish.washington.edu/nightingales/O_lurida/2bRAD_Dec2015/Oly-RAD-07_CACTGT-ATGCAT_L002_R1_001.fastq.gz,,,,
Oly-RAD-08_ATTGGC-ATGCAT_L002,107,SJW_Oly_2bRAD,,https://github.com/RobertsLab/project-olympia.oyster-genomic/wiki/2bRAD-Sequencing-December-2015,O_lurida,20151211,20151231,whole body,DNA,Illumina,,SE50,2bRAD,,,,Oly reciprocal transplant 2bRAD,,/Volumes/web/nightingales/O_lurida/2bRAD_Dec2015/Oly-RAD-08_ATTGGC-ATGCAT_L002_R1_001.fastq.gz,http://owl.fish.washington.edu/nightingales/O_lurida/2bRAD_Dec2015/Oly-RAD-08_ATTGGC-ATGCAT_L002_R1_001.fastq.gz,,,,
Oly-RAD-14_GATCTG-ATGCAT_L002,107,SJW_Oly_2bRAD,,https://github.com/RobertsLab/project-olympia.oyster-genomic/wiki/2bRAD-Sequencing-December-2015,O_lurida,20151211,20151231,whole body,DNA,Illumina,,SE50,2bRAD,,,,Oly reciprocal transplant 2bRAD,,/Volumes/web/nightingales/O_lurida/2bRAD_Dec2015/Oly-RAD-14_GATCTG-ATGCAT_L002_R1_001.fastq.gz,http://owl.fish.washington.edu/nightingales/O_lurida/2bRAD_Dec2015/Oly-RAD-14_GATCTG-ATGCAT_L002_R1_001.fastq.gz,,,,
Oly-RAD-17_TCAAGT-ATGCAT_L002,107,SJW_Oly_2bRAD,,https://github.com/RobertsLab/project-olympia.oyster-genomic/wiki/2bRAD-Sequencing-December-2015,O_lurida,20151211,20151231,whole body,DNA,Illumina,,SE50,2bRAD,,,,Oly reciprocal transplant 2bRAD,,/Volumes/web/nightingales/O_lurida/2bRAD_Dec2015/Oly-RAD-17_TCAAGT-ATGCAT_L002_R1_001.fastq.gz,http://owl.fish.washington.edu/nightingales/O_lurida/2bRAD_Dec2015/Oly-RAD-17_TCAAGT-ATGCAT_L002_R1_001.fastq.gz,,,,
Oly-RAD-23_CTGATC-ATGCAT_L002,107,SJW_Oly_2bRAD,,https://github.com/RobertsLab/project-olympia.oyster-genomic/wiki/2bRAD-Sequencing-December-2015,O_lurida,20151211,20151231,whole body,DNA,Illumina,,SE50,2bRAD,,,,Oly reciprocal transplant 2bRAD,,/Volumes/web/nightingales/O_lurida/2bRAD_Dec2015/Oly-RAD-23_CTGATC-ATGCAT_L002_R1_001.fastq.gz,http://owl.fish.washington.edu/nightingales/O_lurida/2bRAD_Dec2015/Oly-RAD-23_CTGATC-ATGCAT_L002_R1_001.fastq.gz,,,,
Oly-RAD-30_AAGCTA-ATGCAT_L002,107,SJW_Oly_2bRAD,,https://github.com/RobertsLab/project-olympia.oyster-genomic/wiki/2bRAD-Sequencing-December-2015,O_lurida,20151211,20151231,whole body,DNA,Illumina,,SE50,2bRAD,,,,Oly reciprocal transplant 2bRAD,,/Volumes/web/nightingales/O_lurida/2bRAD_Dec2015/Oly-RAD-30_AAGCTA-ATGCAT_L002_R1_001.fastq.gz,http://owl.fish.washington.edu/nightingales/O_lurida/2bRAD_Dec2015/Oly-RAD-30_AAGCTA-ATGCAT_L002_R1_001.fastq.gz,,,,
1_ATCACG_L001,108,1NF11,SJW,http://onsnetwork.org/kubu4/category/olympia-oyster-reciprocal-transplant/bs-seq-libraries-for-genewiz/,O_lurida,20151222,20160108,tissue,DNA,Illumina,,SE50,BS-seq,SRP163248,,,Oly reciprocal transplant BSseq,,/Volumes/web/nightingales/O_lurida/1_ATCACG_L001_R1_001.fastq.gz,http://owl.fish.washington.edu/nightingales/O_lurida/1_ATCACG_L001_R1_001.fastq.gz,,,,
2_CGATGT_L001,109,1NF15,SJW,http://onsnetwork.org/kubu4/category/olympia-oyster-reciprocal-transplant/bs-seq-libraries-for-genewiz/,O_lurida,20151222,20160108,tissue,DNA,Illumina,,SE50,BS-seq,SRP163248,,,Oly reciprocal transplant BSseq,,/Volumes/web/nightingales/O_lurida/20160223_gbs/2_CGATGT_L001_1.fq.gz,http://owl.fish.washington.edu/nightingales/O_lurida/20160223_gbs/2_CGATGT_L001_1.fq.gz,,,,
3_TTAGGC_L001,110,1NF16,SJW,http://onsnetwork.org/kubu4/category/olympia-oyster-reciprocal-transplant/bs-seq-libraries-for-genewiz/,O_lurida,20151222,20160108,tissue,DNA,Illumina,,SE50,BS-seq,SRP163248,,,Oly reciprocal transplant BSseq,,/Volumes/web/nightingales/O_lurida/3_TTAGGC_L001_R1_001.fastq.gz,http://owl.fish.washington.edu/nightingales/O_lurida/3_TTAGGC_L001_R1_001.fastq.gz,,,,
4_TGACCA_L001,111,1NF17,,,O_lurida,20160108,,tissue,DNA,Illumina,,SE50,BS-seq,SRP163248,,,Oly reciprocal transplant BSseq,,/Volumes/web/nightingales/O_lurida/4_TGACCA_L001_R1_001.fastq.gz,http://owl.fish.washington.edu/nightingales/O_lurida/4_TGACCA_L001_R1_001.fastq.gz,,,,
5_ACAGTG_L001,112,2NF5,SJW,http://onsnetwork.org/kubu4/category/olympia-oyster-reciprocal-transplant/bs-seq-libraries-for-genewiz/,O_lurida,20151222,20160108,tissue,DNA,Illumina,,SE50,BS-seq,SRP163248,,,Oly reciprocal transplant BSseq,,/Volumes/web/nightingales/O_lurida/5_ACAGTG_L001_R1_001.fastq.gz,http://owl.fish.washington.edu/nightingales/O_lurida/5_ACAGTG_L001_R1_001.fastq.gz,,,,
6_GCCAAT_L001,113,2NF6,SJW,http://onsnetwork.org/kubu4/category/olympia-oyster-reciprocal-transplant/bs-seq-libraries-for-genewiz/,O_lurida,20151222,20160108,tissue,DNA,Illumina,,SE50,BS-seq,SRP163248,,,Oly reciprocal transplant BSseq,,/Volumes/web/nightingales/O_lurida/6_GCCAAT_L001_R1_001.fastq.gz,http://owl.fish.washington.edu/nightingales/O_lurida/6_GCCAAT_L001_R1_001.fastq.gz,,,,
7_CAGATC_L001,114,2NF7,SJW,http://onsnetwork.org/kubu4/category/olympia-oyster-reciprocal-transplant/bs-seq-libraries-for-genewiz/,O_lurida,20151222,20160108,tissue,DNA,Illumina,,SE50,BS-seq,SRP163248,,,Oly reciprocal transplant BSseq,,/Volumes/web/nightingales/O_lurida/7_CAGATC_L001_R1_001.fastq.gz,http://owl.fish.washington.edu/nightingales/O_lurida/7_CAGATC_L001_R1_001.fastq.gz,,,,
8_ACTTGA_L001,115,2NF8,SJW,http://onsnetwork.org/kubu4/category/olympia-oyster-reciprocal-transplant/bs-seq-libraries-for-genewiz/,O_lurida,20151222,20160108,tissue,DNA,Illumina,,SE50,BS-seq,SRP163248,,,Oly reciprocal transplant BSseq,,/Volumes/web/nightingales/O_lurida/8_ACTTGA_L001_R1_001.fastq.gz,http://owl.fish.washington.edu/nightingales/O_lurida/8_ACTTGA_L001_R1_001.fastq.gz,,,,
11_GGCTAC_L001,116,NF2_6,SJW,http://onsnetwork.org/kubu4/category/olympia-oyster-reciprocal-transplant/bs-seq-libraries-for-genewiz/,O_lurida,20151222,20160108,tissue,DNA,Illumina,,SE50,BS-seq,,,,Lotterhos BSseq,,/Volumes/web/nightingales/O_lurida/11_GGCTAC_L001_R1_001.fastq.gz,http://owl.fish.washington.edu/nightingales/O_lurida/11_GGCTAC_L001_R1_001.fastq.gz,,,,
12_CTTGTA_L001,117,NF_18,SJW,http://onsnetwork.org/kubu4/category/olympia-oyster-reciprocal-transplant/bs-seq-libraries-for-genewiz/,O_lurida,20151222,20160108,tissue,DNA,Illumina,,SE50,BS-seq,,,,Lotterhos BSseq,,/Volumes/web/nightingales/O_lurida/12_CTTGTA_L001_R1_001.fastq.gz,http://owl.fish.washington.edu/nightingales/O_lurida/12_CTTGTA_L001_R1_001.fastq.gz,,,,
9_GATCAG_L001,118,M2,SJW,http://onsnetwork.org/kubu4/category/olympia-oyster-reciprocal-transplant/bs-seq-libraries-for-genewiz/,C_gigas,20151222,20160108,tissue,DNA,Illumina,,SE50,BS-seq,,,,Lotterhos BSseq,,/Volumes/web/nightingales/C_gigas/9_GATCAG_L001_R1_001.fastq.gz,http://owl.fish.washington.edu/nightingales/C_gigas/9_GATCAG_L001_R1_001.fastq.gz,,,,
10_TAGCTT_L001,119,M3,SJW,http://onsnetwork.org/kubu4/category/olympia-oyster-reciprocal-transplant/bs-seq-libraries-for-genewiz/,C_gigas,20151222,20160108,tissue,DNA,Illumina,,SE50,BS-seq,,,,Lotterhos BSseq,,/Volumes/web/nightingales/C_gigas/10_TAGCTT_L001_R1_001.fastq.gz,http://owl.fish.washington.edu/nightingales/C_gigas/10_TAGCTT_L001_R1_001.fastq.gz,,,,
zr1394_1_s1,120,ZR1394,,https://robertslab.github.io/sams-notebook/2015/11/22/mbd-enrichment-sonicated-olympia-oyster-gdna.html,O_lurida,20160202,,adductor muscle,DNA,Illumina,HiSeq2500,SE50,MBD BS-seq,PRJNA849214,,,Oly reciprocal transplant MBD BSseq,,/Volumes/web/nightingales/O_lurida/20160203_mbdseq/zr1394_1_s1_R1.fastq.gz,http://owl.fish.washington.edu/nightingales/O_lurida/20160203_mbdseq/zr1394_1_s1_R1.fastq.gz,,,,
zr1394_1_s2,120,ZR1394,,https://robertslab.github.io/sams-notebook/2015/11/22/mbd-enrichment-sonicated-olympia-oyster-gdna.html,O_lurida,20160202,,adductor muscle,DNA,Illumina,HiSeq2500,SE50,MBD BS-seq,PRJNA849214,,,Oly reciprocal transplant MBD BSseq,,/Volumes/web/nightingales/O_lurida/20160203_mbdseq/zr1394_1_s2_R1.fastq.gz,http://owl.fish.washington.edu/nightingales/O_lurida/20160203_mbdseq/zr1394_1_s2_R1.fastq.gz,,,,
zr1394_1_s3,120,ZR1394,,https://robertslab.github.io/sams-notebook/2015/11/22/mbd-enrichment-sonicated-olympia-oyster-gdna.html,O_lurida,20160202,,adductor muscle,DNA,Illumina,HiSeq2500,SE50,MBD BS-seq,PRJNA849214,,,Oly reciprocal transplant MBD BSseq,,/Volumes/web/nightingales/O_lurida/20160203_mbdseq/zr1394_1_s3_R1.fastq.gz,http://owl.fish.washington.edu/nightingales/O_lurida/20160203_mbdseq/zr1394_1_s3_R1.fastq.gz,,,,
zr1394_1_s4,120,ZR1394,,https://robertslab.github.io/sams-notebook/2015/11/22/mbd-enrichment-sonicated-olympia-oyster-gdna.html,O_lurida,20160202,,adductor muscle,DNA,Illumina,HiSeq2500,SE50,MBD BS-seq,PRJNA849214,,,Oly reciprocal transplant MBD BSseq,,/Volumes/web/nightingales/O_lurida/20160203_mbdseq/zr1394_1_s456.fastq.gz,http://owl.fish.washington.edu/nightingales/O_lurida/20160203_mbdseq/zr1394_1_s456.fastq.gz,,,,
zr1394_1_s5,120,ZR1394,,https://robertslab.github.io/sams-notebook/2015/11/22/mbd-enrichment-sonicated-olympia-oyster-gdna.html,O_lurida,20160202,,adductor muscle,DNA,Illumina,HiSeq2500,SE50,MBD BS-seq,PRJNA849214,,,Oly reciprocal transplant MBD BSseq,,/Volumes/web/nightingales/O_lurida/20160203_mbdseq/zr1394_1_s5_R1.fastq.gz,http://owl.fish.washington.edu/nightingales/O_lurida/20160203_mbdseq/zr1394_1_s5_R1.fastq.gz,,,,
zr1394_1_s6,120,ZR1394,,https://robertslab.github.io/sams-notebook/2015/11/22/mbd-enrichment-sonicated-olympia-oyster-gdna.html,O_lurida,20160202,,adductor muscle,DNA,Illumina,HiSeq2500,SE50,MBD BS-seq,PRJNA849214,,,Oly reciprocal transplant MBD BSseq,,/Volumes/web/nightingales/O_lurida/20160203_mbdseq/zr1394_1_s6_R1.fastq.gz,http://owl.fish.washington.edu/nightingales/O_lurida/20160203_mbdseq/zr1394_1_s6_R1.fastq.gz,,,,
zr1394_10_s1,120,ZR1394,,https://robertslab.github.io/sams-notebook/2015/11/22/mbd-enrichment-sonicated-olympia-oyster-gdna.html,O_lurida,20160202,,adductor muscle,DNA,Illumina,HiSeq2500,SE50,MBD BS-seq,PRJNA849214,,,Oly reciprocal transplant MBD BSseq,,/Volumes/web/nightingales/O_lurida/20160203_mbdseq/zr1394_10_s1_R1.fastq.gz,http://owl.fish.washington.edu/nightingales/O_lurida/20160203_mbdseq/zr1394_10_s1_R1.fastq.gz,,,,
zr1394_10_s2,120,ZR1394,,https://robertslab.github.io/sams-notebook/2015/11/22/mbd-enrichment-sonicated-olympia-oyster-gdna.html,O_lurida,20160202,,adductor muscle,DNA,Illumina,HiSeq2500,SE50,MBD BS-seq,PRJNA849214,,,Oly reciprocal transplant MBD BSseq,,/Volumes/web/nightingales/O_lurida/20160203_mbdseq/zr1394_10_s2_R1.fastq.gz,http://owl.fish.washington.edu/nightingales/O_lurida/20160203_mbdseq/zr1394_10_s2_R1.fastq.gz,,,,
zr1394_10_s3,120,ZR1394,,https://robertslab.github.io/sams-notebook/2015/11/22/mbd-enrichment-sonicated-olympia-oyster-gdna.html,O_lurida,20160202,,adductor muscle,DNA,Illumina,HiSeq2500,SE50,MBD BS-seq,PRJNA849214,,,Oly reciprocal transplant MBD BSseq,,/Volumes/web/nightingales/O_lurida/20160203_mbdseq/zr1394_10_s3_R1.fastq.gz,http://owl.fish.washington.edu/nightingales/O_lurida/20160203_mbdseq/zr1394_10_s3_R1.fastq.gz,,,,
zr1394_10_s4,120,ZR1394,,https://robertslab.github.io/sams-notebook/2015/11/22/mbd-enrichment-sonicated-olympia-oyster-gdna.html,O_lurida,20160202,,adductor muscle,DNA,Illumina,HiSeq2500,SE50,MBD BS-seq,PRJNA849214,,,Oly reciprocal transplant MBD BSseq,,/Volumes/web/nightingales/O_lurida/20160203_mbdseq/zr1394_10_s456.fastq.gz,http://owl.fish.washington.edu/nightingales/O_lurida/20160203_mbdseq/zr1394_10_s456.fastq.gz,,,,
zr1394_10_s5,120,ZR1394,,https://robertslab.github.io/sams-notebook/2015/11/22/mbd-enrichment-sonicated-olympia-oyster-gdna.html,O_lurida,20160202,,adductor muscle,DNA,Illumina,HiSeq2500,SE50,MBD BS-seq,PRJNA849214,,,Oly reciprocal transplant MBD BSseq,,/Volumes/web/nightingales/O_lurida/20160203_mbdseq/zr1394_10_s5_R1.fastq.gz,http://owl.fish.washington.edu/nightingales/O_lurida/20160203_mbdseq/zr1394_10_s5_R1.fastq.gz,,,,
zr1394_10_s6,120,ZR1394,,https://robertslab.github.io/sams-notebook/2015/11/22/mbd-enrichment-sonicated-olympia-oyster-gdna.html,O_lurida,20160202,,adductor muscle,DNA,Illumina,HiSeq2500,SE50,MBD BS-seq,PRJNA849214,,,Oly reciprocal transplant MBD BSseq,,/Volumes/web/nightingales/O_lurida/20160203_mbdseq/zr1394_10_s6_R1.fastq.gz,http://owl.fish.washington.edu/nightingales/O_lurida/20160203_mbdseq/zr1394_10_s6_R1.fastq.gz,,,,
zr1394_11_s1,120,ZR1394,,https://robertslab.github.io/sams-notebook/2015/11/22/mbd-enrichment-sonicated-olympia-oyster-gdna.html,O_lurida,20160202,,adductor muscle,DNA,Illumina,HiSeq2500,SE50,MBD BS-seq,PRJNA849214,,,Oly reciprocal transplant MBD BSseq,,/Volumes/web/nightingales/O_lurida/20160203_mbdseq/zr1394_11_s1_R1.fastq.gz,http://owl.fish.washington.edu/nightingales/O_lurida/20160203_mbdseq/zr1394_11_s1_R1.fastq.gz,,,,
zr1394_11_s2,120,ZR1394,,https://robertslab.github.io/sams-notebook/2015/11/22/mbd-enrichment-sonicated-olympia-oyster-gdna.html,O_lurida,20160202,,adductor muscle,DNA,Illumina,HiSeq2500,SE50,MBD BS-seq,PRJNA849214,,,Oly reciprocal transplant MBD BSseq,,/Volumes/web/nightingales/O_lurida/20160203_mbdseq/zr1394_11_s2_R1.fastq.gz,http://owl.fish.washington.edu/nightingales/O_lurida/20160203_mbdseq/zr1394_11_s2_R1.fastq.gz,,,,
zr1394_11_s3,120,ZR1394,,https://robertslab.github.io/sams-notebook/2015/11/22/mbd-enrichment-sonicated-olympia-oyster-gdna.html,O_lurida,20160202,,adductor muscle,DNA,Illumina,HiSeq2500,SE50,MBD BS-seq,PRJNA849214,,,Oly reciprocal transplant MBD BSseq,,/Volumes/web/nightingales/O_lurida/20160203_mbdseq/zr1394_11_s3_R1.fastq.gz,http://owl.fish.washington.edu/nightingales/O_lurida/20160203_mbdseq/zr1394_11_s3_R1.fastq.gz,,,,
zr1394_11_s4,120,ZR1394,,https://robertslab.github.io/sams-notebook/2015/11/22/mbd-enrichment-sonicated-olympia-oyster-gdna.html,O_lurida,20160202,,adductor muscle,DNA,Illumina,HiSeq2500,SE50,MBD BS-seq,PRJNA849214,,,Oly reciprocal transplant MBD BSseq,,/Volumes/web/nightingales/O_lurida/20160203_mbdseq/zr1394_11_s456.fastq.gz,http://owl.fish.washington.edu/nightingales/O_lurida/20160203_mbdseq/zr1394_11_s456.fastq.gz,,,,
zr1394_11_s5,120,ZR1394,,https://robertslab.github.io/sams-notebook/2015/11/22/mbd-enrichment-sonicated-olympia-oyster-gdna.html,O_lurida,20160202,,adductor muscle,DNA,Illumina,HiSeq2500,SE50,MBD BS-seq,PRJNA849214,,,Oly reciprocal transplant MBD BSseq,,/Volumes/web/nightingales/O_lurida/20160203_mbdseq/zr1394_11_s5_R1.fastq.gz,http://owl.fish.washington.edu/nightingales/O_lurida/20160203_mbdseq/zr1394_11_s5_R1.fastq.gz,,,,
zr1394_11_s6,120,ZR1394,,https://robertslab.github.io/sams-notebook/2015/11/22/mbd-enrichment-sonicated-olympia-oyster-gdna.html,O_lurida,20160202,,adductor muscle,DNA,Illumina,HiSeq2500,SE50,MBD BS-seq,PRJNA849214,,,Oly reciprocal transplant MBD BSseq,,/Volumes/web/nightingales/O_lurida/20160203_mbdseq/zr1394_11_s6_R1.fastq.gz,http://owl.fish.washington.edu/nightingales/O_lurida/20160203_mbdseq/zr1394_11_s6_R1.fastq.gz,,,,
zr1394_12_s1,120,ZR1394,,https://robertslab.github.io/sams-notebook/2015/11/22/mbd-enrichment-sonicated-olympia-oyster-gdna.html,O_lurida,20160202,,adductor muscle,DNA,Illumina,HiSeq2500,SE50,MBD BS-seq,PRJNA849214,,,Oly reciprocal transplant MBD BSseq,,/Volumes/web/nightingales/O_lurida/20160203_mbdseq/zr1394_12_s1_R1.fastq.gz,http://owl.fish.washington.edu/nightingales/O_lurida/20160203_mbdseq/zr1394_12_s1_R1.fastq.gz,,,,
zr1394_12_s2,120,ZR1394,,https://robertslab.github.io/sams-notebook/2015/11/22/mbd-enrichment-sonicated-olympia-oyster-gdna.html,O_lurida,20160202,,adductor muscle,DNA,Illumina,HiSeq2500,SE50,MBD BS-seq,PRJNA849214,,,Oly reciprocal transplant MBD BSseq,,/Volumes/web/nightingales/O_lurida/20160203_mbdseq/zr1394_12_s2_R1.fastq.gz,http://owl.fish.washington.edu/nightingales/O_lurida/20160203_mbdseq/zr1394_12_s2_R1.fastq.gz,,,,
zr1394_12_s3,120,ZR1394,,https://robertslab.github.io/sams-notebook/2015/11/22/mbd-enrichment-sonicated-olympia-oyster-gdna.html,O_lurida,20160202,,adductor muscle,DNA,Illumina,HiSeq2500,SE50,MBD BS-seq,PRJNA849214,,,Oly reciprocal transplant MBD BSseq,,/Volumes/web/nightingales/O_lurida/20160203_mbdseq/zr1394_12_s3_R1.fastq.gz,http://owl.fish.washington.edu/nightingales/O_lurida/20160203_mbdseq/zr1394_12_s3_R1.fastq.gz,,,,
zr1394_12_s4,120,ZR1394,,https://robertslab.github.io/sams-notebook/2015/11/22/mbd-enrichment-sonicated-olympia-oyster-gdna.html,O_lurida,20160202,,adductor muscle,DNA,Illumina,HiSeq2500,SE50,MBD BS-seq,PRJNA849214,,,Oly reciprocal transplant MBD BSseq,,/Volumes/web/nightingales/O_lurida/20160203_mbdseq/zr1394_12_s456.fastq.gz,http://owl.fish.washington.edu/nightingales/O_lurida/20160203_mbdseq/zr1394_12_s456.fastq.gz,,,,
zr1394_12_s5,120,ZR1394,,https://robertslab.github.io/sams-notebook/2015/11/22/mbd-enrichment-sonicated-olympia-oyster-gdna.html,O_lurida,20160202,,adductor muscle,DNA,Illumina,HiSeq2500,SE50,MBD BS-seq,PRJNA849214,,,Oly reciprocal transplant MBD BSseq,,/Volumes/web/nightingales/O_lurida/20160203_mbdseq/zr1394_12_s5_R1.fastq.gz,http://owl.fish.washington.edu/nightingales/O_lurida/20160203_mbdseq/zr1394_12_s5_R1.fastq.gz,,,,
zr1394_12_s6,120,ZR1394,,https://robertslab.github.io/sams-notebook/2015/11/22/mbd-enrichment-sonicated-olympia-oyster-gdna.html,O_lurida,20160202,,adductor muscle,DNA,Illumina,HiSeq2500,SE50,MBD BS-seq,PRJNA849214,,,Oly reciprocal transplant MBD BSseq,,/Volumes/web/nightingales/O_lurida/20160203_mbdseq/zr1394_12_s6_R1.fastq.gz,http://owl.fish.washington.edu/nightingales/O_lurida/20160203_mbdseq/zr1394_12_s6_R1.fastq.gz,,,,
zr1394_13_s1,120,ZR1394,,https://robertslab.github.io/sams-notebook/2015/11/22/mbd-enrichment-sonicated-olympia-oyster-gdna.html,O_lurida,20160202,,adductor muscle,DNA,Illumina,HiSeq2500,SE50,MBD BS-seq,PRJNA849214,,,Oly reciprocal transplant MBD BSseq,,/Volumes/web/nightingales/O_lurida/20160203_mbdseq/zr1394_13_s1_R1.fastq.gz,http://owl.fish.washington.edu/nightingales/O_lurida/20160203_mbdseq/zr1394_13_s1_R1.fastq.gz,,,,
zr1394_13_s2,120,ZR1394,,https://robertslab.github.io/sams-notebook/2015/11/22/mbd-enrichment-sonicated-olympia-oyster-gdna.html,O_lurida,20160202,,adductor muscle,DNA,Illumina,HiSeq2500,SE50,MBD BS-seq,PRJNA849214,,,Oly reciprocal transplant MBD BSseq,,/Volumes/web/nightingales/O_lurida/20160203_mbdseq/zr1394_13_s2_R1.fastq.gz,http://owl.fish.washington.edu/nightingales/O_lurida/20160203_mbdseq/zr1394_13_s2_R1.fastq.gz,,,,
zr1394_13_s3,120,ZR1394,,https://robertslab.github.io/sams-notebook/2015/11/22/mbd-enrichment-sonicated-olympia-oyster-gdna.html,O_lurida,20160202,,adductor muscle,DNA,Illumina,HiSeq2500,SE50,MBD BS-seq,PRJNA849214,,,Oly reciprocal transplant MBD BSseq,,/Volumes/web/nightingales/O_lurida/20160203_mbdseq/zr1394_13_s3_R1.fastq.gz,http://owl.fish.washington.edu/nightingales/O_lurida/20160203_mbdseq/zr1394_13_s3_R1.fastq.gz,,,,
zr1394_13_s4,120,ZR1394,,https://robertslab.github.io/sams-notebook/2015/11/22/mbd-enrichment-sonicated-olympia-oyster-gdna.html,O_lurida,20160202,,adductor muscle,DNA,Illumina,HiSeq2500,SE50,MBD BS-seq,PRJNA849214,,,Oly reciprocal transplant MBD BSseq,,/Volumes/web/nightingales/O_lurida/20160203_mbdseq/zr1394_13_s456.fastq.gz,http://owl.fish.washington.edu/nightingales/O_lurida/20160203_mbdseq/zr1394_13_s456.fastq.gz,,,,
zr1394_13_s5,120,ZR1394,,https://robertslab.github.io/sams-notebook/2015/11/22/mbd-enrichment-sonicated-olympia-oyster-gdna.html,O_lurida,20160202,,adductor muscle,DNA,Illumina,HiSeq2500,SE50,MBD BS-seq,PRJNA849214,,,Oly reciprocal transplant MBD BSseq,,/Volumes/web/nightingales/O_lurida/20160203_mbdseq/zr1394_13_s5_R1.fastq.gz,http://owl.fish.washington.edu/nightingales/O_lurida/20160203_mbdseq/zr1394_13_s5_R1.fastq.gz,,,,
zr1394_13_s6,120,ZR1394,,https://robertslab.github.io/sams-notebook/2015/11/22/mbd-enrichment-sonicated-olympia-oyster-gdna.html,O_lurida,20160202,,adductor muscle,DNA,Illumina,HiSeq2500,SE50,MBD BS-seq,PRJNA849214,,,Oly reciprocal transplant MBD BSseq,,/Volumes/web/nightingales/O_lurida/20160203_mbdseq/zr1394_13_s6_R1.fastq.gz,http://owl.fish.washington.edu/nightingales/O_lurida/20160203_mbdseq/zr1394_13_s6_R1.fastq.gz,,,,
zr1394_14_s1,120,ZR1394,,https://robertslab.github.io/sams-notebook/2015/11/22/mbd-enrichment-sonicated-olympia-oyster-gdna.html,O_lurida,20160202,,adductor muscle,DNA,Illumina,HiSeq2500,SE50,MBD BS-seq,PRJNA849214,,,Oly reciprocal transplant MBD BSseq,,/Volumes/web/nightingales/O_lurida/20160203_mbdseq/zr1394_14_s1_R1.fastq.gz,http://owl.fish.washington.edu/nightingales/O_lurida/20160203_mbdseq/zr1394_14_s1_R1.fastq.gz,,,,
zr1394_14_s2,120,ZR1394,,https://robertslab.github.io/sams-notebook/2015/11/22/mbd-enrichment-sonicated-olympia-oyster-gdna.html,O_lurida,20160202,,adductor muscle,DNA,Illumina,HiSeq2500,SE50,MBD BS-seq,PRJNA849214,,,Oly reciprocal transplant MBD BSseq,,/Volumes/web/nightingales/O_lurida/20160203_mbdseq/zr1394_14_s2_R1.fastq.gz,http://owl.fish.washington.edu/nightingales/O_lurida/20160203_mbdseq/zr1394_14_s2_R1.fastq.gz,,,,
zr1394_14_s3,120,ZR1394,,https://robertslab.github.io/sams-notebook/2015/11/22/mbd-enrichment-sonicated-olympia-oyster-gdna.html,O_lurida,20160202,,adductor muscle,DNA,Illumina,HiSeq2500,SE50,MBD BS-seq,PRJNA849214,,,Oly reciprocal transplant MBD BSseq,,/Volumes/web/nightingales/O_lurida/20160203_mbdseq/zr1394_14_s3_R1.fastq.gz,http://owl.fish.washington.edu/nightingales/O_lurida/20160203_mbdseq/zr1394_14_s3_R1.fastq.gz,,,,
zr1394_14_s4,120,ZR1394,,https://robertslab.github.io/sams-notebook/2015/11/22/mbd-enrichment-sonicated-olympia-oyster-gdna.html,O_lurida,20160202,,adductor muscle,DNA,Illumina,HiSeq2500,SE50,MBD BS-seq,PRJNA849214,,,Oly reciprocal transplant MBD BSseq,,/Volumes/web/nightingales/O_lurida/20160203_mbdseq/zr1394_14_s456.fastq.gz,http://owl.fish.washington.edu/nightingales/O_lurida/20160203_mbdseq/zr1394_14_s456.fastq.gz,,,,
zr1394_14_s5,120,ZR1394,,https://robertslab.github.io/sams-notebook/2015/11/22/mbd-enrichment-sonicated-olympia-oyster-gdna.html,O_lurida,20160202,,adductor muscle,DNA,Illumina,HiSeq2500,SE50,MBD BS-seq,PRJNA849214,,,Oly reciprocal transplant MBD BSseq,,/Volumes/web/nightingales/O_lurida/20160203_mbdseq/zr1394_14_s5_R1.fastq.gz,http://owl.fish.washington.edu/nightingales/O_lurida/20160203_mbdseq/zr1394_14_s5_R1.fastq.gz,,,,
zr1394_14_s6,120,ZR1394,,https://robertslab.github.io/sams-notebook/2015/11/22/mbd-enrichment-sonicated-olympia-oyster-gdna.html,O_lurida,20160202,,adductor muscle,DNA,Illumina,HiSeq2500,SE50,MBD BS-seq,PRJNA849214,,,Oly reciprocal transplant MBD BSseq,,/Volumes/web/nightingales/O_lurida/20160203_mbdseq/zr1394_14_s6_R1.fastq.gz,http://owl.fish.washington.edu/nightingales/O_lurida/20160203_mbdseq/zr1394_14_s6_R1.fastq.gz,,,,
zr1394_15_s1,120,ZR1394,,https://robertslab.github.io/sams-notebook/2015/11/22/mbd-enrichment-sonicated-olympia-oyster-gdna.html,O_lurida,20160202,,adductor muscle,DNA,Illumina,HiSeq2500,SE50,MBD BS-seq,PRJNA849214,,,Oly reciprocal transplant MBD BSseq,,/Volumes/web/nightingales/O_lurida/20160203_mbdseq/zr1394_15_s1_R1.fastq.gz,http://owl.fish.washington.edu/nightingales/O_lurida/20160203_mbdseq/zr1394_15_s1_R1.fastq.gz,,,,
zr1394_15_s2,120,ZR1394,,https://robertslab.github.io/sams-notebook/2015/11/22/mbd-enrichment-sonicated-olympia-oyster-gdna.html,O_lurida,20160202,,adductor muscle,DNA,Illumina,HiSeq2500,SE50,MBD BS-seq,PRJNA849214,,,Oly reciprocal transplant MBD BSseq,,/Volumes/web/nightingales/O_lurida/20160203_mbdseq/zr1394_15_s2_R1.fastq.gz,http://owl.fish.washington.edu/nightingales/O_lurida/20160203_mbdseq/zr1394_15_s2_R1.fastq.gz,,,,
zr1394_15_s3,120,ZR1394,,https://robertslab.github.io/sams-notebook/2015/11/22/mbd-enrichment-sonicated-olympia-oyster-gdna.html,O_lurida,20160202,,adductor muscle,DNA,Illumina,HiSeq2500,SE50,MBD BS-seq,PRJNA849214,,,Oly reciprocal transplant MBD BSseq,,/Volumes/web/nightingales/O_lurida/20160203_mbdseq/zr1394_15_s3_R1.fastq.gz,http://owl.fish.washington.edu/nightingales/O_lurida/20160203_mbdseq/zr1394_15_s3_R1.fastq.gz,,,,
zr1394_15_s4,120,ZR1394,,https://robertslab.github.io/sams-notebook/2015/11/22/mbd-enrichment-sonicated-olympia-oyster-gdna.html,O_lurida,20160202,,adductor muscle,DNA,Illumina,HiSeq2500,SE50,MBD BS-seq,PRJNA849214,,,Oly reciprocal transplant MBD BSseq,,/Volumes/web/nightingales/O_lurida/20160203_mbdseq/zr1394_15_s456.fastq.gz,http://owl.fish.washington.edu/nightingales/O_lurida/20160203_mbdseq/zr1394_15_s456.fastq.gz,,,,
zr1394_15_s5,120,ZR1394,,https://robertslab.github.io/sams-notebook/2015/11/22/mbd-enrichment-sonicated-olympia-oyster-gdna.html,O_lurida,20160202,,adductor muscle,DNA,Illumina,HiSeq2500,SE50,MBD BS-seq,PRJNA849214,,,Oly reciprocal transplant MBD BSseq,,/Volumes/web/nightingales/O_lurida/20160203_mbdseq/zr1394_15_s5_R1.fastq.gz,http://owl.fish.washington.edu/nightingales/O_lurida/20160203_mbdseq/zr1394_15_s5_R1.fastq.gz,,,,
zr1394_15_s6,120,ZR1394,,https://robertslab.github.io/sams-notebook/2015/11/22/mbd-enrichment-sonicated-olympia-oyster-gdna.html,O_lurida,20160202,,adductor muscle,DNA,Illumina,HiSeq2500,SE50,MBD BS-seq,PRJNA849214,,,Oly reciprocal transplant MBD BSseq,,/Volumes/web/nightingales/O_lurida/20160203_mbdseq/zr1394_15_s6_R1.fastq.gz,http://owl.fish.washington.edu/nightingales/O_lurida/20160203_mbdseq/zr1394_15_s6_R1.fastq.gz,,,,
zr1394_16_s1,120,ZR1394,,https://robertslab.github.io/sams-notebook/2015/11/22/mbd-enrichment-sonicated-olympia-oyster-gdna.html,O_lurida,20160202,,adductor muscle,DNA,Illumina,HiSeq2500,SE50,MBD BS-seq,PRJNA849214,,,Oly reciprocal transplant MBD BSseq,,/Volumes/web/nightingales/O_lurida/20160203_mbdseq/zr1394_16_s1_R1.fastq.gz,http://owl.fish.washington.edu/nightingales/O_lurida/20160203_mbdseq/zr1394_16_s1_R1.fastq.gz,,,,
zr1394_16_s2,120,ZR1394,,https://robertslab.github.io/sams-notebook/2015/11/22/mbd-enrichment-sonicated-olympia-oyster-gdna.html,O_lurida,20160202,,adductor muscle,DNA,Illumina,HiSeq2500,SE50,MBD BS-seq,PRJNA849214,,,Oly reciprocal transplant MBD BSseq,,/Volumes/web/nightingales/O_lurida/20160203_mbdseq/zr1394_16_s2_R1.fastq.gz,http://owl.fish.washington.edu/nightingales/O_lurida/20160203_mbdseq/zr1394_16_s2_R1.fastq.gz,,,,
zr1394_16_s3,120,ZR1394,,https://robertslab.github.io/sams-notebook/2015/11/22/mbd-enrichment-sonicated-olympia-oyster-gdna.html,O_lurida,20160202,,adductor muscle,DNA,Illumina,HiSeq2500,SE50,MBD BS-seq,PRJNA849214,,,Oly reciprocal transplant MBD BSseq,,/Volumes/web/nightingales/O_lurida/20160203_mbdseq/zr1394_16_s3_R1.fastq.gz,http://owl.fish.washington.edu/nightingales/O_lurida/20160203_mbdseq/zr1394_16_s3_R1.fastq.gz,,,,
zr1394_16_s4,120,ZR1394,,https://robertslab.github.io/sams-notebook/2015/11/22/mbd-enrichment-sonicated-olympia-oyster-gdna.html,O_lurida,20160202,,adductor muscle,DNA,Illumina,HiSeq2500,SE50,MBD BS-seq,PRJNA849214,,,Oly reciprocal transplant MBD BSseq,,/Volumes/web/nightingales/O_lurida/20160203_mbdseq/zr1394_16_s456.fastq.gz,http://owl.fish.washington.edu/nightingales/O_lurida/20160203_mbdseq/zr1394_16_s456.fastq.gz,,,,
zr1394_16_s5,120,ZR1394,,https://robertslab.github.io/sams-notebook/2015/11/22/mbd-enrichment-sonicated-olympia-oyster-gdna.html,O_lurida,20160202,,adductor muscle,DNA,Illumina,HiSeq2500,SE50,MBD BS-seq,PRJNA849214,,,Oly reciprocal transplant MBD BSseq,,/Volumes/web/nightingales/O_lurida/20160203_mbdseq/zr1394_16_s5_R1.fastq.gz,http://owl.fish.washington.edu/nightingales/O_lurida/20160203_mbdseq/zr1394_16_s5_R1.fastq.gz,,,,
zr1394_16_s6,120,ZR1394,,https://robertslab.github.io/sams-notebook/2015/11/22/mbd-enrichment-sonicated-olympia-oyster-gdna.html,O_lurida,20160202,,adductor muscle,DNA,Illumina,HiSeq2500,SE50,MBD BS-seq,PRJNA849214,,,Oly reciprocal transplant MBD BSseq,,/Volumes/web/nightingales/O_lurida/20160203_mbdseq/zr1394_16_s6_R1.fastq.gz,http://owl.fish.washington.edu/nightingales/O_lurida/20160203_mbdseq/zr1394_16_s6_R1.fastq.gz,,,,
zr1394_17_s1,120,ZR1394,,https://robertslab.github.io/sams-notebook/2015/11/22/mbd-enrichment-sonicated-olympia-oyster-gdna.html,O_lurida,20160202,,adductor muscle,DNA,Illumina,HiSeq2500,SE50,MBD BS-seq,PRJNA849214,,,Oly reciprocal transplant MBD BSseq,,/Volumes/web/nightingales/O_lurida/20160203_mbdseq/zr1394_17_s1_R1.fastq.gz,http://owl.fish.washington.edu/nightingales/O_lurida/20160203_mbdseq/zr1394_17_s1_R1.fastq.gz,,,,
zr1394_17_s2,120,ZR1394,,https://robertslab.github.io/sams-notebook/2015/11/22/mbd-enrichment-sonicated-olympia-oyster-gdna.html,O_lurida,20160202,,adductor muscle,DNA,Illumina,HiSeq2500,SE50,MBD BS-seq,PRJNA849214,,,Oly reciprocal transplant MBD BSseq,,/Volumes/web/nightingales/O_lurida/20160203_mbdseq/zr1394_17_s2_R1.fastq.gz,http://owl.fish.washington.edu/nightingales/O_lurida/20160203_mbdseq/zr1394_17_s2_R1.fastq.gz,,,,
zr1394_17_s3,120,ZR1394,,https://robertslab.github.io/sams-notebook/2015/11/22/mbd-enrichment-sonicated-olympia-oyster-gdna.html,O_lurida,20160202,,adductor muscle,DNA,Illumina,HiSeq2500,SE50,MBD BS-seq,PRJNA849214,,,Oly reciprocal transplant MBD BSseq,,/Volumes/web/nightingales/O_lurida/20160203_mbdseq/zr1394_17_s3_R1.fastq.gz,http://owl.fish.washington.edu/nightingales/O_lurida/20160203_mbdseq/zr1394_17_s3_R1.fastq.gz,,,,
zr1394_17_s4,120,ZR1394,,https://robertslab.github.io/sams-notebook/2015/11/22/mbd-enrichment-sonicated-olympia-oyster-gdna.html,O_lurida,20160202,,adductor muscle,DNA,Illumina,HiSeq2500,SE50,MBD BS-seq,PRJNA849214,,,Oly reciprocal transplant MBD BSseq,,/Volumes/web/nightingales/O_lurida/20160203_mbdseq/zr1394_17_s456.fastq.gz,http://owl.fish.washington.edu/nightingales/O_lurida/20160203_mbdseq/zr1394_17_s456.fastq.gz,,,,
zr1394_17_s5,120,ZR1394,,https://robertslab.github.io/sams-notebook/2015/11/22/mbd-enrichment-sonicated-olympia-oyster-gdna.html,O_lurida,20160202,,adductor muscle,DNA,Illumina,HiSeq2500,SE50,MBD BS-seq,PRJNA849214,,,Oly reciprocal transplant MBD BSseq,,/Volumes/web/nightingales/O_lurida/20160203_mbdseq/zr1394_17_s5_R1.fastq.gz,http://owl.fish.washington.edu/nightingales/O_lurida/20160203_mbdseq/zr1394_17_s5_R1.fastq.gz,,,,
zr1394_17_s6,120,ZR1394,,https://robertslab.github.io/sams-notebook/2015/11/22/mbd-enrichment-sonicated-olympia-oyster-gdna.html,O_lurida,20160202,,adductor muscle,DNA,Illumina,HiSeq2500,SE50,MBD BS-seq,PRJNA849214,,,Oly reciprocal transplant MBD BSseq,,/Volumes/web/nightingales/O_lurida/20160203_mbdseq/zr1394_17_s6_R1.fastq.gz,http://owl.fish.washington.edu/nightingales/O_lurida/20160203_mbdseq/zr1394_17_s6_R1.fastq.gz,,,,
zr1394_18_s1,120,ZR1394,,https://robertslab.github.io/sams-notebook/2015/11/22/mbd-enrichment-sonicated-olympia-oyster-gdna.html,O_lurida,20160202,,adductor muscle,DNA,Illumina,HiSeq2500,SE50,MBD BS-seq,PRJNA849214,,,Oly reciprocal transplant MBD BSseq,,/Volumes/web/nightingales/O_lurida/20160203_mbdseq/zr1394_18_s1_R1.fastq.gz,http://owl.fish.washington.edu/nightingales/O_lurida/20160203_mbdseq/zr1394_18_s1_R1.fastq.gz,,,,
zr1394_18_s2,120,ZR1394,,https://robertslab.github.io/sams-notebook/2015/11/22/mbd-enrichment-sonicated-olympia-oyster-gdna.html,O_lurida,20160202,,adductor muscle,DNA,Illumina,HiSeq2500,SE50,MBD BS-seq,PRJNA849214,,,Oly reciprocal transplant MBD BSseq,,/Volumes/web/nightingales/O_lurida/20160203_mbdseq/zr1394_18_s2_R1.fastq.gz,http://owl.fish.washington.edu/nightingales/O_lurida/20160203_mbdseq/zr1394_18_s2_R1.fastq.gz,,,,
zr1394_18_s3,120,ZR1394,,https://robertslab.github.io/sams-notebook/2015/11/22/mbd-enrichment-sonicated-olympia-oyster-gdna.html,O_lurida,20160202,,adductor muscle,DNA,Illumina,HiSeq2500,SE50,MBD BS-seq,PRJNA849214,,,Oly reciprocal transplant MBD BSseq,,/Volumes/web/nightingales/O_lurida/20160203_mbdseq/zr1394_18_s3_R1.fastq.gz,http://owl.fish.washington.edu/nightingales/O_lurida/20160203_mbdseq/zr1394_18_s3_R1.fastq.gz,,,,
zr1394_18_s4,120,ZR1394,,https://robertslab.github.io/sams-notebook/2015/11/22/mbd-enrichment-sonicated-olympia-oyster-gdna.html,O_lurida,20160202,,adductor muscle,DNA,Illumina,HiSeq2500,SE50,MBD BS-seq,PRJNA849214,,,Oly reciprocal transplant MBD BSseq,,/Volumes/web/nightingales/O_lurida/20160203_mbdseq/zr1394_18_s456.fastq.gz,http://owl.fish.washington.edu/nightingales/O_lurida/20160203_mbdseq/zr1394_18_s456.fastq.gz,,,,
zr1394_18_s5,120,ZR1394,,https://robertslab.github.io/sams-notebook/2015/11/22/mbd-enrichment-sonicated-olympia-oyster-gdna.html,O_lurida,20160202,,adductor muscle,DNA,Illumina,HiSeq2500,SE50,MBD BS-seq,PRJNA849214,,,Oly reciprocal transplant MBD BSseq,,/Volumes/web/nightingales/O_lurida/20160203_mbdseq/zr1394_18_s5_R1.fastq.gz,http://owl.fish.washington.edu/nightingales/O_lurida/20160203_mbdseq/zr1394_18_s5_R1.fastq.gz,,,,
zr1394_18_s6,120,ZR1394,,https://robertslab.github.io/sams-notebook/2015/11/22/mbd-enrichment-sonicated-olympia-oyster-gdna.html,O_lurida,20160202,,adductor muscle,DNA,Illumina,HiSeq2500,SE50,MBD BS-seq,PRJNA849214,,,Oly reciprocal transplant MBD BSseq,,/Volumes/web/nightingales/O_lurida/20160203_mbdseq/zr1394_18_s6_R1.fastq.gz,http://owl.fish.washington.edu/nightingales/O_lurida/20160203_mbdseq/zr1394_18_s6_R1.fastq.gz,,,,
zr1394_2_s1,120,ZR1394,,https://robertslab.github.io/sams-notebook/2015/11/22/mbd-enrichment-sonicated-olympia-oyster-gdna.html,O_lurida,20160202,,adductor muscle,DNA,Illumina,HiSeq2500,SE50,MBD BS-seq,PRJNA849214,,,Oly reciprocal transplant MBD BSseq,,/Volumes/web/nightingales/O_lurida/20160203_mbdseq/zr1394_2_s1_R1.fastq.gz,http://owl.fish.washington.edu/nightingales/O_lurida/20160203_mbdseq/zr1394_2_s1_R1.fastq.gz,,,,
zr1394_2_s2,120,ZR1394,,https://robertslab.github.io/sams-notebook/2015/11/22/mbd-enrichment-sonicated-olympia-oyster-gdna.html,O_lurida,20160202,,adductor muscle,DNA,Illumina,HiSeq2500,SE50,MBD BS-seq,PRJNA849214,,,Oly reciprocal transplant MBD BSseq,,/Volumes/web/nightingales/O_lurida/20160203_mbdseq/zr1394_2_s2_R1.fastq.gz,http://owl.fish.washington.edu/nightingales/O_lurida/20160203_mbdseq/zr1394_2_s2_R1.fastq.gz,,,,
zr1394_2_s3,120,ZR1394,,https://robertslab.github.io/sams-notebook/2015/11/22/mbd-enrichment-sonicated-olympia-oyster-gdna.html,O_lurida,20160202,,adductor muscle,DNA,Illumina,HiSeq2500,SE50,MBD BS-seq,PRJNA849214,,,Oly reciprocal transplant MBD BSseq,,/Volumes/web/nightingales/O_lurida/20160203_mbdseq/zr1394_2_s3_R1.fastq.gz,http://owl.fish.washington.edu/nightingales/O_lurida/20160203_mbdseq/zr1394_2_s3_R1.fastq.gz,,,,
zr1394_2_s4,120,ZR1394,,https://robertslab.github.io/sams-notebook/2015/11/22/mbd-enrichment-sonicated-olympia-oyster-gdna.html,O_lurida,20160202,,adductor muscle,DNA,Illumina,HiSeq2500,SE50,MBD BS-seq,PRJNA849214,,,Oly reciprocal transplant MBD BSseq,,/Volumes/web/nightingales/O_lurida/20160203_mbdseq/zr1394_2_s456.fastq.gz,http://owl.fish.washington.edu/nightingales/O_lurida/20160203_mbdseq/zr1394_2_s456.fastq.gz,,,,
zr1394_2_s5,120,ZR1394,,https://robertslab.github.io/sams-notebook/2015/11/22/mbd-enrichment-sonicated-olympia-oyster-gdna.html,O_lurida,20160202,,adductor muscle,DNA,Illumina,HiSeq2500,SE50,MBD BS-seq,PRJNA849214,,,Oly reciprocal transplant MBD BSseq,,/Volumes/web/nightingales/O_lurida/20160203_mbdseq/zr1394_2_s5_R1.fastq.gz,http://owl.fish.washington.edu/nightingales/O_lurida/20160203_mbdseq/zr1394_2_s5_R1.fastq.gz,,,,
zr1394_2_s6,120,ZR1394,,https://robertslab.github.io/sams-notebook/2015/11/22/mbd-enrichment-sonicated-olympia-oyster-gdna.html,O_lurida,20160202,,adductor muscle,DNA,Illumina,HiSeq2500,SE50,MBD BS-seq,PRJNA849214,,,Oly reciprocal transplant MBD BSseq,,/Volumes/web/nightingales/O_lurida/20160203_mbdseq/zr1394_2_s6_R1.fastq.gz,http://owl.fish.washington.edu/nightingales/O_lurida/20160203_mbdseq/zr1394_2_s6_R1.fastq.gz,,,,
zr1394_3_s1,120,ZR1394,,https://robertslab.github.io/sams-notebook/2015/11/22/mbd-enrichment-sonicated-olympia-oyster-gdna.html,O_lurida,20160202,,adductor muscle,DNA,Illumina,HiSeq2500,SE50,MBD BS-seq,PRJNA849214,,,Oly reciprocal transplant MBD BSseq,,/Volumes/web/nightingales/O_lurida/20160203_mbdseq/zr1394_3_s1_R1.fastq.gz,http://owl.fish.washington.edu/nightingales/O_lurida/20160203_mbdseq/zr1394_3_s1_R1.fastq.gz,,,,
zr1394_3_s2,120,ZR1394,,https://robertslab.github.io/sams-notebook/2015/11/22/mbd-enrichment-sonicated-olympia-oyster-gdna.html,O_lurida,20160202,,adductor muscle,DNA,Illumina,HiSeq2500,SE50,MBD BS-seq,PRJNA849214,,,Oly reciprocal transplant MBD BSseq,,/Volumes/web/nightingales/O_lurida/20160203_mbdseq/zr1394_3_s2_R1.fastq.gz,http://owl.fish.washington.edu/nightingales/O_lurida/20160203_mbdseq/zr1394_3_s2_R1.fastq.gz,,,,
zr1394_3_s3,120,ZR1394,,https://robertslab.github.io/sams-notebook/2015/11/22/mbd-enrichment-sonicated-olympia-oyster-gdna.html,O_lurida,20160202,,adductor muscle,DNA,Illumina,HiSeq2500,SE50,MBD BS-seq,PRJNA849214,,,Oly reciprocal transplant MBD BSseq,,/Volumes/web/nightingales/O_lurida/20160203_mbdseq/zr1394_3_s3_R1.fastq.gz,http://owl.fish.washington.edu/nightingales/O_lurida/20160203_mbdseq/zr1394_3_s3_R1.fastq.gz,,,,
zr1394_3_s4,120,ZR1394,,https://robertslab.github.io/sams-notebook/2015/11/22/mbd-enrichment-sonicated-olympia-oyster-gdna.html,O_lurida,20160202,,adductor muscle,DNA,Illumina,HiSeq2500,SE50,MBD BS-seq,PRJNA849214,,,Oly reciprocal transplant MBD BSseq,,/Volumes/web/nightingales/O_lurida/20160203_mbdseq/zr1394_3_s456.fastq.gz,http://owl.fish.washington.edu/nightingales/O_lurida/20160203_mbdseq/zr1394_3_s456.fastq.gz,,,,
zr1394_3_s5,120,ZR1394,,https://robertslab.github.io/sams-notebook/2015/11/22/mbd-enrichment-sonicated-olympia-oyster-gdna.html,O_lurida,20160202,,adductor muscle,DNA,Illumina,HiSeq2500,SE50,MBD BS-seq,PRJNA849214,,,Oly reciprocal transplant MBD BSseq,,/Volumes/web/nightingales/O_lurida/20160203_mbdseq/zr1394_3_s5_R1.fastq.gz,http://owl.fish.washington.edu/nightingales/O_lurida/20160203_mbdseq/zr1394_3_s5_R1.fastq.gz,,,,
zr1394_3_s6,120,ZR1394,,https://robertslab.github.io/sams-notebook/2015/11/22/mbd-enrichment-sonicated-olympia-oyster-gdna.html,O_lurida,20160202,,adductor muscle,DNA,Illumina,HiSeq2500,SE50,MBD BS-seq,PRJNA849214,,,Oly reciprocal transplant MBD BSseq,,/Volumes/web/nightingales/O_lurida/20160203_mbdseq/zr1394_3_s6_R1.fastq.gz,http://owl.fish.washington.edu/nightingales/O_lurida/20160203_mbdseq/zr1394_3_s6_R1.fastq.gz,,,,
zr1394_4_s1,120,ZR1394,,https://robertslab.github.io/sams-notebook/2015/11/22/mbd-enrichment-sonicated-olympia-oyster-gdna.html,O_lurida,20160202,,adductor muscle,DNA,Illumina,HiSeq2500,SE50,MBD BS-seq,PRJNA849214,,,Oly reciprocal transplant MBD BSseq,,/Volumes/web/nightingales/O_lurida/20160203_mbdseq/zr1394_4_s1_R1.fastq.gz,http://owl.fish.washington.edu/nightingales/O_lurida/20160203_mbdseq/zr1394_4_s1_R1.fastq.gz,,,,
zr1394_4_s2,120,ZR1394,,https://robertslab.github.io/sams-notebook/2015/11/22/mbd-enrichment-sonicated-olympia-oyster-gdna.html,O_lurida,20160202,,adductor muscle,DNA,Illumina,HiSeq2500,SE50,MBD BS-seq,PRJNA849214,,,Oly reciprocal transplant MBD BSseq,,/Volumes/web/nightingales/O_lurida/20160203_mbdseq/zr1394_4_s2_R1.fastq.gz,http://owl.fish.washington.edu/nightingales/O_lurida/20160203_mbdseq/zr1394_4_s2_R1.fastq.gz,,,,
zr1394_4_s3,120,ZR1394,,https://robertslab.github.io/sams-notebook/2015/11/22/mbd-enrichment-sonicated-olympia-oyster-gdna.html,O_lurida,20160202,,adductor muscle,DNA,Illumina,HiSeq2500,SE50,MBD BS-seq,PRJNA849214,,,Oly reciprocal transplant MBD BSseq,,/Volumes/web/nightingales/O_lurida/20160203_mbdseq/zr1394_4_s3_R1.fastq.gz,http://owl.fish.washington.edu/nightingales/O_lurida/20160203_mbdseq/zr1394_4_s3_R1.fastq.gz,,,,
zr1394_4_s4,120,ZR1394,,https://robertslab.github.io/sams-notebook/2015/11/22/mbd-enrichment-sonicated-olympia-oyster-gdna.html,O_lurida,20160202,,adductor muscle,DNA,Illumina,HiSeq2500,SE50,MBD BS-seq,PRJNA849214,,,Oly reciprocal transplant MBD BSseq,,/Volumes/web/nightingales/O_lurida/20160203_mbdseq/zr1394_4_s456.fastq.gz,http://owl.fish.washington.edu/nightingales/O_lurida/20160203_mbdseq/zr1394_4_s456.fastq.gz,,,,
zr1394_4_s5,120,ZR1394,,https://robertslab.github.io/sams-notebook/2015/11/22/mbd-enrichment-sonicated-olympia-oyster-gdna.html,O_lurida,20160202,,adductor muscle,DNA,Illumina,HiSeq2500,SE50,MBD BS-seq,PRJNA849214,,,Oly reciprocal transplant MBD BSseq,,/Volumes/web/nightingales/O_lurida/20160203_mbdseq/zr1394_4_s5_R1.fastq.gz,http://owl.fish.washington.edu/nightingales/O_lurida/20160203_mbdseq/zr1394_4_s5_R1.fastq.gz,,,,
zr1394_4_s6,120,ZR1394,,https://robertslab.github.io/sams-notebook/2015/11/22/mbd-enrichment-sonicated-olympia-oyster-gdna.html,O_lurida,20160202,,adductor muscle,DNA,Illumina,HiSeq2500,SE50,MBD BS-seq,PRJNA849214,,,Oly reciprocal transplant MBD BSseq,,/Volumes/web/nightingales/O_lurida/20160203_mbdseq/zr1394_4_s6_R1.fastq.gz,http://owl.fish.washington.edu/nightingales/O_lurida/20160203_mbdseq/zr1394_4_s6_R1.fastq.gz,,,,
zr1394_5_s1,120,ZR1394,,https://robertslab.github.io/sams-notebook/2015/11/22/mbd-enrichment-sonicated-olympia-oyster-gdna.html,O_lurida,20160202,,adductor muscle,DNA,Illumina,HiSeq2500,SE50,MBD BS-seq,PRJNA849214,,,Oly reciprocal transplant MBD BSseq,,/Volumes/web/nightingales/O_lurida/20160203_mbdseq/zr1394_5_s1_R1.fastq.gz,http://owl.fish.washington.edu/nightingales/O_lurida/20160203_mbdseq/zr1394_5_s1_R1.fastq.gz,,,,
zr1394_5_s2,120,ZR1394,,https://robertslab.github.io/sams-notebook/2015/11/22/mbd-enrichment-sonicated-olympia-oyster-gdna.html,O_lurida,20160202,,adductor muscle,DNA,Illumina,HiSeq2500,SE50,MBD BS-seq,PRJNA849214,,,Oly reciprocal transplant MBD BSseq,,/Volumes/web/nightingales/O_lurida/20160203_mbdseq/zr1394_5_s2_R1.fastq.gz,http://owl.fish.washington.edu/nightingales/O_lurida/20160203_mbdseq/zr1394_5_s2_R1.fastq.gz,,,,
zr1394_5_s3,120,ZR1394,,https://robertslab.github.io/sams-notebook/2015/11/22/mbd-enrichment-sonicated-olympia-oyster-gdna.html,O_lurida,20160202,,adductor muscle,DNA,Illumina,HiSeq2500,SE50,MBD BS-seq,PRJNA849214,,,Oly reciprocal transplant MBD BSseq,,/Volumes/web/nightingales/O_lurida/20160203_mbdseq/zr1394_5_s3_R1.fastq.gz,http://owl.fish.washington.edu/nightingales/O_lurida/20160203_mbdseq/zr1394_5_s3_R1.fastq.gz,,,,
zr1394_5_s4,120,ZR1394,,https://robertslab.github.io/sams-notebook/2015/11/22/mbd-enrichment-sonicated-olympia-oyster-gdna.html,O_lurida,20160202,,adductor muscle,DNA,Illumina,HiSeq2500,SE50,MBD BS-seq,PRJNA849214,,,Oly reciprocal transplant MBD BSseq,,/Volumes/web/nightingales/O_lurida/20160203_mbdseq/zr1394_5_s456.fastq.gz,http://owl.fish.washington.edu/nightingales/O_lurida/20160203_mbdseq/zr1394_5_s456.fastq.gz,,,,
zr1394_5_s5,120,ZR1394,,https://robertslab.github.io/sams-notebook/2015/11/22/mbd-enrichment-sonicated-olympia-oyster-gdna.html,O_lurida,20160202,,adductor muscle,DNA,Illumina,HiSeq2500,SE50,MBD BS-seq,PRJNA849214,,,Oly reciprocal transplant MBD BSseq,,/Volumes/web/nightingales/O_lurida/20160203_mbdseq/zr1394_5_s5_R1.fastq.gz,http://owl.fish.washington.edu/nightingales/O_lurida/20160203_mbdseq/zr1394_5_s5_R1.fastq.gz,,,,
zr1394_5_s6,120,ZR1394,,https://robertslab.github.io/sams-notebook/2015/11/22/mbd-enrichment-sonicated-olympia-oyster-gdna.html,O_lurida,20160202,,adductor muscle,DNA,Illumina,HiSeq2500,SE50,MBD BS-seq,PRJNA849214,,,Oly reciprocal transplant MBD BSseq,,/Volumes/web/nightingales/O_lurida/20160203_mbdseq/zr1394_5_s6_R1.fastq.gz,http://owl.fish.washington.edu/nightingales/O_lurida/20160203_mbdseq/zr1394_5_s6_R1.fastq.gz,,,,
zr1394_6_s1,120,ZR1394,,https://robertslab.github.io/sams-notebook/2015/11/22/mbd-enrichment-sonicated-olympia-oyster-gdna.html,O_lurida,20160202,,adductor muscle,DNA,Illumina,HiSeq2500,SE50,MBD BS-seq,PRJNA849214,,,Oly reciprocal transplant MBD BSseq,,/Volumes/web/nightingales/O_lurida/20160203_mbdseq/zr1394_6_s1_R1.fastq.gz,http://owl.fish.washington.edu/nightingales/O_lurida/20160203_mbdseq/zr1394_6_s1_R1.fastq.gz,,,,
zr1394_6_s2,120,ZR1394,,https://robertslab.github.io/sams-notebook/2015/11/22/mbd-enrichment-sonicated-olympia-oyster-gdna.html,O_lurida,20160202,,adductor muscle,DNA,Illumina,HiSeq2500,SE50,MBD BS-seq,PRJNA849214,,,Oly reciprocal transplant MBD BSseq,,/Volumes/web/nightingales/O_lurida/20160203_mbdseq/zr1394_6_s2_R1.fastq.gz,http://owl.fish.washington.edu/nightingales/O_lurida/20160203_mbdseq/zr1394_6_s2_R1.fastq.gz,,,,
zr1394_6_s3,120,ZR1394,,https://robertslab.github.io/sams-notebook/2015/11/22/mbd-enrichment-sonicated-olympia-oyster-gdna.html,O_lurida,20160202,,adductor muscle,DNA,Illumina,HiSeq2500,SE50,MBD BS-seq,PRJNA849214,,,Oly reciprocal transplant MBD BSseq,,/Volumes/web/nightingales/O_lurida/20160203_mbdseq/zr1394_6_s3_R1.fastq.gz,http://owl.fish.washington.edu/nightingales/O_lurida/20160203_mbdseq/zr1394_6_s3_R1.fastq.gz,,,,
zr1394_6_s4,120,ZR1394,,https://robertslab.github.io/sams-notebook/2015/11/22/mbd-enrichment-sonicated-olympia-oyster-gdna.html,O_lurida,20160202,,adductor muscle,DNA,Illumina,HiSeq2500,SE50,MBD BS-seq,PRJNA849214,,,Oly reciprocal transplant MBD BSseq,,/Volumes/web/nightingales/O_lurida/20160203_mbdseq/zr1394_6_s456.fastq.gz,http://owl.fish.washington.edu/nightingales/O_lurida/20160203_mbdseq/zr1394_6_s456.fastq.gz,,,,
zr1394_6_s5,120,ZR1394,,https://robertslab.github.io/sams-notebook/2015/11/22/mbd-enrichment-sonicated-olympia-oyster-gdna.html,O_lurida,20160202,,adductor muscle,DNA,Illumina,HiSeq2500,SE50,MBD BS-seq,PRJNA849214,,,Oly reciprocal transplant MBD BSseq,,/Volumes/web/nightingales/O_lurida/20160203_mbdseq/zr1394_6_s5_R1.fastq.gz,http://owl.fish.washington.edu/nightingales/O_lurida/20160203_mbdseq/zr1394_6_s5_R1.fastq.gz,,,,
zr1394_6_s6,120,ZR1394,,https://robertslab.github.io/sams-notebook/2015/11/22/mbd-enrichment-sonicated-olympia-oyster-gdna.html,O_lurida,20160202,,adductor muscle,DNA,Illumina,HiSeq2500,SE50,MBD BS-seq,PRJNA849214,,,Oly reciprocal transplant MBD BSseq,,/Volumes/web/nightingales/O_lurida/20160203_mbdseq/zr1394_6_s6_R1.fastq.gz,http://owl.fish.washington.edu/nightingales/O_lurida/20160203_mbdseq/zr1394_6_s6_R1.fastq.gz,,,,
zr1394_7_s1,120,ZR1394,,https://robertslab.github.io/sams-notebook/2015/11/22/mbd-enrichment-sonicated-olympia-oyster-gdna.html,O_lurida,20160202,,adductor muscle,DNA,Illumina,HiSeq2500,SE50,MBD BS-seq,PRJNA849214,,,Oly reciprocal transplant MBD BSseq,,/Volumes/web/nightingales/O_lurida/20160203_mbdseq/zr1394_7_s1_R1.fastq.gz,http://owl.fish.washington.edu/nightingales/O_lurida/20160203_mbdseq/zr1394_7_s1_R1.fastq.gz,,,,
zr1394_7_s2,120,ZR1394,,https://robertslab.github.io/sams-notebook/2015/11/22/mbd-enrichment-sonicated-olympia-oyster-gdna.html,O_lurida,20160202,,adductor muscle,DNA,Illumina,HiSeq2500,SE50,MBD BS-seq,PRJNA849214,,,Oly reciprocal transplant MBD BSseq,,/Volumes/web/nightingales/O_lurida/20160203_mbdseq/zr1394_7_s2_R1.fastq.gz,http://owl.fish.washington.edu/nightingales/O_lurida/20160203_mbdseq/zr1394_7_s2_R1.fastq.gz,,,,
zr1394_7_s3,120,ZR1394,,https://robertslab.github.io/sams-notebook/2015/11/22/mbd-enrichment-sonicated-olympia-oyster-gdna.html,O_lurida,20160202,,adductor muscle,DNA,Illumina,HiSeq2500,SE50,MBD BS-seq,PRJNA849214,,,Oly reciprocal transplant MBD BSseq,,/Volumes/web/nightingales/O_lurida/20160203_mbdseq/zr1394_7_s3_R1.fastq.gz,http://owl.fish.washington.edu/nightingales/O_lurida/20160203_mbdseq/zr1394_7_s3_R1.fastq.gz,,,,
zr1394_7_s4,120,ZR1394,,https://robertslab.github.io/sams-notebook/2015/11/22/mbd-enrichment-sonicated-olympia-oyster-gdna.html,O_lurida,20160202,,adductor muscle,DNA,Illumina,HiSeq2500,SE50,MBD BS-seq,PRJNA849214,,,Oly reciprocal transplant MBD BSseq,,/Volumes/web/nightingales/O_lurida/20160203_mbdseq/zr1394_7_s456.fastq.gz,http://owl.fish.washington.edu/nightingales/O_lurida/20160203_mbdseq/zr1394_7_s456.fastq.gz,,,,
zr1394_7_s5,120,ZR1394,,https://robertslab.github.io/sams-notebook/2015/11/22/mbd-enrichment-sonicated-olympia-oyster-gdna.html,O_lurida,20160202,,adductor muscle,DNA,Illumina,HiSeq2500,SE50,MBD BS-seq,PRJNA849214,,,Oly reciprocal transplant MBD BSseq,,/Volumes/web/nightingales/O_lurida/20160203_mbdseq/zr1394_7_s5_R1.fastq.gz,http://owl.fish.washington.edu/nightingales/O_lurida/20160203_mbdseq/zr1394_7_s5_R1.fastq.gz,,,,
zr1394_7_s6,120,ZR1394,,https://robertslab.github.io/sams-notebook/2015/11/22/mbd-enrichment-sonicated-olympia-oyster-gdna.html,O_lurida,20160202,,adductor muscle,DNA,Illumina,HiSeq2500,SE50,MBD BS-seq,PRJNA849214,,,Oly reciprocal transplant MBD BSseq,,/Volumes/web/nightingales/O_lurida/20160203_mbdseq/zr1394_7_s6_R1.fastq.gz,http://owl.fish.washington.edu/nightingales/O_lurida/20160203_mbdseq/zr1394_7_s6_R1.fastq.gz,,,,
zr1394_8_s1,120,ZR1394,,https://robertslab.github.io/sams-notebook/2015/11/22/mbd-enrichment-sonicated-olympia-oyster-gdna.html,O_lurida,20160202,,adductor muscle,DNA,Illumina,HiSeq2500,SE50,MBD BS-seq,PRJNA849214,,,Oly reciprocal transplant MBD BSseq,,/Volumes/web/nightingales/O_lurida/20160203_mbdseq/zr1394_8_s1_R1.fastq.gz,http://owl.fish.washington.edu/nightingales/O_lurida/20160203_mbdseq/zr1394_8_s1_R1.fastq.gz,,,,
zr1394_8_s2,120,ZR1394,,https://robertslab.github.io/sams-notebook/2015/11/22/mbd-enrichment-sonicated-olympia-oyster-gdna.html,O_lurida,20160202,,adductor muscle,DNA,Illumina,HiSeq2500,SE50,MBD BS-seq,PRJNA849214,,,Oly reciprocal transplant MBD BSseq,,/Volumes/web/nightingales/O_lurida/20160203_mbdseq/zr1394_8_s2_R1.fastq.gz,http://owl.fish.washington.edu/nightingales/O_lurida/20160203_mbdseq/zr1394_8_s2_R1.fastq.gz,,,,
zr1394_8_s3,120,ZR1394,,https://robertslab.github.io/sams-notebook/2015/11/22/mbd-enrichment-sonicated-olympia-oyster-gdna.html,O_lurida,20160202,,adductor muscle,DNA,Illumina,HiSeq2500,SE50,MBD BS-seq,PRJNA849214,,,Oly reciprocal transplant MBD BSseq,,/Volumes/web/nightingales/O_lurida/20160203_mbdseq/zr1394_8_s3_R1.fastq.gz,http://owl.fish.washington.edu/nightingales/O_lurida/20160203_mbdseq/zr1394_8_s3_R1.fastq.gz,,,,
zr1394_8_s4,120,ZR1394,,https://robertslab.github.io/sams-notebook/2015/11/22/mbd-enrichment-sonicated-olympia-oyster-gdna.html,O_lurida,20160202,,adductor muscle,DNA,Illumina,HiSeq2500,SE50,MBD BS-seq,PRJNA849214,,,Oly reciprocal transplant MBD BSseq,,/Volumes/web/nightingales/O_lurida/20160203_mbdseq/zr1394_8_s456.fastq.gz,http://owl.fish.washington.edu/nightingales/O_lurida/20160203_mbdseq/zr1394_8_s456.fastq.gz,,,,
zr1394_8_s5,120,ZR1394,,https://robertslab.github.io/sams-notebook/2015/11/22/mbd-enrichment-sonicated-olympia-oyster-gdna.html,O_lurida,20160202,,adductor muscle,DNA,Illumina,HiSeq2500,SE50,MBD BS-seq,PRJNA849214,,,Oly reciprocal transplant MBD BSseq,,/Volumes/web/nightingales/O_lurida/20160203_mbdseq/zr1394_8_s5_R1.fastq.gz,http://owl.fish.washington.edu/nightingales/O_lurida/20160203_mbdseq/zr1394_8_s5_R1.fastq.gz,,,,
zr1394_8_s6,120,ZR1394,,https://robertslab.github.io/sams-notebook/2015/11/22/mbd-enrichment-sonicated-olympia-oyster-gdna.html,O_lurida,20160202,,adductor muscle,DNA,Illumina,HiSeq2500,SE50,MBD BS-seq,PRJNA849214,,,Oly reciprocal transplant MBD BSseq,,/Volumes/web/nightingales/O_lurida/20160203_mbdseq/zr1394_8_s6_R1.fastq.gz,http://owl.fish.washington.edu/nightingales/O_lurida/20160203_mbdseq/zr1394_8_s6_R1.fastq.gz,,,,
zr1394_9_s1,120,ZR1394,,https://robertslab.github.io/sams-notebook/2015/11/22/mbd-enrichment-sonicated-olympia-oyster-gdna.html,O_lurida,20160202,,adductor muscle,DNA,Illumina,HiSeq2500,SE50,MBD BS-seq,PRJNA849214,,,Oly reciprocal transplant MBD BSseq,,/Volumes/web/nightingales/O_lurida/20160203_mbdseq/zr1394_9_s1_R1.fastq.gz,http://owl.fish.washington.edu/nightingales/O_lurida/20160203_mbdseq/zr1394_9_s1_R1.fastq.gz,,,,
zr1394_9_s2,120,ZR1394,,https://robertslab.github.io/sams-notebook/2015/11/22/mbd-enrichment-sonicated-olympia-oyster-gdna.html,O_lurida,20160202,,adductor muscle,DNA,Illumina,HiSeq2500,SE50,MBD BS-seq,PRJNA849214,,,Oly reciprocal transplant MBD BSseq,,/Volumes/web/nightingales/O_lurida/20160203_mbdseq/zr1394_9_s2_R1.fastq.gz,http://owl.fish.washington.edu/nightingales/O_lurida/20160203_mbdseq/zr1394_9_s2_R1.fastq.gz,,,,
zr1394_9_s3,120,ZR1394,,https://robertslab.github.io/sams-notebook/2015/11/22/mbd-enrichment-sonicated-olympia-oyster-gdna.html,O_lurida,20160202,,adductor muscle,DNA,Illumina,HiSeq2500,SE50,MBD BS-seq,PRJNA849214,,,Oly reciprocal transplant MBD BSseq,,/Volumes/web/nightingales/O_lurida/20160203_mbdseq/zr1394_9_s3_R1.fastq.gz,http://owl.fish.washington.edu/nightingales/O_lurida/20160203_mbdseq/zr1394_9_s3_R1.fastq.gz,,,,
zr1394_9_s4,120,ZR1394,,https://robertslab.github.io/sams-notebook/2015/11/22/mbd-enrichment-sonicated-olympia-oyster-gdna.html,O_lurida,20160202,,adductor muscle,DNA,Illumina,HiSeq2500,SE50,MBD BS-seq,PRJNA849214,,,Oly reciprocal transplant MBD BSseq,,/Volumes/web/nightingales/O_lurida/20160203_mbdseq/zr1394_9_s456.fastq.gz,http://owl.fish.washington.edu/nightingales/O_lurida/20160203_mbdseq/zr1394_9_s456.fastq.gz,,,,
zr1394_9_s5,120,ZR1394,,https://robertslab.github.io/sams-notebook/2015/11/22/mbd-enrichment-sonicated-olympia-oyster-gdna.html,O_lurida,20160202,,adductor muscle,DNA,Illumina,HiSeq2500,SE50,MBD BS-seq,PRJNA849214,,,Oly reciprocal transplant MBD BSseq,,/Volumes/web/nightingales/O_lurida/20160203_mbdseq/zr1394_9_s5_R1.fastq.gz,http://owl.fish.washington.edu/nightingales/O_lurida/20160203_mbdseq/zr1394_9_s5_R1.fastq.gz,,,,
zr1394_9_s6,120,ZR1394,,https://robertslab.github.io/sams-notebook/2015/11/22/mbd-enrichment-sonicated-olympia-oyster-gdna.html,O_lurida,20160202,,adductor muscle,DNA,Illumina,HiSeq2500,SE50,MBD BS-seq,PRJNA849214,,,Oly reciprocal transplant MBD BSseq,,/Volumes/web/nightingales/O_lurida/20160203_mbdseq/zr1394_9_s6_R1.fastq.gz,http://owl.fish.washington.edu/nightingales/O_lurida/20160203_mbdseq/zr1394_9_s6_R1.fastq.gz,,,,
151114_I191_FCH3Y35BCXX_L1_wHAIPI023989-79,121,wHAIPI023989-79,,,P_generosa,20160126,,"ctenidia, foot",DNA,Illumina,,PE150,genome sequencing,SRP072453,,,genome sequencing,,/Volumes/web/nightingales/P_generosa/151114_I191_FCH3Y35BCXX_L1_wHAIPI023989-79_1.fq.gz,http://owl.fish.washington.edu/nightingales/P_generosa/151114_I191_FCH3Y35BCXX_L1_wHAIPI023989-79_1.fq.gz,http://owl.fish.washington.edu/Athaliana/20180327_bgi_fastqc/151114_I191_FCH3Y35BCXX_L1_wHAIPI023989-79_1_fastqc.html,/Volumes/web/nightingales/P_generosa/151114_I191_FCH3Y35BCXX_L1_wHAIPI023989-79_2.fq.gz,http://owl.fish.washington.edu/nightingales/P_generosa/151114_I191_FCH3Y35BCXX_L1_wHAIPI023989-79_2.fq.gz,http://owl.fish.washington.edu/Athaliana/20180327_bgi_fastqc/151114_I191_FCH3Y35BCXX_L1_wHAIPI023989-79_2_fastqc.html
IMARPE-12,121,IMARPE,,,P_adspersus,20170317,,larvae,RNA,Illumina,,PE100,RNA-Seq,,,,Fine Flounder RNA-Seq,https://genefish.wordpress.com/2017/04/07/fine-flounder-reproduction-was-induced/,/Volumes/web/nightingales/P_adspersus/IMARPE-12_1.fastq.gz,http://owl.fish.washington.edu/nightingales/P_adspersus/IMARPE-12_1.fastq.gz,,/Volumes/web/nightingales/P_adspersus/IMARPE-12_2.fastq.gz,http://owl.fish.washington.edu/nightingales/P_adspersus/IMARPE-12_2.fastq.gz,
151114_I191_FCH3Y35BCXX_L2_wHAMPI023988-81,122,wHAMPI023988_81,,,P_generosa,20160126,,"ctenidia, foot",DNA,Illumina,,PE150,genome sequencing,SRP072453,/Volumes/web/nightingales/P_generosa/2bRAD_Dec2015/151114_I191_FCH3Y35BCXX_L2_wHAMPI023988-81,,genome sequencing,,/Volumes/web/nightingales/P_generosa/151114_I191_FCH3Y35BCXX_L2_wHAMPI023988-81_1.fq.gz,http://owl.fish.washington.edu/nightingales/P_generosa/151114_I191_FCH3Y35BCXX_L2_wHAMPI023988-81_1.fq.gz,http://owl.fish.washington.edu/Athaliana/20180327_bgi_fastqc/151114_I191_FCH3Y35BCXX_L2_wHAMPI023988-81_1_fastqc.html,/Volumes/web/nightingales/P_generosa/151114_I191_FCH3Y35BCXX_L2_wHAMPI023988-81_2.fq.gz,http://owl.fish.washington.edu/nightingales/P_generosa/151114_I191_FCH3Y35BCXX_L2_wHAMPI023988-81_2.fq.gz,http://owl.fish.washington.edu/Athaliana/20180327_bgi_fastqc/151114_I191_FCH3Y35BCXX_L2_wHAMPI023988-81_2_fastqc.html
IMARPE-18,122,IMARPE,,,P_adspersus,20170317,,larvae,RNA,Illumina,,PE100,RNA-Seq,,,,Fine Flounder RNA-Seq,https://genefish.wordpress.com/2017/04/07/fine-flounder-reproduction-was-induced/,/Volumes/web/nightingales/P_adspersus/IMARPE-18_1.fastq.gz,http://owl.fish.washington.edu/nightingales/P_adspersus/IMARPE-18_1.fastq.gz,,/Volumes/web/nightingales/P_adspersus/IMARPE-18_2.fastq.gz,http://owl.fish.washington.edu/nightingales/P_adspersus/IMARPE-18_2.fastq.gz,
151122_I136_FCH3L2FBBXX_L7_wHAXPI023990-97,123,wHAXPI023990_97,,,P_generosa,20160126,,"ctenidia, foot",DNA,Illumina,,PE150,genome sequencing,SRP072453,/Volumes/web/nightingales/P_generosa/2bRAD_Dec2015/151122_I136_FCH3L2FBBXX_L7_wHAXPI023990-97,,genome sequencing,,/Volumes/web/nightingales/P_generosa/151122_I136_FCH3L2FBBXX_L7_wHAXPI023990-97_1.fq.gz,http://owl.fish.washington.edu/nightingales/P_generosa/151122_I136_FCH3L2FBBXX_L7_wHAXPI023990-97_1.fq.gz,http://owl.fish.washington.edu/Athaliana/20180327_bgi_fastqc/151122_I136_FCH3L2FBBXX_L7_wHAXPI023990-97_1_fastqc.html,/Volumes/web/nightingales/P_generosa/151122_I136_FCH3L2FBBXX_L7_wHAXPI023990-97_2.fq.gz,http://owl.fish.washington.edu/nightingales/P_generosa/151122_I136_FCH3L2FBBXX_L7_wHAXPI023990-97_2.fq.gz,http://owl.fish.washington.edu/Athaliana/20180327_bgi_fastqc/151122_I136_FCH3L2FBBXX_L7_wHAXPI023990-97_2_fastqc.html
IMARPE-19,123,IMARPE,,,P_adspersus,20170317,,larvae,RNA,Illumina,,PE100,RNA-Seq,,,,Fine Flounder RNA-Seq,https://genefish.wordpress.com/2017/04/07/fine-flounder-reproduction-was-induced/,/Volumes/web/nightingales/P_adspersus/IMARPE-19_1.fastq.gz,http://owl.fish.washington.edu/nightingales/P_adspersus/IMARPE-19_1.fastq.gz,,/Volumes/web/nightingales/P_adspersus/IMARPE-19_2.fastq.gz,http://owl.fish.washington.edu/nightingales/P_adspersus/IMARPE-19_2.fastq.gz,
160103_I137_FCH3V5YBBXX_L5_WHPANwalDDABDLAAPEI-100,124,WHPANwalDDABDLAAPEI_100,,,P_generosa,20160126,,"ctenidia, foot",DNA,Illumina,,PE50,genome sequencing,SRP072453,/Volumes/web/nightingales/P_generosa/160103_I137_FCH3V5YBBXX_L5_WHPANwalDDABDLAAPEI-100,,genome sequencing,,/Volumes/web/nightingales/P_generosa/160103_I137_FCH3V5YBBXX_L5_WHPANwalDDABDLAAPEI-100_1.fq.gz,http://owl.fish.washington.edu/nightingales/P_generosa/160103_I137_FCH3V5YBBXX_L5_WHPANwalDDABDLAAPEI-100_1.fq.gz,http://owl.fish.washington.edu/Athaliana/20180327_bgi_fastqc/160103_I137_FCH3V5YBBXX_L5_WHPANwalDDABDLAAPEI-100_1_fastqc.html,/Volumes/web/nightingales/P_generosa/160103_I137_FCH3V5YBBXX_L5_WHPANwalDDABDLAAPEI-100_2.fq.gz,http://owl.fish.washington.edu/nightingales/P_generosa/160103_I137_FCH3V5YBBXX_L5_WHPANwalDDABDLAAPEI-100_2.fq.gz,http://owl.fish.washington.edu/Athaliana/20180327_bgi_fastqc/160103_I137_FCH3V5YBBXX_L5_WHPANwalDDABDLAAPEI-100_2_fastqc.html
160103_I137_FCH3V5YBBXX_L6_WHPANwalDDABDLAAPEI-100,124,WHPANwalDDABDLAAPEI_100,,,P_generosa,20160126,,"ctenidia, foot",DNA,Illumina,,PE50,genome sequencing,SRP072453,/Volumes/web/nightingales/P_generosa/160103_I137_FCH3V5YBBXX_L6_WHPANwalDDABDLAAPEI-100,,genome sequencing,,/Volumes/web/nightingales/P_generosa/160103_I137_FCH3V5YBBXX_L6_WHPANwalDDABDLAAPEI-100_1.fq.gz,http://owl.fish.washington.edu/nightingales/P_generosa/160103_I137_FCH3V5YBBXX_L6_WHPANwalDDABDLAAPEI-100_1.fq.gz,http://owl.fish.washington.edu/Athaliana/20180327_bgi_fastqc/160103_I137_FCH3V5YBBXX_L6_WHPANwalDDABDLAAPEI-100_1_fastqc.html,/Volumes/web/nightingales/P_generosa/160103_I137_FCH3V5YBBXX_L6_WHPANwalDDABDLAAPEI-100_2.fq.gz,http://owl.fish.washington.edu/nightingales/P_generosa/160103_I137_FCH3V5YBBXX_L6_WHPANwalDDABDLAAPEI-100_2.fq.gz,http://owl.fish.washington.edu/Athaliana/20180327_bgi_fastqc/160103_I137_FCH3V5YBBXX_L6_WHPANwalDDACDTAAPEI-102_2_fastqc.html
160103_I137_FCH3V5YBBXX_L3_WHPANwalDDAADWAAPEI-101,125,WHPANwalDDACDTAAPEI_101,,,P_generosa,20160126,,"ctenidia, foot",DNA,Illumina,,PE50,genome sequencing,SRP072453,/Volumes/web/nightingales/P_generosa/160103_I137_FCH3V5YBBXX_L3_WHPANwalDDAADWAAPEI-101,,genome sequencing,,/Volumes/web/nightingales/P_generosa/160103_I137_FCH3V5YBBXX_L3_WHPANwalDDAADWAAPEI-101_1.fq.gz,http://owl.fish.washington.edu/nightingales/P_generosa/160103_I137_FCH3V5YBBXX_L3_WHPANwalDDAADWAAPEI-101_1.fq.gz,http://owl.fish.washington.edu/Athaliana/20180327_bgi_fastqc/160103_I137_FCH3V5YBBXX_L3_WHPANwalDDAADWAAPEI-101_1_fastqc.html,/Volumes/web/nightingales/P_generosa/160103_I137_FCH3V5YBBXX_L3_WHPANwalDDAADWAAPEI-101_2.fq.gz,http://owl.fish.washington.edu/nightingales/P_generosa/160103_I137_FCH3V5YBBXX_L3_WHPANwalDDAADWAAPEI-101_2.fq.gz,http://owl.fish.washington.edu/Athaliana/20180327_bgi_fastqc/160103_I137_FCH3V5YBBXX_L3_WHPANwalDDAADWAAPEI-101_2_fastqc.html
160103_I137_FCH3V5YBBXX_L4_WHPANwalDDAADWAAPEI-101,125,WHPANwalDDACDTAAPEI_101,,,P_generosa,20160126,,"ctenidia, foot",DNA,Illumina,,PE50,genome sequencing,SRP072453,/Volumes/web/nightingales/P_generosa/160103_I137_FCH3V5YBBXX_L4_WHPANwalDDAADWAAPEI-101,,genome sequencing,,/Volumes/web/nightingales/P_generosa/160103_I137_FCH3V5YBBXX_L4_WHPANwalDDAADWAAPEI-101_1.fq.gz,http://owl.fish.washington.edu/nightingales/P_generosa/160103_I137_FCH3V5YBBXX_L4_WHPANwalDDAADWAAPEI-101_1.fq.gz,http://owl.fish.washington.edu/Athaliana/20180327_bgi_fastqc/160103_I137_FCH3V5YBBXX_L4_WHPANwalDDAADWAAPEI-101_1_fastqc.html,/Volumes/web/nightingales/P_generosa/160103_I137_FCH3V5YBBXX_L4_WHPANwalDDAADWAAPEI-101_2.fq.gz,http://owl.fish.washington.edu/nightingales/P_generosa/160103_I137_FCH3V5YBBXX_L4_WHPANwalDDAADWAAPEI-101_2.fq.gz,http://owl.fish.washington.edu/Athaliana/20180327_bgi_fastqc/160103_I137_FCH3V5YBBXX_L4_WHPANwalDDAADWAAPEI-101_2_fastqc.html
160103_I137_FCH3V5YBBXX_L5_WHPANwalDDACDTAAPEI-102,126,WHPANwalDDAADWAAPEI_102,,,P_generosa,20160126,,"ctenidia, foot",DNA,Illumina,,PE50,genome sequencing,SRP072453,/Volumes/web/nightingales/P_generosa/160103_I137_FCH3V5YBBXX_L5_WHPANwalDDACDTAAPEI-102,,genome sequencing,,/Volumes/web/nightingales/P_generosa/160103_I137_FCH3V5YBBXX_L5_WHPANwalDDACDTAAPEI-102_1.fq.gz,http://owl.fish.washington.edu/nightingales/P_generosa/160103_I137_FCH3V5YBBXX_L5_WHPANwalDDACDTAAPEI-102_1.fq.gz,http://owl.fish.washington.edu/Athaliana/20180327_bgi_fastqc/160103_I137_FCH3V5YBBXX_L5_WHPANwalDDACDTAAPEI-102_1_fastqc.html,/Volumes/web/nightingales/P_generosa/160103_I137_FCH3V5YBBXX_L5_WHPANwalDDACDTAAPEI-102_2.fq.gz,http://owl.fish.washington.edu/nightingales/P_generosa/160103_I137_FCH3V5YBBXX_L5_WHPANwalDDACDTAAPEI-102_2.fq.gz,http://owl.fish.washington.edu/Athaliana/20180327_bgi_fastqc/160103_I137_FCH3V5YBBXX_L5_WHPANwalDDACDTAAPEI-102_2_fastqc.html
160103_I137_FCH3V5YBBXX_L6_WHPANwalDDACDTAAPEI-102,126,WHPANwalDDAADWAAPEI_102,,,P_generosa,20160126,,"ctenidia, foot",DNA,Illumina,,PE50,genome sequencing,SRP072453,/Volumes/web/nightingales/P_generosa/160103_I137_FCH3V5YBBXX_L6_WHPANwalDDACDTAAPEI-102,,genome sequencing,,/Volumes/web/nightingales/P_generosa/160103_I137_FCH3V5YBBXX_L6_WHPANwalDDACDTAAPEI-102_1.fq.gz,http://owl.fish.washington.edu/nightingales/P_generosa/160103_I137_FCH3V5YBBXX_L6_WHPANwalDDACDTAAPEI-102_1.fq.gz,http://owl.fish.washington.edu/Athaliana/20180327_bgi_fastqc/160103_I137_FCH3V5YBBXX_L6_WHPANwalDDACDTAAPEI-102_1_fastqc.html,/Volumes/web/nightingales/P_generosa/160103_I137_FCH3V5YBBXX_L6_WHPANwalDDACDTAAPEI-102_2.fq.gz,http://owl.fish.washington.edu/nightingales/P_generosa/160103_I137_FCH3V5YBBXX_L6_WHPANwalDDACDTAAPEI-102_2.fq.gz,
151114_I191_FCH3Y35BCXX_L1_wHAIPI023992-37,127,wHAIPI023992_37,,,O_lurida,20160126,,mantle,DNA,Illumina,,PE150,genome sequencing,SRP072461,/Volumes/web/nightingales/O_lurida/151114_I191_FCH3Y35BCXX_L1_wHAIPI023992-37,,genome sequencing,,/Volumes/web/nightingales/O_lurida/151114_I191_FCH3Y35BCXX_L1_wHAIPI023992-37_1.fq.gz,http://owl.fish.washington.edu/nightingales/O_lurida/151114_I191_FCH3Y35BCXX_L1_wHAIPI023992-37_1.fq.gz,,/Volumes/web/nightingales/O_lurida/151114_I191_FCH3Y35BCXX_L1_wHAIPI023992-37_2.fq.gz,http://owl.fish.washington.edu/nightingales/O_lurida/151114_I191_FCH3Y35BCXX_L1_wHAIPI023992-37_2.fq.gz,
151114_I191_FCH3Y35BCXX_L2_wHAMPI023991-66,128,wHAMPI023991_66,,,O_lurida,20160126,,mantle,DNA,Illumina,,PE150,genome sequencing,SRP072461,/Volumes/web/nightingales/O_lurida/151114_I191_FCH3Y35BCXX_L2_wHAMPI023991-66,,genome sequencing,,/Volumes/web/nightingales/O_lurida/151114_I191_FCH3Y35BCXX_L2_wHAMPI023991-66_1.fq.gz,http://owl.fish.washington.edu/nightingales/O_lurida/151114_I191_FCH3Y35BCXX_L2_wHAMPI023991-66_1.fq.gz,,/Volumes/web/nightingales/O_lurida/151114_I191_FCH3Y35BCXX_L2_wHAMPI023991-66_2.fq.gz,http://owl.fish.washington.edu/nightingales/O_lurida/151114_I191_FCH3Y35BCXX_L2_wHAMPI023991-66_2.fq.gz,
151118_I137_FCH3KNJBBXX_L5_wHAXPI023905-96,129,wHAXPI023905_96,,,O_lurida,20160126,,mantle,DNA,Illumina,,PE150,genome sequencing,SRP072461,/Volumes/web/nightingales/O_lurida/151118_I137_FCH3KNJBBXX_L5_wHAXPI023905-96,,genome sequencing,,/Volumes/web/nightingales/O_lurida/151118_I137_FCH3KNJBBXX_L5_wHAXPI023905-96_1.fq.gz,http://owl.fish.washington.edu/nightingales/O_lurida/151118_I137_FCH3KNJBBXX_L5_wHAXPI023905-96_1.fq.gz,,/Volumes/web/nightingales/O_lurida/151118_I137_FCH3KNJBBXX_L5_wHAXPI023905-96_2.fq.gz,http://owl.fish.washington.edu/nightingales/O_lurida/151118_I137_FCH3KNJBBXX_L5_wHAXPI023905-96_2.fq.gz,
160103_I137_FCH3V5YBBXX_L3_WHOSTibkDCABDLAAPEI-62,130,WHOSTibkDCABDLAAPEI_62,,,O_lurida,20160126,,mantle,DNA,Illumina,,PE50,genome sequencing,SRP072461,/Volumes/web/nightingales/O_lurida/160103_I137_FCH3V5YBBXX_L3_WHOSTibkDCABDLAAPEI-62,,genome sequencing,,/Volumes/web/nightingales/O_lurida/160103_I137_FCH3V5YBBXX_L3_WHOSTibkDCABDLAAPEI-62_1.fq.gz,http://owl.fish.washington.edu/nightingales/O_lurida/160103_I137_FCH3V5YBBXX_L3_WHOSTibkDCABDLAAPEI-62_1.fq.gz,,/Volumes/web/nightingales/O_lurida/160103_I137_FCH3V5YBBXX_L3_WHOSTibkDCABDLAAPEI-62_2.fq.gz,http://owl.fish.washington.edu/nightingales/O_lurida/160103_I137_FCH3V5YBBXX_L3_WHOSTibkDCABDLAAPEI-62_2.fq.gz,
160103_I137_FCH3V5YBBXX_L4_WHOSTibkDCABDLAAPEI-62,130,WHOSTibkDCABDLAAPEI_62,,,O_lurida,20160126,,mantle,DNA,Illumina,,PE50,genome sequencing,SRP072461,/Volumes/web/nightingales/O_lurida/160103_I137_FCH3V5YBBXX_L4_WHOSTibkDCABDLAAPEI-62,,genome sequencing,,/Volumes/web/nightingales/O_lurida/160103_I137_FCH3V5YBBXX_L4_WHOSTibkDCABDLAAPEI-62_1.fq.gz,http://owl.fish.washington.edu/nightingales/O_lurida/160103_I137_FCH3V5YBBXX_L4_WHOSTibkDCABDLAAPEI-62_1.fq.gz,,/Volumes/web/nightingales/O_lurida/160103_I137_FCH3V5YBBXX_L4_WHOSTibkDCABDLAAPEI-62_2.fq.gz,http://owl.fish.washington.edu/nightingales/O_lurida/160103_I137_FCH3V5YBBXX_L4_WHOSTibkDCABDLAAPEI-62_2.fq.gz,
160103_I137_FCH3V5YBBXX_L5_WHOSTibkDCAADWAAPEI-74,131,WHOSTibkDCAADWAAPEI_74,,,O_lurida,20160126,,mantle,DNA,Illumina,,PE50,genome sequencing,SRP072461,/Volumes/web/nightingales/O_lurida/160103_I137_FCH3V5YBBXX_L5_WHOSTibkDCAADWAAPEI-74,,genome sequencing,,/Volumes/web/nightingales/O_lurida/160103_I137_FCH3V5YBBXX_L5_WHOSTibkDCAADWAAPEI-74_1.fq.gz,http://owl.fish.washington.edu/nightingales/O_lurida/160103_I137_FCH3V5YBBXX_L5_WHOSTibkDCAADWAAPEI-74_1.fq.gz,,/Volumes/web/nightingales/O_lurida/160103_I137_FCH3V5YBBXX_L5_WHOSTibkDCAADWAAPEI-74_2.fq.gz,http://owl.fish.washington.edu/nightingales/O_lurida/160103_I137_FCH3V5YBBXX_L5_WHOSTibkDCAADWAAPEI-74_2.fq.gz,
160103_I137_FCH3V5YBBXX_L6_WHOSTibkDCAADWAAPEI-74,131,WHOSTibkDCAADWAAPEI_74,,,O_lurida,20160126,,mantle,DNA,Illumina,,PE50,genome sequencing,SRP072461,/Volumes/web/nightingales/O_lurida/160103_I137_FCH3V5YBBXX_L6_WHOSTibkDCAADWAAPEI-74,,genome sequencing,,/Volumes/web/nightingales/O_lurida/160103_I137_FCH3V5YBBXX_L6_WHOSTibkDCAADWAAPEI-74_1.fq.gz,http://owl.fish.washington.edu/nightingales/O_lurida/160103_I137_FCH3V5YBBXX_L6_WHOSTibkDCAADWAAPEI-74_1.fq.gz,,/Volumes/web/nightingales/O_lurida/160103_I137_FCH3V5YBBXX_L6_WHOSTibkDCAADWAAPEI-74_2.fq.gz,http://owl.fish.washington.edu/nightingales/O_lurida/160103_I137_FCH3V5YBBXX_L6_WHOSTibkDCAADWAAPEI-74_2.fq.gz,
160103_I137_FCH3V5YBBXX_L3_WHOSTibkDCACDTAAPEI-75,132,WHOSTibkDCACDTAAPEI_75,,,O_lurida,20160126,,mantle,DNA,Illumina,,PE50,genome sequencing,SRP072461,/Volumes/web/nightingales/O_lurida/160103_I137_FCH3V5YBBXX_L3_WHOSTibkDCACDTAAPEI-75,,genome sequencing,,/Volumes/web/nightingales/O_lurida/160103_I137_FCH3V5YBBXX_L3_WHOSTibkDCACDTAAPEI-75_1.fq.gz,http://owl.fish.washington.edu/nightingales/O_lurida/160103_I137_FCH3V5YBBXX_L3_WHOSTibkDCACDTAAPEI-75_1.fq.gz,,/Volumes/web/nightingales/O_lurida/160103_I137_FCH3V5YBBXX_L3_WHOSTibkDCACDTAAPEI-75_2.fq.gz,http://owl.fish.washington.edu/nightingales/O_lurida/160103_I137_FCH3V5YBBXX_L3_WHOSTibkDCACDTAAPEI-75_2.fq.gz,
160103_I137_FCH3V5YBBXX_L4_WHOSTibkDCACDTAAPEI-75,132,WHOSTibkDCACDTAAPEI_75,,,O_lurida,20160126,,mantle,DNA,Illumina,,PE50,genome sequencing,SRP072461,/Volumes/web/nightingales/O_lurida/160103_I137_FCH3V5YBBXX_L4_WHOSTibkDCACDTAAPEI-75,,genome sequencing,,/Volumes/web/nightingales/O_lurida/160103_I137_FCH3V5YBBXX_L4_WHOSTibkDCACDTAAPEI-75_1.fq.gz,http://owl.fish.washington.edu/nightingales/O_lurida/160103_I137_FCH3V5YBBXX_L4_WHOSTibkDCACDTAAPEI-75_1.fq.gz,,/Volumes/web/nightingales/O_lurida/160103_I137_FCH3V5YBBXX_L4_WHOSTibkDCACDTAAPEI-75_2.fq.gz,http://owl.fish.washington.edu/nightingales/O_lurida/160103_I137_FCH3V5YBBXX_L4_WHOSTibkDCACDTAAPEI-75_2.fq.gz,
JD001_A_S21_L004,133,JD001_A,,,Porites_spp,20160906,,,DNA,Illumina,,PE100,epiRAD,,,,epiRADseq,,/Volumes/web/nightingales/Porites_spp/JD001_A_S21_L004_R1_001.fastq.gz,http://owl.fish.washington.edu/nightingales/Porites_spp/JD001_A_S21_L004_R1_001.fastq.gz,,/Volumes/web/nightingales/Porites_spp/JD001_A_S21_L004_R2_001.fastq.gz,http://owl.fish.washington.edu/nightingales/Porites_spp/JD001_A_S21_L004_R2_001.fastq.gz,
JD001_A_S1_L004,133,JD001_A,,,Porites_spp,20160912,,,DNA,Illumina,,PE100,epiRAD,,,,epiRADseq,,/Volumes/web/nightingales/Porites_spp/JD001_A_S1_L004_I1_001.fastq.gz,http://owl.fish.washington.edu/nightingales/Porites_spp/JD001_A_S1_L004_I1_001.fastq.gz,,/Volumes/web/nightingales/Porites_spp/JD001_A_S1_L004_R1_001.fastq.gz,http://owl.fish.washington.edu/nightingales/Porites_spp/JD001_A_S1_L004_R1_001.fastq.gz,
JD001_A_S1_L004_I1_001,133,JD001_A,,,Porites_spp,20160912,,,DNA,Illumina,,PE100,epiRAD,,,,epiRADseq,index reads,/Volumes/web/nightingales/Porites_spp/JD001_A_S1_L004_I1_001.fastq.gz,http://owl.fish.washington.edu/nightingales/Porites_spp/JD001_A_S1_L004_I1_001.fastq.gz,,,,
JD001_B_S22_L004,134,JD001_B,,,Porites_spp,20160906,,,DNA,Illumina,,PE100,epiRAD,,,,epiRADseq,,/Volumes/web/nightingales/Porites_spp/JD001_B_S22_L004_R1_001.fastq.gz,http://owl.fish.washington.edu/nightingales/Porites_spp/JD001_B_S22_L004_R1_001.fastq.gz,,/Volumes/web/nightingales/Porites_spp/JD001_B_S22_L004_R2_001.fastq.gz,http://owl.fish.washington.edu/nightingales/Porites_spp/JD001_B_S22_L004_R2_001.fastq.gz,
JD001_C_S23_L004,135,JD001_C,,,Porites_spp,20160906,,,DNA,Illumina,,PE100,epiRAD,,,,epiRADseq,,/Volumes/web/nightingales/Porites_spp/JD001_C_S23_L004_R1_001.fastq.gz,http://owl.fish.washington.edu/nightingales/Porites_spp/JD001_C_S23_L004_R1_001.fastq.gz,,/Volumes/web/nightingales/Porites_spp/JD001_C_S23_L004_R2_001.fastq.gz,http://owl.fish.washington.edu/nightingales/Porites_spp/JD001_C_S23_L004_R2_001.fastq.gz,
JD001_D_S24_L004,136,JD001_D,,,Porites_spp,20160906,,,DNA,Illumina,,PE100,epiRAD,,,,epiRADseq,,/Volumes/web/nightingales/Porites_spp/JD001_D_S24_L004_R1_001.fastq.gz,http://owl.fish.washington.edu/nightingales/Porites_spp/JD001_D_S24_L004_R1_001.fastq.gz,,/Volumes/web/nightingales/Porites_spp/JD001_D_S24_L004_R2_001.fastq.gz,http://owl.fish.washington.edu/nightingales/Porites_spp/JD001_D_S24_L004_R2_001.fastq.gz,
JD001_E_S25_L004,137,JD001_E,,,Porites_spp,20160906,,,DNA,Illumina,,PE100,epiRAD,,,,epiRADseq,,/Volumes/web/nightingales/Porites_spp/JD001_E_S25_L004_R1_001.fastq.gz,http://owl.fish.washington.edu/nightingales/Porites_spp/JD001_E_S25_L004_R1_001.fastq.gz,,/Volumes/web/nightingales/Porites_spp/JD001_E_S25_L004_R2_001.fastq.gz,http://owl.fish.washington.edu/nightingales/Porites_spp/JD001_E_S25_L004_R2_001.fastq.gz,
JD001_F_S26_L004,138,JD001_F,,,Porites_spp,20160906,,,DNA,Illumina,,PE100,epiRAD,,,,epiRADseq,,/Volumes/web/nightingales/Porites_spp/JD001_F_S26_L004_R1_001.fastq.gz,http://owl.fish.washington.edu/nightingales/Porites_spp/JD001_F_S26_L004_R1_001.fastq.gz,,/Volumes/web/nightingales/Porites_spp/JD001_F_S26_L004_R2_001.fastq.gz,http://owl.fish.washington.edu/nightingales/Porites_spp/JD001_F_S26_L004_R2_001.fastq.gz,
JD001_G_S27_L004,139,JD001_G,,,Porites_spp,20160906,,,DNA,Illumina,,PE100,epiRAD,,,,epiRADseq,,/Volumes/web/nightingales/Porites_spp/JD001_G_S27_L004_R1_001.fastq.gz,http://owl.fish.washington.edu/nightingales/Porites_spp/JD001_G_S27_L004_R1_001.fastq.gz,,/Volumes/web/nightingales/Porites_spp/JD001_G_S27_L004_R2_001.fastq.gz,http://owl.fish.washington.edu/nightingales/Porites_spp/JD001_G_S27_L004_R2_001.fastq.gz,
JD001_H_S28_L004,140,JD001_H,,,Porites_spp,20160906,,,DNA,Illumina,,PE100,epiRAD,,,,epiRADseq,,/Volumes/web/nightingales/Porites_spp/JD001_H_S28_L004_R1_001.fastq.gz,http://owl.fish.washington.edu/nightingales/Porites_spp/JD001_H_S28_L004_R1_001.fastq.gz,,/Volumes/web/nightingales/Porites_spp/JD001_H_S28_L004_R2_001.fastq.gz,http://owl.fish.washington.edu/nightingales/Porites_spp/JD001_H_S28_L004_R2_001.fastq.gz,
JD001_I_S29_L004,141,JD001_I,,,Porites_spp,20160906,,,DNA,Illumina,,PE100,epiRAD,,,,epiRADseq,,/Volumes/web/nightingales/Porites_spp/JD001_I_S29_L004_R1_001.fastq.gz,http://owl.fish.washington.edu/nightingales/Porites_spp/JD001_I_S29_L004_R1_001.fastq.gz,,/Volumes/web/nightingales/Porites_spp/JD001_I_S29_L004_R2_001.fastq.gz,http://owl.fish.washington.edu/nightingales/Porites_spp/JD001_I_S29_L004_R2_001.fastq.gz,
JD001_J_S30_L004,142,JD001_J,,,Porites_spp,20160906,,,DNA,Illumina,,PE100,epiRAD,,,,epiRADseq,,/Volumes/web/nightingales/Porites_spp/JD001_J_S30_L004_R1_001.fastq.gz,http://owl.fish.washington.edu/nightingales/Porites_spp/JD001_J_S30_L004_R1_001.fastq.gz,,/Volumes/web/nightingales/Porites_spp/JD001_J_S30_L004_R2_001.fastq.gz,http://owl.fish.washington.edu/nightingales/Porites_spp/JD001_J_S30_L004_R2_001.fastq.gz,
JD001_K_S31_L004,143,JD001_K,,,Porites_spp,20160906,,,DNA,Illumina,,PE100,epiRAD,,,,epiRADseq,,/Volumes/web/nightingales/Porites_spp/JD001_K_S31_L004_R1_001.fastq.gz,http://owl.fish.washington.edu/nightingales/Porites_spp/JD001_K_S31_L004_R1_001.fastq.gz,,/Volumes/web/nightingales/Porites_spp/JD001_K_S31_L004_R2_001.fastq.gz,http://owl.fish.washington.edu/nightingales/Porites_spp/JD001_K_S31_L004_R2_001.fastq.gz,
JD001_L_S32_L004,144,JD001_L,,,Porites_spp,20160906,,,DNA,Illumina,,PE100,epiRAD,,,,epiRADseq,,/Volumes/web/nightingales/Porites_spp/JD001_L_S32_L004_R1_001.fastq.gz,http://owl.fish.washington.edu/nightingales/Porites_spp/JD001_L_S32_L004_R1_001.fastq.gz,,/Volumes/web/nightingales/Porites_spp/JD001_L_S32_L004_R2_001.fastq.gz,http://owl.fish.washington.edu/nightingales/Porites_spp/JD001_L_S32_L004_R2_001.fastq.gz,
EPI-103_S27_L005,145,HP01-1,Putnam,https://github.com/hputnam/project_juvenile_geoduck_OA/blob/master/Sample_Processing/20161201_Library_prep_1.csv,P_generosa,20161220,20161229,,DNA,Illumina,,PE100,RRBS,SRR10143626,,,https://github.com/hputnam/project_juvenile_geoduck_OA,,/Volumes/web/nightingales/P_generosa/EPI-103_S27_L005_R1_001.fastq.gz,http://owl.fish.washington.edu/nightingales/P_generosa/EPI-103_S27_L005_R1_001.fastq.gz,http://owl.fish.washington.edu/Athaliana/20180516_geoduck_EPI_fastqc/EPI-103_S27_L005_R1_001_fastqc.html,/Volumes/web/nightingales/P_generosa/EPI-103_S27_L005_R2_001.fastq.gz,http://owl.fish.washington.edu/nightingales/P_generosa/EPI-103_S27_L005_R2_001.fastq.gz,http://owl.fish.washington.edu/Athaliana/20180516_geoduck_EPI_fastqc/EPI-103_S27_L005_R2_001_fastqc.html
EPI-104_S28_L005,146,HP01-1,Putnam,https://github.com/hputnam/project_juvenile_geoduck_OA/blob/master/Sample_Processing/20161201_Library_prep_1.csv,P_generosa,20161220,20161229,,DNA,Illumina,,PE100,RRBS,SRR10143615,,,https://github.com/hputnam/project_juvenile_geoduck_OA,,/Volumes/web/nightingales/P_generosa/EPI-104_S28_L005_R1_001.fastq.gz,http://owl.fish.washington.edu/nightingales/P_generosa/EPI-104_S28_L005_R1_001.fastq.gz,http://owl.fish.washington.edu/Athaliana/20180516_geoduck_EPI_fastqc/EPI-104_S28_L005_R1_001_fastqc.html,/Volumes/web/nightingales/P_generosa/EPI-104_S28_L005_R2_001.fastq.gz,http://owl.fish.washington.edu/nightingales/P_generosa/EPI-104_S28_L005_R2_001.fastq.gz,http://owl.fish.washington.edu/Athaliana/20180516_geoduck_EPI_fastqc/EPI-104_S28_L005_R2_001_fastqc.html
EPI-111_S29_L005,147,HP01-1,Putnam,https://github.com/hputnam/project_juvenile_geoduck_OA/blob/master/Sample_Processing/20161201_Library_prep_1.csv,P_generosa,20161220,20161229,,DNA,Illumina,,PE100,RRBS,SRR10143612,,,https://github.com/hputnam/project_juvenile_geoduck_OA,,/Volumes/web/nightingales/P_generosa/EPI-111_S29_L005_R1_001.fastq.gz,http://owl.fish.washington.edu/nightingales/P_generosa/EPI-111_S29_L005_R1_001.fastq.gz,http://owl.fish.washington.edu/Athaliana/20180516_geoduck_EPI_fastqc/EPI-111_S29_L005_R1_001_fastqc.html,/Volumes/web/nightingales/P_generosa/EPI-111_S29_L005_R2_001.fastq.gz,http://owl.fish.washington.edu/nightingales/P_generosa/EPI-111_S29_L005_R2_001.fastq.gz,http://owl.fish.washington.edu/Athaliana/20180516_geoduck_EPI_fastqc/EPI-111_S29_L005_R2_001_fastqc.html
EPI-113_S30_L005,148,HP01-1,Putnam,https://github.com/hputnam/project_juvenile_geoduck_OA/blob/master/Sample_Processing/20161201_Library_prep_1.csv,P_generosa,20161220,20161229,,DNA,Illumina,,PE100,RRBS,SRR10143611,,,https://github.com/hputnam/project_juvenile_geoduck_OA,,/Volumes/web/nightingales/P_generosa/EPI-113_S30_L005_R1_001.fastq.gz,http://owl.fish.washington.edu/nightingales/P_generosa/EPI-113_S30_L005_R1_001.fastq.gz,http://owl.fish.washington.edu/Athaliana/20180516_geoduck_EPI_fastqc/EPI-113_S30_L005_R1_001_fastqc.html,/Volumes/web/nightingales/P_generosa/EPI-113_S30_L005_R2_001.fastq.gz,http://owl.fish.washington.edu/nightingales/P_generosa/EPI-113_S30_L005_R2_001.fastq.gz,http://owl.fish.washington.edu/Athaliana/20180516_geoduck_EPI_fastqc/EPI-113_S30_L005_R2_001_fastqc.html
EPI-119_S31_L005,149,HP01-1,Putnam,https://github.com/hputnam/project_juvenile_geoduck_OA/blob/master/Sample_Processing/20161201_Library_prep_1.csv,P_generosa,20161220,20161229,,DNA,Illumina,,PE100,RRBS,SRR10143610,,,https://github.com/hputnam/project_juvenile_geoduck_OA,,/Volumes/web/nightingales/P_generosa/EPI-119_S31_L005_R1_001.fastq.gz,http://owl.fish.washington.edu/nightingales/P_generosa/EPI-119_S31_L005_R1_001.fastq.gz,http://owl.fish.washington.edu/Athaliana/20180516_geoduck_EPI_fastqc/EPI-119_S31_L005_R1_001_fastqc.html,/Volumes/web/nightingales/P_generosa/EPI-119_S31_L005_R2_001.fastq.gz,http://owl.fish.washington.edu/nightingales/P_generosa/EPI-119_S31_L005_R2_001.fastq.gz,http://owl.fish.washington.edu/Athaliana/20180516_geoduck_EPI_fastqc/EPI-119_S31_L005_R2_001_fastqc.html
EPI-120_S32_L005,150,HP01-1,Putnam,https://github.com/hputnam/project_juvenile_geoduck_OA/blob/master/Sample_Processing/20161201_Library_prep_1.csv,P_generosa,20161220,20161229,,DNA,Illumina,,PE100,RRBS,SRR10143609,,,https://github.com/hputnam/project_juvenile_geoduck_OA,,/Volumes/web/nightingales/P_generosa/EPI-120_S32_L005_R1_001.fastq.gz,http://owl.fish.washington.edu/nightingales/P_generosa/EPI-120_S32_L005_R1_001.fastq.gz,http://owl.fish.washington.edu/Athaliana/20180516_geoduck_EPI_fastqc/EPI-120_S32_L005_R1_001_fastqc.html,/Volumes/web/nightingales/P_generosa/EPI-120_S32_L005_R2_001.fastq.gz,http://owl.fish.washington.edu/nightingales/P_generosa/EPI-120_S32_L005_R2_001.fastq.gz,http://owl.fish.washington.edu/Athaliana/20180516_geoduck_EPI_fastqc/EPI-120_S32_L005_R2_001_fastqc.html
EPI-127_S33_L005,151,HP01-1,Putnam,https://github.com/hputnam/project_juvenile_geoduck_OA/blob/master/Sample_Processing/20161201_Library_prep_1.csv,P_generosa,20161220,20161229,,DNA,Illumina,,PE100,RRBS,SRR10143658,,,https://github.com/hputnam/project_juvenile_geoduck_OA,,/Volumes/web/nightingales/P_generosa/EPI-127_S33_L005_R1_001.fastq.gz,http://owl.fish.washington.edu/nightingales/P_generosa/EPI-127_S33_L005_R1_001.fastq.gz,http://owl.fish.washington.edu/Athaliana/20180516_geoduck_EPI_fastqc/EPI-127_S33_L005_R1_001_fastqc.html,/Volumes/web/nightingales/P_generosa/EPI-127_S33_L005_R2_001.fastq.gz,http://owl.fish.washington.edu/nightingales/P_generosa/EPI-127_S33_L005_R2_001.fastq.gz,http://owl.fish.washington.edu/Athaliana/20180516_geoduck_EPI_fastqc/EPI-127_S33_L005_R2_001_fastqc.html
EPI-128_S34_L005,152,HP01-1,Putnam,https://github.com/hputnam/project_juvenile_geoduck_OA/blob/master/Sample_Processing/20161201_Library_prep_1.csv,P_generosa,20161220,20161229,,DNA,Illumina,,PE100,RRBS,SRR10143657,,,https://github.com/hputnam/project_juvenile_geoduck_OA,,/Volumes/web/nightingales/P_generosa/EPI-128_S34_L005_R1_001.fastq.gz,http://owl.fish.washington.edu/nightingales/P_generosa/EPI-128_S34_L005_R1_001.fastq.gz,http://owl.fish.washington.edu/Athaliana/20180516_geoduck_EPI_fastqc/EPI-128_S34_L005_R1_001_fastqc.html,/Volumes/web/nightingales/P_generosa/EPI-128_S34_L005_R2_001.fastq.gz,http://owl.fish.washington.edu/nightingales/P_generosa/EPI-128_S34_L005_R2_001.fastq.gz,http://owl.fish.washington.edu/Athaliana/20180516_geoduck_EPI_fastqc/EPI-128_S34_L005_R2_001_fastqc.html
EPI-135_S35_L005,153,HP01-1,Putnam,https://github.com/hputnam/project_juvenile_geoduck_OA/blob/master/Sample_Processing/20161201_Library_prep_1.csv,P_generosa,20161220,20161229,,DNA,Illumina,,PE100,RRBS,SRR10143656,,,https://github.com/hputnam/project_juvenile_geoduck_OA,,/Volumes/web/nightingales/P_generosa/EPI-135_S35_L005_R1_001.fastq.gz,http://owl.fish.washington.edu/nightingales/P_generosa/EPI-135_S35_L005_R1_001.fastq.gz,http://owl.fish.washington.edu/Athaliana/20180516_geoduck_EPI_fastqc/EPI-135_S35_L005_R1_001_fastqc.html,/Volumes/web/nightingales/P_generosa/EPI-135_S35_L005_R2_001.fastq.gz,http://owl.fish.washington.edu/nightingales/P_generosa/EPI-135_S35_L005_R2_001.fastq.gz,http://owl.fish.washington.edu/Athaliana/20180516_geoduck_EPI_fastqc/EPI-135_S35_L005_R2_001_fastqc.html
EPI-135WG_S42_L005,154,HP04-5,Putnam,,P_generosa,20170101,20170109,,DNA,Illumina,,PE100,whole genome control sample,,,,https://github.com/hputnam/project_juvenile_geoduck_OA,,/Volumes/web/nightingales/P_generosa/EPI-135WG_S42_L005_R1_001.fastq.gz,http://owl.fish.washington.edu/nightingales/P_generosa/EPI-135WG_S42_L005_R1_001.fastq.gz,http://owl.fish.washington.edu/Athaliana/20180516_geoduck_EPI_fastqc/EPI-135WG_S42_L005_R1_001_fastqc.html,/Volumes/web/nightingales/P_generosa/EPI-135WG_S42_L005_R2_001.fastq.gz,http://owl.fish.washington.edu/nightingales/P_generosa/EPI-135WG_S42_L005_R2_001.fastq.gz,http://owl.fish.washington.edu/Athaliana/20180516_geoduck_EPI_fastqc/EPI-135WG_S42_L005_R2_001_fastqc.html
EPI-136_S36_L005,155,HP01-1,Putnam,https://github.com/hputnam/project_juvenile_geoduck_OA/blob/master/Sample_Processing/20161201_Library_prep_1.csv,P_generosa,20161220,20161229,,DNA,Illumina,,PE100,RRBS,SRR10143655,,,https://github.com/hputnam/project_juvenile_geoduck_OA,,/Volumes/web/nightingales/P_generosa/EPI-136_S36_L005_R1_001.fastq.gz,http://owl.fish.washington.edu/nightingales/P_generosa/EPI-136_S36_L005_R1_001.fastq.gz,http://owl.fish.washington.edu/Athaliana/20180516_geoduck_EPI_fastqc/EPI-136_S36_L005_R1_001_fastqc.html,/Volumes/web/nightingales/P_generosa/EPI-136_S36_L005_R2_001.fastq.gz,http://owl.fish.washington.edu/nightingales/P_generosa/EPI-136_S36_L005_R2_001.fastq.gz,http://owl.fish.washington.edu/Athaliana/20180516_geoduck_EPI_fastqc/EPI-136_S36_L005_R2_001_fastqc.html
EPI-143_S37_L005,156,HP01-1,Putnam,https://github.com/hputnam/project_juvenile_geoduck_OA/blob/master/Sample_Processing/20161201_Library_prep_1.csv,P_generosa,20161220,20161229,,DNA,Illumina,,PE100,RRBS,SRR10143654,,,https://github.com/hputnam/project_juvenile_geoduck_OA,,/Volumes/web/nightingales/P_generosa/EPI-143_S37_L005_R1_001.fastq.gz,http://owl.fish.washington.edu/nightingales/P_generosa/EPI-143_S37_L005_R1_001.fastq.gz,http://owl.fish.washington.edu/Athaliana/20180516_geoduck_EPI_fastqc/EPI-143_S37_L005_R1_001_fastqc.html,/Volumes/web/nightingales/P_generosa/EPI-143_S37_L005_R2_001.fastq.gz,http://owl.fish.washington.edu/nightingales/P_generosa/EPI-143_S37_L005_R2_001.fastq.gz,http://owl.fish.washington.edu/Athaliana/20180516_geoduck_EPI_fastqc/EPI-143_S37_L005_R2_001_fastqc.html
EPI-145_S38_L005,157,HP01-1,Putnam,https://github.com/hputnam/project_juvenile_geoduck_OA/blob/master/Sample_Processing/20161206_Library_prep_2.csv,P_generosa,20161220,20161229,,DNA,Illumina,,PE100,RRBS,SRR10143653,,,https://github.com/hputnam/project_juvenile_geoduck_OA,,/Volumes/web/nightingales/P_generosa/EPI-145_S38_L005_R1_001.fastq.gz,http://owl.fish.washington.edu/nightingales/P_generosa/EPI-145_S38_L005_R1_001.fastq.gz,http://owl.fish.washington.edu/Athaliana/20180516_geoduck_EPI_fastqc/EPI-145_S38_L005_R1_001_fastqc.html,/Volumes/web/nightingales/P_generosa/EPI-145_S38_L005_R2_001.fastq.gz,http://owl.fish.washington.edu/nightingales/P_generosa/EPI-145_S38_L005_R2_001.fastq.gz,http://owl.fish.washington.edu/Athaliana/20180516_geoduck_EPI_fastqc/EPI-145_S38_L005_R2_001_fastqc.html
EPI-151_S2_L002,158,HP01-2,Putnam,https://github.com/hputnam/project_juvenile_geoduck_OA/blob/master/Sample_Processing/20161206_Library_prep_2.csv,P_generosa,20170101,20170109,,DNA,Illumina,,PE100,RRBS,SRR10143652,,,https://github.com/hputnam/project_juvenile_geoduck_OA,,/Volumes/web/nightingales/P_generosa/EPI-151_S2_L002_R1_001.fastq.gz,http://owl.fish.washington.edu/nightingales/P_generosa/EPI-151_S2_L002_R1_001.fastq.gz,http://owl.fish.washington.edu/Athaliana/20180516_geoduck_EPI_fastqc/EPI-151_S2_L002_R1_001_fastqc.html,/Volumes/web/nightingales/P_generosa/EPI-151_S2_L002_R2_001.fastq.gz,http://owl.fish.washington.edu/nightingales/P_generosa/EPI-151_S2_L002_R2_001.fastq.gz,http://owl.fish.washington.edu/Athaliana/20180516_geoduck_EPI_fastqc/EPI-151_S2_L002_R2_001_fastqc.html
EPI-152_S3_L002,159,HP01-2,Putnam,https://github.com/hputnam/project_juvenile_geoduck_OA/blob/master/Sample_Processing/20161206_Library_prep_2.csv,P_generosa,20170101,20170109,,DNA,Illumina,,PE100,RRBS,SRR10143651,,,https://github.com/hputnam/project_juvenile_geoduck_OA,,/Volumes/web/nightingales/P_generosa/EPI-152_S3_L002_R1_001.fastq.gz,http://owl.fish.washington.edu/nightingales/P_generosa/EPI-152_S3_L002_R1_001.fastq.gz,http://owl.fish.washington.edu/Athaliana/20180516_geoduck_EPI_fastqc/EPI-152_S3_L002_R1_001_fastqc.html,/Volumes/web/nightingales/P_generosa/EPI-152_S3_L002_R2_001.fastq.gz,http://owl.fish.washington.edu/nightingales/P_generosa/EPI-152_S3_L002_R2_001.fastq.gz,http://owl.fish.washington.edu/Athaliana/20180516_geoduck_EPI_fastqc/EPI-152_S3_L002_R2_001_fastqc.html
EPI-153_S4_L002,160,HP01-2,Putnam,https://github.com/hputnam/project_juvenile_geoduck_OA/blob/master/Sample_Processing/20161206_Library_prep_2.csv,P_generosa,20170101,20170109,,DNA,Illumina,,PE100,RRBS,SRR10143650,,,https://github.com/hputnam/project_juvenile_geoduck_OA,,/Volumes/web/nightingales/P_generosa/EPI-153_S4_L002_R1_001.fastq.gz,http://owl.fish.washington.edu/nightingales/P_generosa/EPI-153_S4_L002_R1_001.fastq.gz,http://owl.fish.washington.edu/Athaliana/20180516_geoduck_EPI_fastqc/EPI-153_S4_L002_R1_001_fastqc.html,/Volumes/web/nightingales/P_generosa/EPI-153_S4_L002_R2_001.fastq.gz,http://owl.fish.washington.edu/nightingales/P_generosa/EPI-153_S4_L002_R2_001.fastq.gz,http://owl.fish.washington.edu/Athaliana/20180516_geoduck_EPI_fastqc/EPI-153_S4_L002_R2_001_fastqc.html
EPI-154_S5_L002,161,HP01-2,Putnam,https://github.com/hputnam/project_juvenile_geoduck_OA/blob/master/Sample_Processing/20161206_Library_prep_2.csv,P_generosa,20170101,20170109,,DNA,Illumina,,PE100,RRBS,SRR10143649,,,https://github.com/hputnam/project_juvenile_geoduck_OA,,/Volumes/web/nightingales/P_generosa/EPI-154_S5_L002_R1_001.fastq.gz,http://owl.fish.washington.edu/nightingales/P_generosa/EPI-154_S5_L002_R1_001.fastq.gz,http://owl.fish.washington.edu/Athaliana/20180516_geoduck_EPI_fastqc/EPI-154_S5_L002_R1_001_fastqc.html,/Volumes/web/nightingales/P_generosa/EPI-154_S5_L002_R2_001.fastq.gz,http://owl.fish.washington.edu/nightingales/P_generosa/EPI-154_S5_L002_R2_001.fastq.gz,http://owl.fish.washington.edu/Athaliana/20180516_geoduck_EPI_fastqc/EPI-154_S5_L002_R2_001_fastqc.html
EPI-159_S6_L002,162,HP01-2,Putnam,https://github.com/hputnam/project_juvenile_geoduck_OA/blob/master/Sample_Processing/20161206_Library_prep_2.csv,P_generosa,20170101,20170109,,DNA,Illumina,,PE100,RRBS,SRR10143647,,,https://github.com/hputnam/project_juvenile_geoduck_OA,,/Volumes/web/nightingales/P_generosa/EPI-159_S6_L002_R1_001.fastq.gz,http://owl.fish.washington.edu/nightingales/P_generosa/EPI-159_S6_L002_R1_001.fastq.gz,http://owl.fish.washington.edu/Athaliana/20180516_geoduck_EPI_fastqc/EPI-159_S6_L002_R1_001_fastqc.html,/Volumes/web/nightingales/P_generosa/EPI-159_S6_L002_R2_001.fastq.gz,http://owl.fish.washington.edu/nightingales/P_generosa/EPI-159_S6_L002_R2_001.fastq.gz,http://owl.fish.washington.edu/Athaliana/20180516_geoduck_EPI_fastqc/EPI-159_S6_L002_R2_001_fastqc.html
EPI-160_S7_L002,163,HP01-2,Putnam,https://github.com/hputnam/project_juvenile_geoduck_OA/blob/master/Sample_Processing/20161206_Library_prep_2.csv,P_generosa,20170101,20170109,,DNA,Illumina,,PE100,RRBS,SRR10143646,,,https://github.com/hputnam/project_juvenile_geoduck_OA,,/Volumes/web/nightingales/P_generosa/EPI-160_S7_L002_R1_001.fastq.gz,http://owl.fish.washington.edu/nightingales/P_generosa/EPI-160_S7_L002_R1_001.fastq.gz,http://owl.fish.washington.edu/Athaliana/20180516_geoduck_EPI_fastqc/EPI-160_S7_L002_R1_001_fastqc.html,/Volumes/web/nightingales/P_generosa/EPI-160_S7_L002_R2_001.fastq.gz,http://owl.fish.washington.edu/nightingales/P_generosa/EPI-160_S7_L002_R2_001.fastq.gz,http://owl.fish.washington.edu/Athaliana/20180516_geoduck_EPI_fastqc/EPI-160_S7_L002_R2_001_fastqc.html
EPI-161_S8_L002,164,HP01-2,Putnam,https://github.com/hputnam/project_juvenile_geoduck_OA/blob/master/Sample_Processing/20161206_Library_prep_2.csv,P_generosa,20170101,20170109,,DNA,Illumina,,PE100,RRBS,SRR10143645,,,https://github.com/hputnam/project_juvenile_geoduck_OA,,/Volumes/web/nightingales/P_generosa/EPI-161_S8_L002_R1_001.fastq.gz,http://owl.fish.washington.edu/nightingales/P_generosa/EPI-161_S8_L002_R1_001.fastq.gz,http://owl.fish.washington.edu/Athaliana/20180516_geoduck_EPI_fastqc/EPI-161_S8_L002_R1_001_fastqc.html,/Volumes/web/nightingales/P_generosa/EPI-161_S8_L002_R2_001.fastq.gz,http://owl.fish.washington.edu/nightingales/P_generosa/EPI-161_S8_L002_R2_001.fastq.gz,http://owl.fish.washington.edu/Athaliana/20180516_geoduck_EPI_fastqc/EPI-161_S8_L002_R2_001_fastqc.html
EPI-162_S9_L002,165,HP01-2,Putnam,https://github.com/hputnam/project_juvenile_geoduck_OA/blob/master/Sample_Processing/20161206_Library_prep_2.csv,P_generosa,20170101,20170109,,DNA,Illumina,,PE100,RRBS,SRR10143644,,,https://github.com/hputnam/project_juvenile_geoduck_OA,,/Volumes/web/nightingales/P_generosa/EPI-162_S9_L002_R1_001.fastq.gz,http://owl.fish.washington.edu/nightingales/P_generosa/EPI-162_S9_L002_R1_001.fastq.gz,http://owl.fish.washington.edu/Athaliana/20180516_geoduck_EPI_fastqc/EPI-162_S9_L002_R1_001_fastqc.html,/Volumes/web/nightingales/P_generosa/EPI-162_S9_L002_R2_001.fastq.gz,http://owl.fish.washington.edu/nightingales/P_generosa/EPI-162_S9_L002_R2_001.fastq.gz,http://owl.fish.washington.edu/Athaliana/20180516_geoduck_EPI_fastqc/EPI-162_S9_L002_R2_001_fastqc.html
EPI-167_S10_L002,166,HP01-2,Putnam,https://github.com/hputnam/project_juvenile_geoduck_OA/blob/master/Sample_Processing/20161206_Library_prep_2.csv,P_generosa,20170101,20170109,,DNA,Illumina,,PE100,RRBS,SRR10143643,,,https://github.com/hputnam/project_juvenile_geoduck_OA,,/Volumes/web/nightingales/P_generosa/EPI-167_S10_L002_R1_001.fastq.gz,http://owl.fish.washington.edu/nightingales/P_generosa/EPI-167_S10_L002_R1_001.fastq.gz,http://owl.fish.washington.edu/Athaliana/20180516_geoduck_EPI_fastqc/EPI-167_S10_L002_R1_001_fastqc.html,/Volumes/web/nightingales/P_generosa/EPI-167_S10_L002_R2_001.fastq.gz,http://owl.fish.washington.edu/nightingales/P_generosa/EPI-167_S10_L002_R2_001.fastq.gz,http://owl.fish.washington.edu/Athaliana/20180516_geoduck_EPI_fastqc/EPI-167_S10_L002_R2_001_fastqc.html
EPI-168_S11_L002,167,HP01-2,Putnam,https://github.com/hputnam/project_juvenile_geoduck_OA/blob/master/Sample_Processing/20161206_Library_prep_2.csv,P_generosa,20170101,20170109,,DNA,Illumina,,PE100,RRBS,SRR10143642,,,https://github.com/hputnam/project_juvenile_geoduck_OA,,/Volumes/web/nightingales/P_generosa/EPI-168_S11_L002_R1_001.fastq.gz,http://owl.fish.washington.edu/nightingales/P_generosa/EPI-168_S11_L002_R1_001.fastq.gz,http://owl.fish.washington.edu/Athaliana/20180516_geoduck_EPI_fastqc/EPI-168_S11_L002_R1_001_fastqc.html,/Volumes/web/nightingales/P_generosa/EPI-168_S11_L002_R2_001.fastq.gz,http://owl.fish.washington.edu/nightingales/P_generosa/EPI-168_S11_L002_R2_001.fastq.gz,http://owl.fish.washington.edu/Athaliana/20180516_geoduck_EPI_fastqc/EPI-168_S11_L002_R2_001_fastqc.html
EPI-169_S12_L002,168,HP01-2,Putnam,https://github.com/hputnam/project_juvenile_geoduck_OA/blob/master/Sample_Processing/20161206_Library_prep_2.csv,P_generosa,20170101,20170109,,DNA,Illumina,,PE100,RRBS,SRR10143641,,,https://github.com/hputnam/project_juvenile_geoduck_OA,,/Volumes/web/nightingales/P_generosa/EPI-169_S12_L002_R1_001.fastq.gz,http://owl.fish.washington.edu/nightingales/P_generosa/EPI-169_S12_L002_R1_001.fastq.gz,http://owl.fish.washington.edu/Athaliana/20180516_geoduck_EPI_fastqc/EPI-169_S12_L002_R1_001_fastqc.html,/Volumes/web/nightingales/P_generosa/EPI-169_S12_L002_R2_001.fastq.gz,http://owl.fish.washington.edu/nightingales/P_generosa/EPI-169_S12_L002_R2_001.fastq.gz,http://owl.fish.washington.edu/Athaliana/20180516_geoduck_EPI_fastqc/EPI-169_S12_L002_R2_001_fastqc.html
EPI-170_S13_L002,169,HP01-2,Putnam,https://github.com/hputnam/project_juvenile_geoduck_OA/blob/master/Sample_Processing/20161206_Library_prep_2.csv,P_generosa,20170101,20170109,,DNA,Illumina,,PE100,RRBS,SRR10143640,,,https://github.com/hputnam/project_juvenile_geoduck_OA,,/Volumes/web/nightingales/P_generosa/EPI-170_S13_L002_R1_001.fastq.gz,http://owl.fish.washington.edu/nightingales/P_generosa/EPI-170_S13_L002_R1_001.fastq.gz,http://owl.fish.washington.edu/Athaliana/20180516_geoduck_EPI_fastqc/EPI-170_S13_L002_R1_001_fastqc.html,/Volumes/web/nightingales/P_generosa/EPI-170_S13_L002_R2_001.fastq.gz,http://owl.fish.washington.edu/nightingales/P_generosa/EPI-170_S13_L002_R2_001.fastq.gz,http://owl.fish.washington.edu/Athaliana/20180516_geoduck_EPI_fastqc/EPI-170_S13_L002_R2_001_fastqc.html
EPI-175_S14_L003,170,HP02-3,Putnam,https://github.com/hputnam/project_juvenile_geoduck_OA/blob/master/Sample_Processing/20161206_Library_prep_2.csv,P_generosa,20170101,20170109,,DNA,Illumina,,PE100,RRBS,SRR10143639,,,https://github.com/hputnam/project_juvenile_geoduck_OA,,/Volumes/web/nightingales/P_generosa/EPI-175_S14_L003_R1_001.fastq.gz,http://owl.fish.washington.edu/nightingales/P_generosa/EPI-175_S14_L003_R1_001.fastq.gz,http://owl.fish.washington.edu/Athaliana/20180516_geoduck_EPI_fastqc/EPI-175_S14_L003_R1_001_fastqc.html,/Volumes/web/nightingales/P_generosa/EPI-175_S14_L003_R2_001.fastq.gz,http://owl.fish.washington.edu/nightingales/P_generosa/EPI-175_S14_L003_R2_001.fastq.gz,http://owl.fish.washington.edu/Athaliana/20180516_geoduck_EPI_fastqc/EPI-175_S14_L003_R2_001_fastqc.html
EPI-176_S15_L003,171,HP02-3,Putnam,https://github.com/hputnam/project_juvenile_geoduck_OA/blob/master/Sample_Processing/20161206_Library_prep_2.csv,P_generosa,20170101,20170109,,DNA,Illumina,,PE100,RRBS,SRR10143638,,,https://github.com/hputnam/project_juvenile_geoduck_OA,,/Volumes/web/nightingales/P_generosa/EPI-176_S15_L003_R1_001.fastq.gz,http://owl.fish.washington.edu/nightingales/P_generosa/EPI-176_S15_L003_R1_001.fastq.gz,http://owl.fish.washington.edu/Athaliana/20180516_geoduck_EPI_fastqc/EPI-176_S15_L003_R1_001_fastqc.html,/Volumes/web/nightingales/P_generosa/EPI-176_S15_L003_R2_001.fastq.gz,http://owl.fish.washington.edu/nightingales/P_generosa/EPI-176_S15_L003_R2_001.fastq.gz,http://owl.fish.washington.edu/Athaliana/20180516_geoduck_EPI_fastqc/EPI-176_S15_L003_R2_001_fastqc.html
EPI-181_S16_L003,172,HP02-3,Putnam,https://github.com/hputnam/project_juvenile_geoduck_OA/blob/master/Sample_Processing/20161206_Library_prep_2.csv,P_generosa,20170101,20170109,,DNA,Illumina,,PE100,RRBS,SRR10143636,,,https://github.com/hputnam/project_juvenile_geoduck_OA,,/Volumes/web/nightingales/P_generosa/EPI-181_S16_L003_R1_001.fastq.gz,http://owl.fish.washington.edu/nightingales/P_generosa/EPI-181_S16_L003_R1_001.fastq.gz,http://owl.fish.washington.edu/Athaliana/20180516_geoduck_EPI_fastqc/EPI-181_S16_L003_R1_001_fastqc.html,/Volumes/web/nightingales/P_generosa/EPI-181_S16_L003_R2_001.fastq.gz,http://owl.fish.washington.edu/nightingales/P_generosa/EPI-181_S16_L003_R2_001.fastq.gz,http://owl.fish.washington.edu/Athaliana/20180516_geoduck_EPI_fastqc/EPI-181_S16_L003_R2_001_fastqc.html
EPI-182_S17_L003,173,HP02-3,Putnam,https://github.com/hputnam/project_juvenile_geoduck_OA/blob/master/Sample_Processing/20161206_Library_prep_2.csv,P_generosa,20170101,20170109,,DNA,Illumina,,PE100,RRBS,SRR10143635,,,https://github.com/hputnam/project_juvenile_geoduck_OA,,/Volumes/web/nightingales/P_generosa/EPI-182_S17_L003_R1_001.fastq.gz,http://owl.fish.washington.edu/nightingales/P_generosa/EPI-182_S17_L003_R1_001.fastq.gz,http://owl.fish.washington.edu/Athaliana/20180516_geoduck_EPI_fastqc/EPI-182_S17_L003_R1_001_fastqc.html,/Volumes/web/nightingales/P_generosa/EPI-182_S17_L003_R2_001.fastq.gz,http://owl.fish.washington.edu/nightingales/P_generosa/EPI-182_S17_L003_R2_001.fastq.gz,http://owl.fish.washington.edu/Athaliana/20180516_geoduck_EPI_fastqc/EPI-182_S17_L003_R2_001_fastqc.html
EPI-184_S18_L003,174,HP02-3,Putnam,https://github.com/hputnam/project_juvenile_geoduck_OA/blob/master/Sample_Processing/20161206_Library_prep_2.csv,P_generosa,20170101,20170109,,DNA,Illumina,,PE100,RRBS,SRR10143634,,,https://github.com/hputnam/project_juvenile_geoduck_OA,,/Volumes/web/nightingales/P_generosa/EPI-184_S18_L003_R1_001.fastq.gz,http://owl.fish.washington.edu/nightingales/P_generosa/EPI-184_S18_L003_R1_001.fastq.gz,http://owl.fish.washington.edu/Athaliana/20180516_geoduck_EPI_fastqc/EPI-184_S18_L003_R1_001_fastqc.html,/Volumes/web/nightingales/P_generosa/EPI-184_S18_L003_R2_001.fastq.gz,http://owl.fish.washington.edu/nightingales/P_generosa/EPI-184_S18_L003_R2_001.fastq.gz,http://owl.fish.washington.edu/Athaliana/20180516_geoduck_EPI_fastqc/EPI-184_S18_L003_R2_001_fastqc.html
EPI-185_S19_L003,175,HP02-3,Putnam,https://github.com/hputnam/project_juvenile_geoduck_OA/blob/master/Sample_Processing/20161206_Library_prep_2.csv,P_generosa,20170101,20170109,,DNA,Illumina,,PE100,RRBS,SRR10143633,,,https://github.com/hputnam/project_juvenile_geoduck_OA,,/Volumes/web/nightingales/P_generosa/EPI-185_S19_L003_R1_001.fastq.gz,http://owl.fish.washington.edu/nightingales/P_generosa/EPI-185_S19_L003_R1_001.fastq.gz,http://owl.fish.washington.edu/Athaliana/20180516_geoduck_EPI_fastqc/EPI-185_S19_L003_R1_001_fastqc.html,/Volumes/web/nightingales/P_generosa/EPI-185_S19_L003_R2_001.fastq.gz,http://owl.fish.washington.edu/nightingales/P_generosa/EPI-185_S19_L003_R2_001.fastq.gz,http://owl.fish.washington.edu/Athaliana/20180516_geoduck_EPI_fastqc/EPI-185_S19_L003_R2_001_fastqc.html
EPI-187_S20_L003,176,HP02-3,Putnam,https://github.com/hputnam/project_juvenile_geoduck_OA/blob/master/Sample_Processing/20161206_Library_prep_2.csv,P_generosa,20170101,20170109,,DNA,Illumina,,PE100,RRBS,SRR10143632,,,https://github.com/hputnam/project_juvenile_geoduck_OA,,/Volumes/web/nightingales/P_generosa/EPI-187_S20_L003_R1_001.fastq.gz,http://owl.fish.washington.edu/nightingales/P_generosa/EPI-187_S20_L003_R1_001.fastq.gz,http://owl.fish.washington.edu/Athaliana/20180516_geoduck_EPI_fastqc/EPI-187_S20_L003_R1_001_fastqc.html,/Volumes/web/nightingales/P_generosa/EPI-187_S20_L003_R2_001.fastq.gz,http://owl.fish.washington.edu/nightingales/P_generosa/EPI-187_S20_L003_R2_001.fastq.gz,http://owl.fish.washington.edu/Athaliana/20180516_geoduck_EPI_fastqc/EPI-187_S20_L003_R2_001_fastqc.html
EPI-188_S21_L003,177,HP02-3,Putnam,https://github.com/hputnam/project_juvenile_geoduck_OA/blob/master/Sample_Processing/20161206_Library_prep_2.csv,P_generosa,20170101,20170109,,DNA,Illumina,,PE100,RRBS,SRR10143631,,,https://github.com/hputnam/project_juvenile_geoduck_OA,,/Volumes/web/nightingales/P_generosa/EPI-188_S21_L003_R1_001.fastq.gz,http://owl.fish.washington.edu/nightingales/P_generosa/EPI-188_S21_L003_R1_001.fastq.gz,http://owl.fish.washington.edu/Athaliana/20180516_geoduck_EPI_fastqc/EPI-188_S21_L003_R1_001_fastqc.html,/Volumes/web/nightingales/P_generosa/EPI-188_S21_L003_R2_001.fastq.gz,http://owl.fish.washington.edu/nightingales/P_generosa/EPI-188_S21_L003_R2_001.fastq.gz,http://owl.fish.washington.edu/Athaliana/20180516_geoduck_EPI_fastqc/EPI-188_S21_L003_R2_001_fastqc.html
EPI-193_S22_L003,178,HP02-3,Putnam,https://github.com/hputnam/project_juvenile_geoduck_OA/blob/master/Sample_Processing/20161206_Library_prep_2.csv,P_generosa,20170101,20170109,,DNA,Illumina,,PE100,RRBS,SRR10143630,,,https://github.com/hputnam/project_juvenile_geoduck_OA,,/Volumes/web/nightingales/P_generosa/EPI-193_S22_L003_R1_001.fastq.gz,http://owl.fish.washington.edu/nightingales/P_generosa/EPI-193_S22_L003_R1_001.fastq.gz,http://owl.fish.washington.edu/Athaliana/20180516_geoduck_EPI_fastqc/EPI-193_S22_L003_R1_001_fastqc.html,/Volumes/web/nightingales/P_generosa/EPI-193_S22_L003_R2_001.fastq.gz,http://owl.fish.washington.edu/nightingales/P_generosa/EPI-193_S22_L003_R2_001.fastq.gz,http://owl.fish.washington.edu/Athaliana/20180516_geoduck_EPI_fastqc/EPI-193_S22_L003_R2_001_fastqc.html
EPI-194_S23_L003,179,HP02-3,Putnam,https://github.com/hputnam/project_juvenile_geoduck_OA/blob/master/Sample_Processing/20161206_Library_prep_2.csv,P_generosa,20170101,20170109,,DNA,Illumina,,PE100,RRBS,SRR10143629,,,https://github.com/hputnam/project_juvenile_geoduck_OA,,/Volumes/web/nightingales/P_generosa/EPI-194_S23_L003_R1_001.fastq.gz,http://owl.fish.washington.edu/nightingales/P_generosa/EPI-194_S23_L003_R1_001.fastq.gz,http://owl.fish.washington.edu/Athaliana/20180516_geoduck_EPI_fastqc/EPI-194_S23_L003_R1_001_fastqc.html,/Volumes/web/nightingales/P_generosa/EPI-194_S23_L003_R2_001.fastq.gz,http://owl.fish.washington.edu/nightingales/P_generosa/EPI-194_S23_L003_R2_001.fastq.gz,http://owl.fish.washington.edu/Athaliana/20180516_geoduck_EPI_fastqc/EPI-194_S23_L003_R2_001_fastqc.html
EPI-199_S24_L003,180,HP02-3,Putnam,https://github.com/hputnam/project_juvenile_geoduck_OA/blob/master/Sample_Processing/20161206_Library_prep_2.csv,P_generosa,20170101,20170109,,DNA,Illumina,,PE100,RRBS,SRR10143628,,,https://github.com/hputnam/project_juvenile_geoduck_OA,,/Volumes/web/nightingales/P_generosa/EPI-199_S24_L003_R1_001.fastq.gz,http://owl.fish.washington.edu/nightingales/P_generosa/EPI-199_S24_L003_R1_001.fastq.gz,http://owl.fish.washington.edu/Athaliana/20180516_geoduck_EPI_fastqc/EPI-199_S24_L003_R1_001_fastqc.html,/Volumes/web/nightingales/P_generosa/EPI-199_S24_L003_R2_001.fastq.gz,http://owl.fish.washington.edu/nightingales/P_generosa/EPI-199_S24_L003_R2_001.fastq.gz,http://owl.fish.washington.edu/Athaliana/20180516_geoduck_EPI_fastqc/EPI-199_S24_L003_R2_001_fastqc.html
EPI-200_S25_L003,181,HP02-3,Putnam,https://github.com/hputnam/project_juvenile_geoduck_OA/blob/master/Sample_Processing/20161206_Library_prep_2.csv,P_generosa,20170101,20170109,,DNA,Illumina,,PE100,RRBS,SRR10143627,,,https://github.com/hputnam/project_juvenile_geoduck_OA,,/Volumes/web/nightingales/P_generosa/EPI-200_S25_L003_R1_001.fastq.gz,http://owl.fish.washington.edu/nightingales/P_generosa/EPI-200_S25_L003_R1_001.fastq.gz,http://owl.fish.washington.edu/Athaliana/20180516_geoduck_EPI_fastqc/EPI-200_S25_L003_R1_001_fastqc.html,/Volumes/web/nightingales/P_generosa/EPI-200_S25_L003_R2_001.fastq.gz,http://owl.fish.washington.edu/nightingales/P_generosa/EPI-200_S25_L003_R2_001.fastq.gz,http://owl.fish.washington.edu/Athaliana/20180516_geoduck_EPI_fastqc/EPI-200_S25_L003_R2_001_fastqc.html
EPI-205_S26_L004,182,HP03-4,Putnam,https://github.com/hputnam/project_juvenile_geoduck_OA/blob/master/Sample_Processing/20161206_Library_prep_2.csv,P_generosa,20170101,20170109,,DNA,Illumina,,PE100,RRBS,SRR10143625,,,https://github.com/hputnam/project_juvenile_geoduck_OA,,/Volumes/web/nightingales/P_generosa/EPI-205_S26_L004_R1_001.fastq.gz,http://owl.fish.washington.edu/nightingales/P_generosa/EPI-205_S26_L004_R1_001.fastq.gz,http://owl.fish.washington.edu/Athaliana/20180516_geoduck_EPI_fastqc/EPI-205_S26_L004_R1_001_fastqc.html,/Volumes/web/nightingales/P_generosa/EPI-205_S26_L004_R2_001.fastq.gz,http://owl.fish.washington.edu/nightingales/P_generosa/EPI-205_S26_L004_R2_001.fastq.gz,http://owl.fish.washington.edu/Athaliana/20180516_geoduck_EPI_fastqc/EPI-205_S26_L004_R2_001_fastqc.html
EPI-206_S27_L004,183,HP03-4,Putnam,https://github.com/hputnam/project_juvenile_geoduck_OA/blob/master/Sample_Processing/20161206_Library_prep_2.csv,P_generosa,20170101,20170109,,DNA,Illumina,,PE100,RRBS,SRR10143624,,,https://github.com/hputnam/project_juvenile_geoduck_OA,,/Volumes/web/nightingales/P_generosa/EPI-206_S27_L004_R1_001.fastq.gz,http://owl.fish.washington.edu/nightingales/P_generosa/EPI-206_S27_L004_R1_001.fastq.gz,http://owl.fish.washington.edu/Athaliana/20180516_geoduck_EPI_fastqc/EPI-206_S27_L004_R1_001_fastqc.html,/Volumes/web/nightingales/P_generosa/EPI-206_S27_L004_R2_001.fastq.gz,http://owl.fish.washington.edu/nightingales/P_generosa/EPI-206_S27_L004_R2_001.fastq.gz,http://owl.fish.washington.edu/Athaliana/20180516_geoduck_EPI_fastqc/EPI-206_S27_L004_R2_001_fastqc.html
EPI-208_S28_L004,184,HP03-4,Putnam,https://github.com/hputnam/project_juvenile_geoduck_OA/blob/master/Sample_Processing/20161206_Library_prep_2.csv,P_generosa,20170101,20170109,,DNA,Illumina,,PE100,RRBS,SRR10143623,,,https://github.com/hputnam/project_juvenile_geoduck_OA,,/Volumes/web/nightingales/P_generosa/EPI-208_S28_L004_R1_001.fastq.gz,http://owl.fish.washington.edu/nightingales/P_generosa/EPI-208_S28_L004_R1_001.fastq.gz,http://owl.fish.washington.edu/Athaliana/20180516_geoduck_EPI_fastqc/EPI-208_S28_L004_R1_001_fastqc.html,/Volumes/web/nightingales/P_generosa/EPI-208_S28_L004_R2_001.fastq.gz,http://owl.fish.washington.edu/nightingales/P_generosa/EPI-208_S28_L004_R2_001.fastq.gz,http://owl.fish.washington.edu/Athaliana/20180516_geoduck_EPI_fastqc/EPI-208_S28_L004_R2_001_fastqc.html
EPI-209_S29_L004,185,HP03-4,Putnam,https://github.com/hputnam/project_juvenile_geoduck_OA/blob/master/Sample_Processing/20161206_Library_prep_2.csv,P_generosa,20170101,20170109,,DNA,Illumina,,PE100,RRBS,SRR10143622,,,https://github.com/hputnam/project_juvenile_geoduck_OA,,/Volumes/web/nightingales/P_generosa/EPI-209_S29_L004_R1_001.fastq.gz,http://owl.fish.washington.edu/nightingales/P_generosa/EPI-209_S29_L004_R1_001.fastq.gz,http://owl.fish.washington.edu/Athaliana/20180516_geoduck_EPI_fastqc/EPI-209_S29_L004_R1_001_fastqc.html,/Volumes/web/nightingales/P_generosa/EPI-209_S29_L004_R2_001.fastq.gz,http://owl.fish.washington.edu/nightingales/P_generosa/EPI-209_S29_L004_R2_001.fastq.gz,http://owl.fish.washington.edu/Athaliana/20180516_geoduck_EPI_fastqc/EPI-209_S29_L004_R2_001_fastqc.html
EPI-214_S30_L004,186,HP03-4,Putnam,https://github.com/hputnam/project_juvenile_geoduck_OA/blob/master/Sample_Processing/20161206_Library_prep_2.csv,P_generosa,20170101,20170109,,DNA,Illumina,,PE100,RRBS,SRR10143621,,,https://github.com/hputnam/project_juvenile_geoduck_OA,,/Volumes/web/nightingales/P_generosa/EPI-214_S30_L004_R1_001.fastq.gz,http://owl.fish.washington.edu/nightingales/P_generosa/EPI-214_S30_L004_R1_001.fastq.gz,http://owl.fish.washington.edu/Athaliana/20180516_geoduck_EPI_fastqc/EPI-214_S30_L004_R1_001_fastqc.html,/Volumes/web/nightingales/P_generosa/EPI-214_S30_L004_R2_001.fastq.gz,http://owl.fish.washington.edu/nightingales/P_generosa/EPI-214_S30_L004_R2_001.fastq.gz,http://owl.fish.washington.edu/Athaliana/20180516_geoduck_EPI_fastqc/EPI-214_S30_L004_R2_001_fastqc.html
EPI-215_S31_L004,187,HP03-4,Putnam,https://github.com/hputnam/project_juvenile_geoduck_OA/blob/master/Sample_Processing/20161206_Library_prep_2.csv,P_generosa,20170101,20170109,,DNA,Illumina,,PE100,RRBS,SRR10143620,,,https://github.com/hputnam/project_juvenile_geoduck_OA,,/Volumes/web/nightingales/P_generosa/EPI-215_S31_L004_R1_001.fastq.gz,http://owl.fish.washington.edu/nightingales/P_generosa/EPI-215_S31_L004_R1_001.fastq.gz,http://owl.fish.washington.edu/Athaliana/20180516_geoduck_EPI_fastqc/EPI-215_S31_L004_R1_001_fastqc.html,/Volumes/web/nightingales/P_generosa/EPI-215_S31_L004_R2_001.fastq.gz,http://owl.fish.washington.edu/nightingales/P_generosa/EPI-215_S31_L004_R2_001.fastq.gz,http://owl.fish.washington.edu/Athaliana/20180516_geoduck_EPI_fastqc/EPI-215_S31_L004_R2_001_fastqc.html
EPI-227_S35_L004,188,HP03-4,Putnam,https://github.com/hputnam/project_juvenile_geoduck_OA/blob/master/Sample_Processing/20161206_Library_prep_2.csv,P_generosa,20170101,20170109,,DNA,Illumina,,PE100,RRBS,SRR10143616,,,https://github.com/hputnam/project_juvenile_geoduck_OA,,/Volumes/web/nightingales/P_generosa/EPI-227_S35_L004_R1_001.fastq.gz,http://owl.fish.washington.edu/nightingales/P_generosa/EPI-227_S35_L004_R1_001.fastq.gz,http://owl.fish.washington.edu/Athaliana/20180516_geoduck_EPI_fastqc/EPI-227_S35_L004_R1_001_fastqc.html,/Volumes/web/nightingales/P_generosa/EPI-227_S35_L004_R2_001.fastq.gz,http://owl.fish.washington.edu/nightingales/P_generosa/EPI-227_S35_L004_R2_001.fastq.gz,http://owl.fish.washington.edu/Athaliana/20180516_geoduck_EPI_fastqc/EPI-227_S35_L004_R2_001_fastqc.html
EPI-230_S37_L004,190,HP03-4,Putnam,https://github.com/hputnam/project_juvenile_geoduck_OA/blob/master/Sample_Processing/20161206_Library_prep_2.csv,P_generosa,20170101,20170109,,DNA,Illumina,,PE100,RRBS,SRR10143613,,,https://github.com/hputnam/project_juvenile_geoduck_OA,,/Volumes/web/nightingales/P_generosa/EPI-230_S37_L004_R1_001.fastq.gz,http://owl.fish.washington.edu/nightingales/P_generosa/EPI-230_S37_L004_R1_001.fastq.gz,http://owl.fish.washington.edu/Athaliana/20180516_geoduck_EPI_fastqc/EPI-230_S37_L004_R1_001_fastqc.html,/Volumes/web/nightingales/P_generosa/EPI-230_S37_L004_R2_001.fastq.gz,http://owl.fish.washington.edu/nightingales/P_generosa/EPI-230_S37_L004_R2_001.fastq.gz,http://owl.fish.washington.edu/Athaliana/20180516_geoduck_EPI_fastqc/EPI-230_S37_L004_R2_001_fastqc.html
EPI-41_S38_L005,191,HP04-5,Putnam,https://github.com/hputnam/project_juvenile_geoduck_OA/blob/master/Sample_Processing/20161206_Library_prep_2.csv,P_generosa,20161220,20170109,,DNA,Illumina,,PE100,RRBS,SRR10143660,,,https://github.com/hputnam/project_juvenile_geoduck_OA,,/Volumes/web/nightingales/P_generosa/EPI-41_S38_L005_R1_001.fastq.gz,http://owl.fish.washington.edu/nightingales/P_generosa/EPI-41_S38_L005_R1_001.fastq.gz,http://owl.fish.washington.edu/Athaliana/20180516_geoduck_EPI_fastqc/EPI-41_S38_L005_R1_001_fastqc.html,/Volumes/web/nightingales/P_generosa/EPI-41_S38_L005_R2_001.fastq.gz,http://owl.fish.washington.edu/nightingales/P_generosa/EPI-41_S38_L005_R2_001.fastq.gz,http://owl.fish.washington.edu/Athaliana/20180516_geoduck_EPI_fastqc/EPI-41_S38_L005_R2_001_fastqc.html
EPI-42_S39_L005,192,HP04-5,Putnam,https://github.com/hputnam/project_juvenile_geoduck_OA/blob/master/Sample_Processing/20161206_Library_prep_2.csv,P_generosa,20170101,20170109,,DNA,Illumina,,PE100,RRBS,SRR10143659,,,https://github.com/hputnam/project_juvenile_geoduck_OA,,/Volumes/web/nightingales/P_generosa/EPI-42_S39_L005_R1_001.fastq.gz,http://owl.fish.washington.edu/nightingales/P_generosa/EPI-42_S39_L005_R1_001.fastq.gz,http://owl.fish.washington.edu/Athaliana/20180516_geoduck_EPI_fastqc/EPI-42_S39_L005_R1_001_fastqc.html,/Volumes/web/nightingales/P_generosa/EPI-42_S39_L005_R2_001.fastq.gz,http://owl.fish.washington.edu/nightingales/P_generosa/EPI-42_S39_L005_R2_001.fastq.gz,http://owl.fish.washington.edu/Athaliana/20180516_geoduck_EPI_fastqc/EPI-42_S39_L005_R2_001_fastqc.html
EPI-43_S40_L005,193,HP04-5,Putnam,https://github.com/hputnam/project_juvenile_geoduck_OA/blob/master/Sample_Processing/20161206_Library_prep_2.csv,P_generosa,20170101,20170109,,DNA,Illumina,,PE100,RRBS,SRR10143648,,,https://github.com/hputnam/project_juvenile_geoduck_OA,,/Volumes/web/nightingales/P_generosa/EPI-43_S40_L005_R1_001.fastq.gz,http://owl.fish.washington.edu/nightingales/P_generosa/EPI-43_S40_L005_R1_001.fastq.gz,http://owl.fish.washington.edu/Athaliana/20180516_geoduck_EPI_fastqc/EPI-43_S40_L005_R1_001_fastqc.html,/Volumes/web/nightingales/P_generosa/EPI-43_S40_L005_R2_001.fastq.gz,http://owl.fish.washington.edu/nightingales/P_generosa/EPI-43_S40_L005_R2_001.fastq.gz,http://owl.fish.washington.edu/Athaliana/20180516_geoduck_EPI_fastqc/EPI-43_S40_L005_R2_001_fastqc.html
EPI-44_S41_L005,194,HP04-5,Putnam,https://github.com/hputnam/project_juvenile_geoduck_OA/blob/master/Sample_Processing/20161206_Library_prep_2.csv,P_generosa,20170101,20170109,,DNA,Illumina,,PE100,RRBS,SRR10143637,,,https://github.com/hputnam/project_juvenile_geoduck_OA,,/Volumes/web/nightingales/P_generosa/EPI-44_S41_L005_R1_001.fastq.gz,http://owl.fish.washington.edu/nightingales/P_generosa/EPI-44_S41_L005_R1_001.fastq.gz,http://owl.fish.washington.edu/Athaliana/20180516_geoduck_EPI_fastqc/EPI-44_S41_L005_R1_001_fastqc.html,/Volumes/web/nightingales/P_generosa/EPI-44_S41_L005_R2_001.fastq.gz,http://owl.fish.washington.edu/nightingales/P_generosa/EPI-44_S41_L005_R2_001.fastq.gz,http://owl.fish.washington.edu/Athaliana/20180516_geoduck_EPI_fastqc/EPI-44_S41_L005_R2_001_fastqc.html
Batch1_69plex_lane1,Pool of 69 libraries with 6nt indices ,Batch1_ctenidia_juveniles,Laura Spencer,https://laurahspencer.github.io/LabNotebook/Oly-QuantSeq-sequencing/,O_lurida,20200417,20200421,Adult ctenidia & juvenile whole-body,RNA,Illumina,NovaSeq,SE100,QuantSeq,,,,Oly 2017 Manchester OA adult exposure & juvenile outplant,,/Volumes/web/nightingales/O_lurida/Batch1_69plex_lane1.tar.gz,http://owl.fish.washington.edu/nightingales/O_lurida/Batch1_69plex_lane1.tar.gz,,,,
Batch2_77plex_lane2,Pool of 77 libraries with 6nt indices ,Batch2_larvae,Laura Spencer,https://laurahspencer.github.io/LabNotebook/Oly-QuantSeq-sequencing/,O_lurida,20200417,20200421,Larvae (pooled),RNA,Illumina,NovaSeq,SE100,QuantSeq,,,,Oly 2017 Manchester OA adult exposure & juvenile outplant,,/Volumes/web/nightingales/O_lurida/Batch2_77plex_lane2.tar.gz,http://owl.fish.washington.edu/nightingales/O_lurida/Batch2_77plex_lane2.tar.gz,,,,
PSC-19_R1_001,PSC-19,PSC-19,GAC,https://docs.google.com/document/d/11paxsz0wDixpnt2pAAOYXUON9yDMJuOsCR99q8hOWGA/edit?usp=sharing,P_helianthoides,20220315,20220428,coelomocyte,RNA,Illumina,,,,,,,SSWD TNC Project,,/Volumes/web/nightingales/P_heialnthoides/PSC-19_R1_001.fastq.gz,,,,,
PSC-19_R2_001,PSC-19,PSC-19,GAC,https://docs.google.com/document/d/11paxsz0wDixpnt2pAAOYXUON9yDMJuOsCR99q8hOWGA/edit?usp=sharing,P_helianthoides,20220315,20220428,coelomocyte,RNA,Illumina,,,,,,,SSWD TNC Project,,/Volumes/web/nightingales/P_heialnthoides/PSC-19_R2_001.fastq.gz,,,,,
PSC-23_R1_001,PSC-23,PSC-23,GAC,https://docs.google.com/document/d/11paxsz0wDixpnt2pAAOYXUON9yDMJuOsCR99q8hOWGA/edit?usp=sharing,P_helianthoides,20220315,20220428,coelomocyte,RNA,Illumina,,,,,,,SSWD TNC Project,,/Volumes/web/nightingales/P_heialnthoides/PSC-23_R1_001.fastq.gz,,,,,
PSC-23_R2_001,PSC-23,PSC-23,GAC,https://docs.google.com/document/d/11paxsz0wDixpnt2pAAOYXUON9yDMJuOsCR99q8hOWGA/edit?usp=sharing,P_helianthoides,20220315,20220428,coelomocyte,RNA,Illumina,,,,,,,SSWD TNC Project,,/Volumes/web/nightingales/P_heialnthoides/PSC-23_R2_001.fastq.gz,,,,,
PSC-24_R1_001,PSC-24,PSC-24,GAC,https://docs.google.com/document/d/11paxsz0wDixpnt2pAAOYXUON9yDMJuOsCR99q8hOWGA/edit?usp=sharing,P_helianthoides,20220315,20220428,coelomocyte,RNA,Illumina,,,,,,,SSWD TNC Project,,/Volumes/web/nightingales/P_heialnthoides/PSC-24_R1_001.fastq.gz,,,,,
PSC-24_R2_001,PSC-24,PSC-24,GAC,https://docs.google.com/document/d/11paxsz0wDixpnt2pAAOYXUON9yDMJuOsCR99q8hOWGA/edit?usp=sharing,P_helianthoides,20220315,20220428,coelomocyte,RNA,Illumina,,,,,,,SSWD TNC Project,,/Volumes/web/nightingales/P_heialnthoides/PSC-24_R2_001.fastq.gz,,,,,
PSC-34_R1_001,PSC-34,PSC-34,GAC,https://docs.google.com/document/d/11paxsz0wDixpnt2pAAOYXUON9yDMJuOsCR99q8hOWGA/edit?usp=sharing,P_helianthoides,20220315,20220428,coelomocyte,RNA,Illumina,,,,,,,SSWD TNC Project,,/Volumes/web/nightingales/P_heialnthoides/PSC-34_R1_001.fastq.gz,,,,,
PSC-34_R2_001,PSC-34,PSC-34,GAC,https://docs.google.com/document/d/11paxsz0wDixpnt2pAAOYXUON9yDMJuOsCR99q8hOWGA/edit?usp=sharing,P_helianthoides,20220315,20220428,coelomocyte,RNA,Illumina,,,,,,,SSWD TNC Project,,/Volumes/web/nightingales/P_heialnthoides/PSC-34_R2_001.fastq.gz,,,,,
PSC-35_R1_001,PSC-35,PSC-35,GAC,https://docs.google.com/document/d/11paxsz0wDixpnt2pAAOYXUON9yDMJuOsCR99q8hOWGA/edit?usp=sharing,P_helianthoides,20220315,20220428,coelomocyte,RNA,Illumina,,,,,,,SSWD TNC Project,,/Volumes/web/nightingales/P_heialnthoides/PSC-35_R1_001.fastq.gz,,,,,
PSC-35_R2_001,PSC-35,PSC-35,GAC,https://docs.google.com/document/d/11paxsz0wDixpnt2pAAOYXUON9yDMJuOsCR99q8hOWGA/edit?usp=sharing,P_helianthoides,20220315,20220428,coelomocyte,RNA,Illumina,,,,,,,SSWD TNC Project,,/Volumes/web/nightingales/P_heialnthoides/PSC-35_R2_001.fastq.gz,,,,,
PSC-36_R1_001,PSC-36,PSC-36,GAC,https://docs.google.com/document/d/11paxsz0wDixpnt2pAAOYXUON9yDMJuOsCR99q8hOWGA/edit?usp=sharing,P_helianthoides,20220315,20220428,coelomocyte,RNA,Illumina,,,,,,,SSWD TNC Project,,/Volumes/web/nightingales/P_heialnthoides/PSC-36_R1_001.fastq.gz,,,,,
PSC-36_R2_001,PSC-36,PSC-36,GAC,https://docs.google.com/document/d/11paxsz0wDixpnt2pAAOYXUON9yDMJuOsCR99q8hOWGA/edit?usp=sharing,P_helianthoides,20220315,20220428,coelomocyte,RNA,Illumina,,,,,,,SSWD TNC Project,,/Volumes/web/nightingales/P_heialnthoides/PSC-36_R2_001.fastq.gz,,,,,
PSC-37_R1_001,PSC-37,PSC-37,GAC,https://docs.google.com/document/d/11paxsz0wDixpnt2pAAOYXUON9yDMJuOsCR99q8hOWGA/edit?usp=sharing,P_helianthoides,20220315,20220428,coelomocyte,RNA,Illumina,,,,,,,SSWD TNC Project,,/Volumes/web/nightingales/P_heialnthoides/PSC-37_R1_001.fastq.gz,,,,,
PSC-37_R2_001,PSC-37,PSC-37,GAC,https://docs.google.com/document/d/11paxsz0wDixpnt2pAAOYXUON9yDMJuOsCR99q8hOWGA/edit?usp=sharing,P_helianthoides,20220315,20220428,coelomocyte,RNA,Illumina,,,,,,,SSWD TNC Project,,/Volumes/web/nightingales/P_heialnthoides/PSC-37_R2_001.fastq.gz,,,,,
PSC-38_R1_001,PSC-38,PSC-38,GAC,https://docs.google.com/document/d/11paxsz0wDixpnt2pAAOYXUON9yDMJuOsCR99q8hOWGA/edit?usp=sharing,P_helianthoides,20220315,20220428,coelomocyte,RNA,Illumina,,,,,,,SSWD TNC Project,,/Volumes/web/nightingales/P_heialnthoides/PSC-38_R1_001.fastq.gz,,,,,
PSC-38_R2_001,PSC-38,PSC-38,GAC,https://docs.google.com/document/d/11paxsz0wDixpnt2pAAOYXUON9yDMJuOsCR99q8hOWGA/edit?usp=sharing,P_helianthoides,20220315,20220428,coelomocyte,RNA,Illumina,,,,,,,SSWD TNC Project,,/Volumes/web/nightingales/P_heialnthoides/PSC-38_R2_001.fastq.gz,,,,,
PSC-39_R1_001,PSC-39,PSC-39,GAC,https://docs.google.com/document/d/11paxsz0wDixpnt2pAAOYXUON9yDMJuOsCR99q8hOWGA/edit?usp=sharing,P_helianthoides,20220315,20220428,coelomocyte,RNA,Illumina,,,,,,,SSWD TNC Project,,/Volumes/web/nightingales/P_heialnthoides/PSC-39_R1_001.fastq.gz,,,,,
PSC-39_R2_001,PSC-39,PSC-39,GAC,https://docs.google.com/document/d/11paxsz0wDixpnt2pAAOYXUON9yDMJuOsCR99q8hOWGA/edit?usp=sharing,P_helianthoides,20220315,20220428,coelomocyte,RNA,Illumina,,,,,,,SSWD TNC Project,,/Volumes/web/nightingales/P_heialnthoides/PSC-39_R2_001.fastq.gz,,,,,
PSC-40_R1_001,PSC-40,PSC-40,GAC,https://docs.google.com/document/d/11paxsz0wDixpnt2pAAOYXUON9yDMJuOsCR99q8hOWGA/edit?usp=sharing,P_helianthoides,20220315,20220428,coelomocyte,RNA,Illumina,,,,,,,SSWD TNC Project,,/Volumes/web/nightingales/P_heialnthoides/PSC-40_R1_001.fastq.gz,,,,,
PSC-40_R2_001,PSC-40,PSC-40,GAC,https://docs.google.com/document/d/11paxsz0wDixpnt2pAAOYXUON9yDMJuOsCR99q8hOWGA/edit?usp=sharing,P_helianthoides,20220315,20220428,coelomocyte,RNA,Illumina,,,,,,,SSWD TNC Project,,/Volumes/web/nightingales/P_heialnthoides/PSC-40_R2_001.fastq.gz,,,,,
PSC-42_R1_001,PSC-42,PSC-42,GAC,https://docs.google.com/document/d/11paxsz0wDixpnt2pAAOYXUON9yDMJuOsCR99q8hOWGA/edit?usp=sharing,P_helianthoides,20220315,20220428,coelomocyte,RNA,Illumina,,,,,,,SSWD TNC Project,,/Volumes/web/nightingales/P_heialnthoides/PSC-42_R1_001.fastq.gz,,,,,
PSC-42_R2_001,PSC-42,PSC-42,GAC,https://docs.google.com/document/d/11paxsz0wDixpnt2pAAOYXUON9yDMJuOsCR99q8hOWGA/edit?usp=sharing,P_helianthoides,20220315,20220428,coelomocyte,RNA,Illumina,,,,,,,SSWD TNC Project,,/Volumes/web/nightingales/P_heialnthoides/PSC-42_R2_001.fastq.gz,,,,,
PSC-43_R1_001,PSC-43,PSC-43,GAC,https://docs.google.com/document/d/11paxsz0wDixpnt2pAAOYXUON9yDMJuOsCR99q8hOWGA/edit?usp=sharing,P_helianthoides,20220315,20220428,coelomocyte,RNA,Illumina,,,,,,,SSWD TNC Project,,/Volumes/web/nightingales/P_heialnthoides/PSC-43_R1_001.fastq.gz,,,,,
PSC-43_R2_001,PSC-43,PSC-43,GAC,https://docs.google.com/document/d/11paxsz0wDixpnt2pAAOYXUON9yDMJuOsCR99q8hOWGA/edit?usp=sharing,P_helianthoides,20220315,20220428,coelomocyte,RNA,Illumina,,,,,,,SSWD TNC Project,,/Volumes/web/nightingales/P_heialnthoides/PSC-43_R2_001.fastq.gz,,,,,
PSC-48_R1_001,PSC-48,PSC-48,GAC,https://docs.google.com/document/d/11paxsz0wDixpnt2pAAOYXUON9yDMJuOsCR99q8hOWGA/edit?usp=sharing,P_helianthoides,20220315,20220428,coelomocyte,RNA,Illumina,,,,,,,SSWD TNC Project,,/Volumes/web/nightingales/P_heialnthoides/PSC-48_R1_001.fastq.gz,,,,,
PSC-48_R2_001,PSC-48,PSC-48,GAC,https://docs.google.com/document/d/11paxsz0wDixpnt2pAAOYXUON9yDMJuOsCR99q8hOWGA/edit?usp=sharing,P_helianthoides,20220315,20220428,coelomocyte,RNA,Illumina,,,,,,,SSWD TNC Project,,/Volumes/web/nightingales/P_heialnthoides/PSC-48_R2_001.fastq.gz,,,,,
PSC-49_R1_001,PSC-49,PSC-49,GAC,https://docs.google.com/document/d/11paxsz0wDixpnt2pAAOYXUON9yDMJuOsCR99q8hOWGA/edit?usp=sharing,P_helianthoides,20220315,20220428,coelomocyte,RNA,Illumina,,,,,,,SSWD TNC Project,,/Volumes/web/nightingales/P_heialnthoides/PSC-49_R1_001.fastq.gz,,,,,
PSC-49_R2_001,PSC-49,PSC-49,GAC,https://docs.google.com/document/d/11paxsz0wDixpnt2pAAOYXUON9yDMJuOsCR99q8hOWGA/edit?usp=sharing,P_helianthoides,20220315,20220428,coelomocyte,RNA,Illumina,,,,,,,SSWD TNC Project,,/Volumes/web/nightingales/P_heialnthoides/PSC-49_R2_001.fastq.gz,,,,,
PSC-52_R1_001,PSC-52,PSC-52,GAC,https://docs.google.com/document/d/11paxsz0wDixpnt2pAAOYXUON9yDMJuOsCR99q8hOWGA/edit?usp=sharing,P_helianthoides,20220315,20220428,coelomocyte,RNA,Illumina,,,,,,,SSWD TNC Project,,/Volumes/web/nightingales/P_heialnthoides/PSC-52_R1_001.fastq.gz,,,,,
PSC-52_R2_001,PSC-52,PSC-52,GAC,https://docs.google.com/document/d/11paxsz0wDixpnt2pAAOYXUON9yDMJuOsCR99q8hOWGA/edit?usp=sharing,P_helianthoides,20220315,20220428,coelomocyte,RNA,Illumina,,,,,,,SSWD TNC Project,,/Volumes/web/nightingales/P_heialnthoides/PSC-52_R2_001.fastq.gz,,,,,
PSC-54_R1_001,PSC-54,PSC-54,GAC,https://docs.google.com/document/d/11paxsz0wDixpnt2pAAOYXUON9yDMJuOsCR99q8hOWGA/edit?usp=sharing,P_helianthoides,20220315,20220428,coelomocyte,RNA,Illumina,,,,,,,SSWD TNC Project,,/Volumes/web/nightingales/P_heialnthoides/PSC-54_R1_001.fastq.gz,,,,,
PSC-54_R2_001,PSC-54,PSC-54,GAC,https://docs.google.com/document/d/11paxsz0wDixpnt2pAAOYXUON9yDMJuOsCR99q8hOWGA/edit?usp=sharing,P_helianthoides,20220315,20220428,coelomocyte,RNA,Illumina,,,,,,,SSWD TNC Project,,/Volumes/web/nightingales/P_heialnthoides/PSC-54_R2_001.fastq.gz,,,,,
PSC-56_R1_001,PSC-56,PSC-56,GAC,https://docs.google.com/document/d/11paxsz0wDixpnt2pAAOYXUON9yDMJuOsCR99q8hOWGA/edit?usp=sharing,P_helianthoides,20220315,20220428,coelomocyte,RNA,Illumina,,,,,,,SSWD TNC Project,,/Volumes/web/nightingales/P_heialnthoides/PSC-56_R1_001.fastq.gz,,,,,
PSC-56_R2_001,PSC-56,PSC-56,GAC,https://docs.google.com/document/d/11paxsz0wDixpnt2pAAOYXUON9yDMJuOsCR99q8hOWGA/edit?usp=sharing,P_helianthoides,20220315,20220428,coelomocyte,RNA,Illumina,,,,,,,SSWD TNC Project,,/Volumes/web/nightingales/P_heialnthoides/PSC-56_R2_001.fastq.gz,,,,,
PSC-57_R1_001,PSC-57,PSC-57,GAC,https://docs.google.com/document/d/11paxsz0wDixpnt2pAAOYXUON9yDMJuOsCR99q8hOWGA/edit?usp=sharing,P_helianthoides,20220315,20220428,coelomocyte,RNA,Illumina,,,,,,,SSWD TNC Project,,/Volumes/web/nightingales/P_heialnthoides/PSC-57_R1_001.fastq.gz,,,,,
PSC-57_R2_001,PSC-57,PSC-57,GAC,https://docs.google.com/document/d/11paxsz0wDixpnt2pAAOYXUON9yDMJuOsCR99q8hOWGA/edit?usp=sharing,P_helianthoides,20220315,20220428,coelomocyte,RNA,Illumina,,,,,,,SSWD TNC Project,,/Volumes/web/nightingales/P_heialnthoides/PSC-57_R2_001.fastq.gz,,,,,
PSC-58_R1_001,PSC-58,PSC-58,GAC,https://docs.google.com/document/d/11paxsz0wDixpnt2pAAOYXUON9yDMJuOsCR99q8hOWGA/edit?usp=sharing,P_helianthoides,20220315,20220428,coelomocyte,RNA,Illumina,,,,,,,SSWD TNC Project,,/Volumes/web/nightingales/P_heialnthoides/PSC-58_R1_001.fastq.gz,,,,,
PSC-58_R2_001,PSC-58,PSC-58,GAC,https://docs.google.com/document/d/11paxsz0wDixpnt2pAAOYXUON9yDMJuOsCR99q8hOWGA/edit?usp=sharing,P_helianthoides,20220315,20220428,coelomocyte,RNA,Illumina,,,,,,,SSWD TNC Project,,/Volumes/web/nightingales/P_heialnthoides/PSC-58_R2_001.fastq.gz,,,,,
PSC-59_R1_001,PSC-59,PSC-59,GAC,https://docs.google.com/document/d/11paxsz0wDixpnt2pAAOYXUON9yDMJuOsCR99q8hOWGA/edit?usp=sharing,P_helianthoides,20220315,20220428,coelomocyte,RNA,Illumina,,,,,,,SSWD TNC Project,,/Volumes/web/nightingales/P_heialnthoides/PSC-59_R1_001.fastq.gz,,,,,
PSC-59_R2_001,PSC-59,PSC-59,GAC,https://docs.google.com/document/d/11paxsz0wDixpnt2pAAOYXUON9yDMJuOsCR99q8hOWGA/edit?usp=sharing,P_helianthoides,20220315,20220428,coelomocyte,RNA,Illumina,,,,,,,SSWD TNC Project,,/Volumes/web/nightingales/P_heialnthoides/PSC-59_R2_001.fastq.gz,,,,,
PSC-61_R1_001,PSC-61,PSC-61,GAC,https://docs.google.com/document/d/11paxsz0wDixpnt2pAAOYXUON9yDMJuOsCR99q8hOWGA/edit?usp=sharing,P_helianthoides,20220315,20220428,coelomocyte,RNA,Illumina,,,,,,,SSWD TNC Project,,/Volumes/web/nightingales/P_heialnthoides/PSC-61_R1_001.fastq.gz,,,,,
PSC-61_R2_001,PSC-61,PSC-61,GAC,https://docs.google.com/document/d/11paxsz0wDixpnt2pAAOYXUON9yDMJuOsCR99q8hOWGA/edit?usp=sharing,P_helianthoides,20220315,20220428,coelomocyte,RNA,Illumina,,,,,,,SSWD TNC Project,,/Volumes/web/nightingales/P_heialnthoides/PSC-61_R2_001.fastq.gz,,,,,
PSC-63_R1_001,PSC-63,PSC-63,GAC,https://docs.google.com/document/d/11paxsz0wDixpnt2pAAOYXUON9yDMJuOsCR99q8hOWGA/edit?usp=sharing,P_helianthoides,20220315,20220428,coelomocyte,RNA,Illumina,,,,,,,SSWD TNC Project,,/Volumes/web/nightingales/P_heialnthoides/PSC-63_R1_001.fastq.gz,,,,,
PSC-63_R2_001,PSC-63,PSC-63,GAC,https://docs.google.com/document/d/11paxsz0wDixpnt2pAAOYXUON9yDMJuOsCR99q8hOWGA/edit?usp=sharing,P_helianthoides,20220315,20220428,coelomocyte,RNA,Illumina,,,,,,,SSWD TNC Project,,/Volumes/web/nightingales/P_heialnthoides/PSC-63_R2_001.fastq.gz,,,,,
PSC-64_R1_001,PSC-64,PSC-64,GAC,https://docs.google.com/document/d/11paxsz0wDixpnt2pAAOYXUON9yDMJuOsCR99q8hOWGA/edit?usp=sharing,P_helianthoides,20220315,20220428,coelomocyte,RNA,Illumina,,,,,,,SSWD TNC Project,,/Volumes/web/nightingales/P_heialnthoides/PSC-64_R1_001.fastq.gz,,,,,
PSC-64_R2_001,PSC-64,PSC-64,GAC,https://docs.google.com/document/d/11paxsz0wDixpnt2pAAOYXUON9yDMJuOsCR99q8hOWGA/edit?usp=sharing,P_helianthoides,20220315,20220428,coelomocyte,RNA,Illumina,,,,,,,SSWD TNC Project,,/Volumes/web/nightingales/P_heialnthoides/PSC-64_R2_001.fastq.gz,,,,,
PSC-67_R1_001,PSC-67,PSC-67,GAC,https://docs.google.com/document/d/11paxsz0wDixpnt2pAAOYXUON9yDMJuOsCR99q8hOWGA/edit?usp=sharing,P_helianthoides,20220315,20220428,coelomocyte,RNA,Illumina,,,,,,,SSWD TNC Project,,/Volumes/web/nightingales/P_heialnthoides/PSC-67_R1_001.fastq.gz,,,,,
PSC-67_R2_001,PSC-67,PSC-67,GAC,https://docs.google.com/document/d/11paxsz0wDixpnt2pAAOYXUON9yDMJuOsCR99q8hOWGA/edit?usp=sharing,P_helianthoides,20220315,20220428,coelomocyte,RNA,Illumina,,,,,,,SSWD TNC Project,,/Volumes/web/nightingales/P_heialnthoides/PSC-67_R2_001.fastq.gz,,,,,
PSC-69_R1_001,PSC-69,PSC-69,GAC,https://docs.google.com/document/d/11paxsz0wDixpnt2pAAOYXUON9yDMJuOsCR99q8hOWGA/edit?usp=sharing,P_helianthoides,20220315,20220428,coelomocyte,RNA,Illumina,,,,,,,SSWD TNC Project,,/Volumes/web/nightingales/P_heialnthoides/PSC-69_R1_001.fastq.gz,,,,,
PSC-69_R2_001,PSC-69,PSC-69,GAC,https://docs.google.com/document/d/11paxsz0wDixpnt2pAAOYXUON9yDMJuOsCR99q8hOWGA/edit?usp=sharing,P_helianthoides,20220315,20220428,coelomocyte,RNA,Illumina,,,,,,,SSWD TNC Project,,/Volumes/web/nightingales/P_heialnthoides/PSC-69_R2_001.fastq.gz,,,,,
PSC-71_R1_001,PSC-71,PSC-71,GAC,https://docs.google.com/document/d/11paxsz0wDixpnt2pAAOYXUON9yDMJuOsCR99q8hOWGA/edit?usp=sharing,P_helianthoides,20220315,20220428,coelomocyte,RNA,Illumina,,,,,,,SSWD TNC Project,,/Volumes/web/nightingales/P_heialnthoides/PSC-71_R1_001.fastq.gz,,,,,
PSC-71_R2_001,PSC-71,PSC-71,GAC,https://docs.google.com/document/d/11paxsz0wDixpnt2pAAOYXUON9yDMJuOsCR99q8hOWGA/edit?usp=sharing,P_helianthoides,20220315,20220428,coelomocyte,RNA,Illumina,,,,,,,SSWD TNC Project,,/Volumes/web/nightingales/P_heialnthoides/PSC-71_R2_001.fastq.gz,,,,,
PSC-73_R1_001,PSC-73,PSC-73,GAC,https://docs.google.com/document/d/11paxsz0wDixpnt2pAAOYXUON9yDMJuOsCR99q8hOWGA/edit?usp=sharing,P_helianthoides,20220315,20220428,coelomocyte,RNA,Illumina,,,,,,,SSWD TNC Project,,/Volumes/web/nightingales/P_heialnthoides/PSC-73_R1_001.fastq.gz,,,,,
PSC-73_R2_001,PSC-73,PSC-73,GAC,https://docs.google.com/document/d/11paxsz0wDixpnt2pAAOYXUON9yDMJuOsCR99q8hOWGA/edit?usp=sharing,P_helianthoides,20220315,20220428,coelomocyte,RNA,Illumina,,,,,,,SSWD TNC Project,,/Volumes/web/nightingales/P_heialnthoides/PSC-73_R2_001.fastq.gz,,,,,
PSC-75_R1_001,PSC-75,PSC-75,GAC,https://docs.google.com/document/d/11paxsz0wDixpnt2pAAOYXUON9yDMJuOsCR99q8hOWGA/edit?usp=sharing,P_helianthoides,20220315,20220428,coelomocyte,RNA,Illumina,,,,,,,SSWD TNC Project,,/Volumes/web/nightingales/P_heialnthoides/PSC-75_R1_001.fastq.gz,,,,,
PSC-75_R2_001,PSC-75,PSC-75,GAC,https://docs.google.com/document/d/11paxsz0wDixpnt2pAAOYXUON9yDMJuOsCR99q8hOWGA/edit?usp=sharing,P_helianthoides,20220315,20220428,coelomocyte,RNA,Illumina,,,,,,,SSWD TNC Project,,/Volumes/web/nightingales/P_heialnthoides/PSC-75_R2_001.fastq.gz,,,,,
PSC-76_R1_001,PSC-76,PSC-76,GAC,https://docs.google.com/document/d/11paxsz0wDixpnt2pAAOYXUON9yDMJuOsCR99q8hOWGA/edit?usp=sharing,P_helianthoides,20220315,20220428,coelomocyte,RNA,Illumina,,,,,,,SSWD TNC Project,,/Volumes/web/nightingales/P_heialnthoides/PSC-76_R1_001.fastq.gz,,,,,
PSC-76_R2_001,PSC-76,PSC-76,GAC,https://docs.google.com/document/d/11paxsz0wDixpnt2pAAOYXUON9yDMJuOsCR99q8hOWGA/edit?usp=sharing,P_helianthoides,20220315,20220428,coelomocyte,RNA,Illumina,,,,,,,SSWD TNC Project,,/Volumes/web/nightingales/P_heialnthoides/PSC-76_R2_001.fastq.gz,,,,,
PSC-78_R1_001,PSC-78,PSC-78,GAC,https://docs.google.com/document/d/11paxsz0wDixpnt2pAAOYXUON9yDMJuOsCR99q8hOWGA/edit?usp=sharing,P_helianthoides,20220315,20220428,coelomocyte,RNA,Illumina,,,,,,,SSWD TNC Project,,/Volumes/web/nightingales/P_heialnthoides/PSC-78_R1_001.fastq.gz,,,,,
PSC-78_R2_001,PSC-78,PSC-78,GAC,https://docs.google.com/document/d/11paxsz0wDixpnt2pAAOYXUON9yDMJuOsCR99q8hOWGA/edit?usp=sharing,P_helianthoides,20220315,20220428,coelomocyte,RNA,Illumina,,,,,,,SSWD TNC Project,,/Volumes/web/nightingales/P_heialnthoides/PSC-78_R2_001.fastq.gz,,,,,
PSC-81_R1_001,PSC-81,PSC-81,GAC,https://docs.google.com/document/d/11paxsz0wDixpnt2pAAOYXUON9yDMJuOsCR99q8hOWGA/edit?usp=sharing,P_helianthoides,20220315,20220428,coelomocyte,RNA,Illumina,,,,,,,SSWD TNC Project,,/Volumes/web/nightingales/P_heialnthoides/PSC-81_R1_001.fastq.gz,,,,,
PSC-81_R2_001,PSC-81,PSC-81,GAC,https://docs.google.com/document/d/11paxsz0wDixpnt2pAAOYXUON9yDMJuOsCR99q8hOWGA/edit?usp=sharing,P_helianthoides,20220315,20220428,coelomocyte,RNA,Illumina,,,,,,,SSWD TNC Project,,/Volumes/web/nightingales/P_heialnthoides/PSC-81_R2_001.fastq.gz,,,,,
PSC-83_R1_001,PSC-83,PSC-83,GAC,https://docs.google.com/document/d/11paxsz0wDixpnt2pAAOYXUON9yDMJuOsCR99q8hOWGA/edit?usp=sharing,P_helianthoides,20220315,20220428,coelomocyte,RNA,Illumina,,,,,,,SSWD TNC Project,,/Volumes/web/nightingales/P_heialnthoides/PSC-83_R1_001.fastq.gz,,,,,
PSC-83_R2_001,PSC-83,PSC-83,GAC,https://docs.google.com/document/d/11paxsz0wDixpnt2pAAOYXUON9yDMJuOsCR99q8hOWGA/edit?usp=sharing,P_helianthoides,20220315,20220428,coelomocyte,RNA,Illumina,,,,,,,SSWD TNC Project,,/Volumes/web/nightingales/P_heialnthoides/PSC-83_R2_001.fastq.gz,,,,,
s_1_1_sequence,,,,,O_keta,20090523,,liver,,Illumina,,PE100,bert,,,,,,/Volumes/web/nightingales/O_keta/s_1_1_sequence.txt.gz,http://owl.fish.washington.edu/nightingales/O_keta/s_1_1_sequence.txt.gz,,/Volumes/web/nightingales/O_keta/s_1_2_sequence.txt.gz,http://owl.fish.washington.edu/nightingales/O_keta/s_1_2_sequence.txt.gz,
s_2_1_sequence,,,,,O_keta,20090523,,liver,,Illumina,,PE100,bert,,,,,,/Volumes/web/nightingales/O_keta/s_2_1_sequence.txt.gz,http://owl.fish.washington.edu/nightingales/O_keta/s_2_1_sequence.txt.gz,,/Volumes/web/nightingales/O_keta/s_2_2_sequence.txt.gz,http://owl.fish.washington.edu/nightingales/O_keta/s_2_2_sequence.txt.gz,
s_3_1_sequence,,,,,O_keta,20090523,,testes,,Illumina,,PE100,bert,,,,,,/Volumes/web/nightingales/O_keta/s_3_1_sequence.txt.gz,http://owl.fish.washington.edu/nightingales/O_keta/s_3_1_sequence.txt.gz,,/Volumes/web/nightingales/O_keta/s_3_2_sequence.txt.gz,http://owl.fish.washington.edu/nightingales/O_keta/s_3_2_sequence.txt.gz,
s_4_1_sequence,,,,,O_keta,20090523,,testes,,Illumina,,PE100,bert,,,,,,/Volumes/web/nightingales/O_keta/s_4_1_sequence.txt.gz,http://owl.fish.washington.edu/nightingales/O_keta/s_4_1_sequence.txt.gz,,/Volumes/web/nightingales/O_keta/s_4_2_sequence.txt.gz,http://owl.fish.washington.edu/nightingales/O_keta/s_4_2_sequence.txt.gz,
s_5_1_sequence,,,,,O_keta,20090523,,liver,,Illumina,,PE100,ernie,,,,,,/Volumes/web/nightingales/O_keta/s_5_1_sequence.txt.gz,http://owl.fish.washington.edu/nightingales/O_keta/s_5_1_sequence.txt.gz,,/Volumes/web/nightingales/O_keta/s_5_2_sequence.txt.gz,http://owl.fish.washington.edu/nightingales/O_keta/s_5_2_sequence.txt.gz,
s_6_1_sequence,,,,,O_keta,20090523,,liver,,Illumina,,PE100,ernie,,,,,,/Volumes/web/nightingales/O_keta/s_6_1_sequence.txt.gz,http://owl.fish.washington.edu/nightingales/O_keta/s_6_1_sequence.txt.gz,,/Volumes/web/nightingales/O_keta/s_6_2_sequence.txt.gz,http://owl.fish.washington.edu/nightingales/O_keta/s_6_2_sequence.txt.gz,
s_7_1_sequence,,,,,O_keta,20090523,,testes,,Illumina,,PE100,ernie,,,,,,/Volumes/web/nightingales/O_keta/s_7_1_sequence.txt.gz,http://owl.fish.washington.edu/nightingales/O_keta/s_7_1_sequence.txt.gz,,/Volumes/web/nightingales/O_keta/s_7_2_sequence.txt.gz,http://owl.fish.washington.edu/nightingales/O_keta/s_7_2_sequence.txt.gz,
filtered_BS_CgF_TTAGGC_L004,,BS CgF,,,C_gigas,20130826,20130924,eggs,DNA,Illumina,,PE72,BS-seq,,,,,,/Volumes/web/nightingales/C_gigas/filtered_BS_CgF_TTAGGC_L004_R1.fastq.gz,http://owl.fish.washington.edu/nightingales/C_gigas/filtered_BS_CgF_TTAGGC_L004_R1.fastq.gz,,/Volumes/web/nightingales/C_gigas/filtered_BS_CgF_TTAGGC_L004_R2.fastq.gz,http://owl.fish.washington.edu/nightingales/C_gigas/filtered_BS_CgF_TTAGGC_L004_R2.fastq.gz,
filtered_BS_CgF_TTAGGC_L007,,BS CgF,,,C_gigas,20130826,20131217,eggs,DNA,Illumina,,PE72,BS-seq,,,,,,/Volumes/web/nightingales/C_gigas/filtered_BS_CgF_TTAGGC_L007_R1.fastq.gz,http://owl.fish.washington.edu/nightingales/C_gigas/filtered_BS_CgF_TTAGGC_L007_R1.fastq.gz,,/Volumes/web/nightingales/C_gigas/filtered_BS_CgF_TTAGGC_L007_R2.fastq.gz,http://owl.fish.washington.edu/nightingales/C_gigas/filtered_BS_CgF_TTAGGC_L007_R2.fastq.gz,
filtered_BS_CgLarv_T1D3_TGACCA_L004,,BS CgLarv T1D3,,,C_gigas,20130826,20130924,larvae,DNA,Illumina,,PE72,BS-seq,,,,,,/Volumes/web/nightingales/C_gigas/filtered_BS_CgLarv_T1D3_TGACCA_L004_R1.fastq.gz,http://owl.fish.washington.edu/nightingales/C_gigas/filtered_BS_CgLarv_T1D3_TGACCA_L004_R1.fastq.gz,,/Volumes/web/nightingales/C_gigas/filtered_BS_CgLarv_T1D3_TGACCA_L004_R2.fastq.gz,http://owl.fish.washington.edu/nightingales/C_gigas/filtered_BS_CgLarv_T1D3_TGACCA_L004_R2.fastq.gz,
136All,,,,,S_namaycush,20110629,,muscle,DNA,454,,,,,,,,,/Volumes/web/nightingales/S_maycush/136All.tar.gz,http://owl.fish.washington.edu/nightingales/S_maycush/136All.tar.gz,,,,
137All,,,,,S_namaycush,20110629,,muscle,DNA,454,,,,,,,,,/Volumes/web/nightingales/S_maycush/137All.tar.gz,http://owl.fish.washington.edu/nightingales/S_maycush/137All.tar.gz,,,,
filtered_1000ppm_ACTTGA_L002,,1000ppm,DM,"See entry on Sept 9th, 2011)
",V_philippinarum,20110907,20110928,larvae,RNA,Illumina,,SE36,"replicate pooling of ~30,000 manila clam larvae RNA raised at 1000ppm",,,,Underlying impact of ocean acidification on Manila clam (Ruditapes philippinarum) larvae revealed through RNA-Seq analysis,,/Volumes/web/nightingales/V_philippirum/filtered_1000ppm_ACTTGA_L002_R1.fastq.gz,http://owl.fish.washington.edu/nightingales/V_philippirum/filtered_1000ppm_ACTTGA_L002_R1.fastq.gz,,,,
filtered_400ppm_CAGATC_L001,,400ppm,DM,"See entry on Sept 9th, 2011)
",V_philippinarum,20110907,20110928,larvae,RNA,Illumina,,SE36,"replicate pooling of ~30,000 manila clam larvae RNA raised at 1000ppm",,,,Underlying impact of ocean acidification on Manila clam (Ruditapes philippinarum) larvae revealed through RNA-Seq analysis,,/Volumes/web/nightingales/V_philippirum/filtered_400ppm_CAGATC_L001_R1.fastq.gz,http://owl.fish.washington.edu/nightingales/V_philippirum/filtered_400ppm_CAGATC_L001_R1.fastq.gz,,,,
filtered_2000_NoIndex_L007,,2000,,,O_lurida,20120104,20120125,larvae,RNA,Illumina,,SE36,,,,,,,/Volumes/web/nightingales/O_lurida/filtered_2000_NoIndex_L007_R1.fastq.gz,http://owl.fish.washington.edu/nightingales/O_lurida/filtered_2000_NoIndex_L007_R1.fastq.gz,,,,
filtered_400_NoIndex_L006,,400,,,O_lurida,20120104,20120125,larvae,RNA,Illumina,,SE36,,,,,,,/Volumes/web/nightingales/O_lurida/filtered_400_NoIndex_L006_R1.fastq.gz,http://owl.fish.washington.edu/nightingales/O_lurida/filtered_400_NoIndex_L006_R1.fastq.gz,,,,
filtered_BS_CgLarv_T1D3_TGACCA_L007,,BS CgLarv T1D3,,,C_gigas,20130826,20131217,larvae,DNA,Illumina,,PE72,BS-seq,,,,,,/Volumes/web/nightingales/C_gigas/filtered_BS_CgLarv_T1D3_TGACCA_L007_R1.fastq.gz,http://owl.fish.washington.edu/nightingales/C_gigas/filtered_BS_CgLarv_T1D3_TGACCA_L007_R1.fastq.gz,,/Volumes/web/nightingales/C_gigas/filtered_BS_CgLarv_T1D3_TGACCA_L007_R2.fastq.gz,http://owl.fish.washington.edu/nightingales/C_gigas/filtered_BS_CgLarv_T1D3_TGACCA_L007_R2.fastq.gz,
filtered_LTL_NPL32_CAGATC_L005,,,,,S_namaycush,20120928,20121017,liver,RNA,Illumina,,SE36,,,,,,,/Volumes/web/nightingales/S_namaycush/filtered_LTL_NPL32_CAGATC_L005_R1.fastq.gz,http://owl.fish.washington.edu/nightingales/S_namaycush/filtered_LTL_NPL32_CAGATC_L005_R1.fastq.gz,,,,
filtered_LTL_NPL34_ACTTGA_L005,,,,,S_namaycush,20120928,20121017,liver,RNA,Illumina,,SE36,,,,,,,/Volumes/web/nightingales/S_namaycush/filtered_LTL_NPL34_ACTTGA_L005_R1.fastq.gz,http://owl.fish.washington.edu/nightingales/S_namaycush/filtered_LTL_NPL34_ACTTGA_L005_R1.fastq.gz,,,,
filtered_LTL_NPL44_GTGAAA_L005,,,,,S_namaycush,20120928,20121017,liver,RNA,Illumina,,SE36,,,,,,,/Volumes/web/nightingales/S_namaycush/filtered_LTL_NPL44_GTGAAA_L005_R1.fastq.gz,http://owl.fish.washington.edu/nightingales/S_namaycush/filtered_LTL_NPL44_GTGAAA_L005_R1.fastq.gz,,,,
filtered_LTL_NPL46_GATCAG_L005,,,,,S_namaycush,20120928,20121017,liver,RNA,Illumina,,SE36,,,,,,,/Volumes/web/nightingales/S_namaycush/filtered_LTL_NPL46_GATCAG_L005_R1.fastq.gz,http://owl.fish.washington.edu/nightingales/S_namaycush/filtered_LTL_NPL46_GATCAG_L005_R1.fastq.gz,,,,
filtered_LTL_NPL56_TAGCTT_L005,,,,,S_namaycush,20120928,20121017,liver,RNA,Illumina,,SE36,,,,,,,/Volumes/web/nightingales/S_namaycush/filtered_LTL_NPL56_TAGCTT_L005_R1.fastq.gz,http://owl.fish.washington.edu/nightingales/S_namaycush/filtered_LTL_NPL56_TAGCTT_L005_R1.fastq.gz,,,,
filtered_LTL_NPL61_GGCTAC_L005,,,,,S_namaycush,20120928,20121017,liver,RNA,Illumina,,SE36,,,,,,,/Volumes/web/nightingales/S_namaycush/filtered_LTL_NPL61_GGCTAC_L005_R1.fastq.gz,http://owl.fish.washington.edu/nightingales/S_namaycush/filtered_LTL_NPL61_GGCTAC_L005_R1.fastq.gz,,,,
filtered_LTL_NPS15_GAGTGG_L005,,,,,S_namaycush,20120928,20121017,liver,RNA,Illumina,,SE36,,,,,,,/Volumes/web/nightingales/S_namaycush/filtered_LTL_NPS15_GAGTGG_L005_R1.fastq.gz,http://owl.fish.washington.edu/nightingales/S_namaycush/filtered_LTL_NPS15_GAGTGG_L005_R1.fastq.gz,,,,
filtered_LTL_NPS24_ACTGAT_L005,,,,,S_namaycush,20120928,20121017,liver,RNA,Illumina,,SE36,,,,,,,/Volumes/web/nightingales/S_namaycush/filtered_LTL_NPS24_ACTGAT_L005_R1.fastq.gz,http://owl.fish.washington.edu/nightingales/S_namaycush/filtered_LTL_NPS24_ACTGAT_L005_R1.fastq.gz,,,,
filtered_LTL_NPS29_ATTCCT_L005,,,,,S_namaycush,20120928,20121017,liver,RNA,Illumina,,SE36,,,,,,,/Volumes/web/nightingales/S_namaycush/filtered_LTL_NPS29_ATTCCT_L005_R1.fastq.gz,http://owl.fish.washington.edu/nightingales/S_namaycush/filtered_LTL_NPS29_ATTCCT_L005_R1.fastq.gz,,,,
filtered_LTL_NPS36_GTGGCC_L005,,,,,S_namaycush,20120928,20121017,liver,RNA,Illumina,,SE36,,,,,,,/Volumes/web/nightingales/S_namaycush/filtered_LTL_NPS36_GTGGCC_L005_R1.fastq.gz,http://owl.fish.washington.edu/nightingales/S_namaycush/filtered_LTL_NPS36_GTGGCC_L005_R1.fastq.gz,,,,
filtered_LTL_NPS50_GTTTCG_L005,,,,,S_namaycush,20120928,20121017,liver,RNA,Illumina,,SE36,,,,,,,/Volumes/web/nightingales/S_namaycush/filtered_LTL_NPS50_GTTTCG_L005_R1.fastq.gz,http://owl.fish.washington.edu/nightingales/S_namaycush/filtered_LTL_NPS50_GTTTCG_L005_R1.fastq.gz,,,,
filtered_LTL_NPS58_CGTACG_L005,,,,,S_namaycush,20120928,20121017,liver,RNA,Illumina,,SE36,,,,,,,/Volumes/web/nightingales/S_namaycush/filtered_LTL_NPS58_CGTACG_L005_R1.fastq.gz,http://owl.fish.washington.edu/nightingales/S_namaycush/filtered_LTL_NPS58_CGTACG_L005_R1.fastq.gz,,,,
filtered_LTL_PL20_ATCACG_L005,,,,,S_namaycush,20120928,20121017,liver,RNA,Illumina,,SE36,,,,,,,/Volumes/web/nightingales/S_namaycush/filtered_LTL_PL20_ATCACG_L005_R1.fastq.gz,http://owl.fish.washington.edu/nightingales/S_namaycush/filtered_LTL_PL20_ATCACG_L005_R1.fastq.gz,,,,
filtered_LTL_PL31_CGATGT_L005,,,,,S_namaycush,20120928,20121017,liver,RNA,Illumina,,SE36,,,,,,,/Volumes/web/nightingales/S_namaycush/filtered_LTL_PL31_CGATGT_L005_R1.fastq.gz,http://owl.fish.washington.edu/nightingales/S_namaycush/filtered_LTL_PL31_CGATGT_L005_R1.fastq.gz,,,,
filtered_LTL_PL43_GCCAAT_L005,,,,,S_namaycush,20120928,20121017,liver,RNA,Illumina,,SE36,,,,,,,/Volumes/web/nightingales/S_namaycush/filtered_LTL_PL43_GCCAAT_L005_R1.fastq.gz,http://owl.fish.washington.edu/nightingales/S_namaycush/filtered_LTL_PL43_GCCAAT_L005_R1.fastq.gz,,,,
filtered_LTL_PL55_TTAGGC_L005,,,,,S_namaycush,20120928,20121017,liver,RNA,Illumina,,SE36,,,,,,,/Volumes/web/nightingales/S_namaycush/filtered_LTL_PL55_TTAGGC_L005_R1.fastq.gz,http://owl.fish.washington.edu/nightingales/S_namaycush/filtered_LTL_PL55_TTAGGC_L005_R1.fastq.gz,,,,
filtered_LTL_PL59_TGACCA_L005,,,,,S_namaycush,20120928,20121017,liver,RNA,Illumina,,SE36,,,,,,,/Volumes/web/nightingales/S_namaycush/filtered_LTL_PL59_TGACCA_L005_R1.fastq.gz,http://owl.fish.washington.edu/nightingales/S_namaycush/filtered_LTL_PL59_TGACCA_L005_R1.fastq.gz,,,,
filtered_LTL_PL62_ACAGTG_L005,,,,,S_namaycush,20120928,20121017,liver,RNA,Illumina,,SE36,,,,,,,/Volumes/web/nightingales/S_namaycush/filtered_LTL_PL62_ACAGTG_L005_R1.fastq.gz,http://owl.fish.washington.edu/nightingales/S_namaycush/filtered_LTL_PL62_ACAGTG_L005_R1.fastq.gz,,,,
filtered_LTL_PS13_CTTGTA_L005,,,,,S_namaycush,20120928,20121017,liver,RNA,Illumina,,SE36,,,,,,,/Volumes/web/nightingales/S_namaycush/filtered_LTL_PS13_CTTGTA_L005_R1.fastq.gz,http://owl.fish.washington.edu/nightingales/S_namaycush/filtered_LTL_PS13_CTTGTA_L005_R1.fastq.gz,,,,
filtered_LTL_PS16_AGTCAA_L005,,,,,S_namaycush,20120928,20121017,liver,RNA,Illumina,,SE36,,,,,,,/Volumes/web/nightingales/S_namaycush/filtered_LTL_PS16_AGTCAA_L005_R1.fastq.gz,http://owl.fish.washington.edu/nightingales/S_namaycush/filtered_LTL_PS16_AGTCAA_L005_R1.fastq.gz,,,,
filtered_LTL_PS35_ATGTCA_L005,,,,,S_namaycush,20120928,20121017,liver,RNA,Illumina,,SE36,,,,,,,/Volumes/web/nightingales/S_namaycush/filtered_LTL_PS35_ATGTCA_L005_R1.fastq.gz,http://owl.fish.washington.edu/nightingales/S_namaycush/filtered_LTL_PS35_ATGTCA_L005_R1.fastq.gz,,,,
filtered_LTL_PS49_CCGTCC_L005,,,,,S_namaycush,20120928,20121017,liver,RNA,Illumina,,SE36,,,,,,,/Volumes/web/nightingales/S_namaycush/filtered_LTL_PS49_CCGTCC_L005_R1.fastq.gz,http://owl.fish.washington.edu/nightingales/S_namaycush/filtered_LTL_PS49_CCGTCC_L005_R1.fastq.gz,,,,
filtered_LTL_PS53_GTCCGC_L005,,,,,S_namaycush,20120928,20121017,liver,RNA,Illumina,,SE36,,,,,,,/Volumes/web/nightingales/S_namaycush/filtered_LTL_PS53_GTCCGC_L005_R1.fastq.gz,http://owl.fish.washington.edu/nightingales/S_namaycush/filtered_LTL_PS53_GTCCGC_L005_R1.fastq.gz,,,,
filtered_LTL_PS63_AGTTCC_L005,,,,,S_namaycush,20120928,20121017,liver,RNA,Illumina,,SE36,,,,,,,/Volumes/web/nightingales/S_namaycush/filtered_LTL_PS63_AGTTCC_L005_R1.fastq.gz,http://owl.fish.washington.edu/nightingales/S_namaycush/filtered_LTL_PS63_AGTTCC_L005_R1.fastq.gz,,,,
filtered_BS_CgLarv_T1D5_ACAGTG_L004,,BS CgLarv T1D5,,,C_gigas,20130826,20130924,larvae,DNA,Illumina,,PE72,BS-seq,,,,,,/Volumes/web/nightingales/C_gigas/filtered_BS_CgLarv_T1D5_ACAGTG_L004_R1.fastq.gz,http://owl.fish.washington.edu/nightingales/C_gigas/filtered_BS_CgLarv_T1D5_ACAGTG_L004_R1.fastq.gz,,/Volumes/web/nightingales/C_gigas/filtered_BS_CgLarv_T1D5_ACAGTG_L004_R2.fastq.gz,http://owl.fish.washington.edu/nightingales/C_gigas/filtered_BS_CgLarv_T1D5_ACAGTG_L004_R2.fastq.gz,
filtered_BS_CgLarv_T1D5_ACAGTG_L007,,BS CgLarv T1D5,,,C_gigas,20130826,20131217,larvae,DNA,Illumina,,PE72,BS-seq,,,,,,/Volumes/web/nightingales/C_gigas/filtered_BS_CgLarv_T1D5_ACAGTG_L007_R1.fastq.gz,http://owl.fish.washington.edu/nightingales/C_gigas/filtered_BS_CgLarv_T1D5_ACAGTG_L007_R1.fastq.gz,,/Volumes/web/nightingales/C_gigas/filtered_BS_CgLarv_T1D5_ACAGTG_L007_R2.fastq.gz,http://owl.fish.washington.edu/nightingales/C_gigas/filtered_BS_CgLarv_T1D5_ACAGTG_L007_R2.fastq.gz,
filtered_BS_CgLarv_T3D5_CAGATC_L004,,BS CgLarv T3D3,,,C_gigas,20130826,20130924,larvae,DNA,Illumina,,PE72,BS-seq,,,,,,/Volumes/web/nightingales/C_gigas/filtered_BS_CgLarv_T3D5_CAGATC_L004_R1.fastq.gz,http://owl.fish.washington.edu/nightingales/C_gigas/filtered_BS_CgLarv_T3D5_CAGATC_L004_R1.fastq.gz,,/Volumes/web/nightingales/C_gigas/filtered_BS_CgLarv_T3D5_CAGATC_L004_R2.fastq.gz,http://owl.fish.washington.edu/nightingales/C_gigas/filtered_BS_CgLarv_T3D5_CAGATC_L004_R2.fastq.gz,
m130619_081336_42134_c100525122550000001823081109281326_s1_p0,,,SJW,,O_lurida,20130607,20130620,gill,DNA,PacBio,,,Pat,,,,,,/Volumes/web/nightingales/O_lurida/m130619_081336_42134_c100525122550000001823081109281326_s1_p0.fastq,http://owl.fish.washington.edu/nightingales/O_lurida/m130619_081336_42134_c100525122550000001823081109281326_s1_p0.fastq,,,,
filtered_BS_CgLarv_T3D5_CAGATC_L007,,BS CgLarv T3D3,,,C_gigas,20130826,20131217,larvae,DNA,Illumina,,PE72,BS-seq,,,,,,/Volumes/web/nightingales/C_gigas/filtered_BS_CgLarv_T3D5_CAGATC_L007_R1.fastq.gz,http://owl.fish.washington.edu/nightingales/C_gigas/filtered_BS_CgLarv_T3D5_CAGATC_L007_R1.fastq.gz,,/Volumes/web/nightingales/C_gigas/filtered_BS_CgLarv_T3D5_CAGATC_L007_R2.fastq.gz,http://owl.fish.washington.edu/nightingales/C_gigas/filtered_BS_CgLarv_T3D5_CAGATC_L007_R2.fastq.gz,
filtered_Bs_Cglarve_T3D3_GCCAAT_L004,,BS CgLarv T3D5,,,C_gigas,20130826,20130924,larvae,DNA,Illumina,,PE72,BS-seq,,,,,,/Volumes/web/nightingales/C_gigas/filtered_Bs_CgLarve_T3D3_GCCAAT_L004_R1.fastq.gz,http://owl.fish.washington.edu/nightingales/C_gigas/filtered_Bs_CgLarve_T3D3_GCCAAT_L004_R1.fastq.gz,,/Volumes/web/nightingales/C_gigas/filtered_Bs_CgLarve_T3D3_GCCAAT_L004_R2.fastq.gz,http://owl.fish.washington.edu/nightingales/C_gigas/filtered_Bs_CgLarve_T3D3_GCCAAT_L004_R2.fastq.gz,
filtered_Bs_Cglarve_T3D3_GCCAAT_L007,,BS CgLarv T3D5,,,C_gigas,20130826,20131217,larvae,DNA,Illumina,,PE72,BS-seq,,,,,,/Volumes/web/nightingales/C_gigas/filtered_Bs_CgLarve_T3D3_GCCAAT_L007_R1.fastq.gz,http://owl.fish.washington.edu/nightingales/C_gigas/filtered_Bs_CgLarve_T3D3_GCCAAT_L007_R1.fastq.gz,,/Volumes/web/nightingales/C_gigas/filtered_Bs_CgLarve_T3D3_GCCAAT_L007_R2.fastq.gz,http://owl.fish.washington.edu/nightingales/C_gigas/filtered_Bs_CgLarve_T3D3_GCCAAT_L007_R2.fastq.gz,
filtered_BS_CgM1_ACTTGA_L004,,BS CgM1,,,C_gigas,20130826,20130924,sperm,DNA,Illumina,,PE72,BS-seq,,,,,,/Volumes/web/nightingales/C_gigas/filtered_BS_CgM1_ACTTGA_L004_R1.fastq.gz,http://owl.fish.washington.edu/nightingales/C_gigas/filtered_BS_CgM1_ACTTGA_L004_R1.fastq.gz,,/Volumes/web/nightingales/C_gigas/filtered_BS_CgM1_ACTTGA_L004_R2.fastq.gz,http://owl.fish.washington.edu/nightingales/C_gigas/filtered_BS_CgM1_ACTTGA_L004_R2.fastq.gz,
filtered_BS_CgM1_ACTTGA_L007,,BS CgM1,,,C_gigas,20130826,20131217,sperm,DNA,Illumina,,PE72,BS-seq,,,,,,/Volumes/web/nightingales/C_gigas/filtered_BS_CgM1_ACTTGA_L007_R1.fastq.gz,http://owl.fish.washington.edu/nightingales/C_gigas/filtered_BS_CgM1_ACTTGA_L007_R1.fastq.gz,,/Volumes/web/nightingales/C_gigas/filtered_BS_CgM1_ACTTGA_L007_R2.fastq.gz,http://owl.fish.washington.edu/nightingales/C_gigas/filtered_BS_CgM1_ACTTGA_L007_R2.fastq.gz,
filtered_BS_CgM3_GATCAG_L004,,BS CgM3,,,C_gigas,20130826,20130924,sperm,DNA,Illumina,,PE72,BS-seq,,,,,,/Volumes/web/nightingales/C_gigas/filtered_BS_CgM3_GATCAG_L004_R1.fastq.gz,http://owl.fish.washington.edu/nightingales/C_gigas/filtered_BS_CgM3_GATCAG_L004_R1.fastq.gz,,/Volumes/web/nightingales/C_gigas/filtered_BS_CgM3_GATCAG_L004_R2.fastq.gz,http://owl.fish.washington.edu/nightingales/C_gigas/filtered_BS_CgM3_GATCAG_L004_R2.fastq.gz,
filtered_BS_CgM3_GATCAG_L007,,BS CgM3,,,C_gigas,20130826,20131217,sperm,DNA,Illumina,,PE72,BS-seq,,,,,,/Volumes/web/nightingales/C_gigas/filtered_BS_CgM3_GATCAG_L007_R1.fastq.gz,http://owl.fish.washington.edu/nightingales/C_gigas/filtered_BS_CgM3_GATCAG_L007_R1.fastq.gz,,/Volumes/web/nightingales/C_gigas/filtered_BS_CgM3_GATCAG_L007_R2.fastq.gz,http://owl.fish.washington.edu/nightingales/C_gigas/filtered_BS_CgM3_GATCAG_L007_R2.fastq.gz,
filtered_BS_CgF_ACAGTG_L004,,BS CgF,,,C_gigas,20140109,,eggs,DNA,Illumina,,PE72,BS-seq,,,,,,/Volumes/web/nightingales/C_gigas/filtered_BS_CgF_ACAGTG_L004_R1.fastq.gz,http://owl.fish.washington.edu/nightingales/C_gigas/filtered_BS_CgF_ACAGTG_L004_R1.fastq.gz,,/Volumes/web/nightingales/C_gigas/filtered_BS_CgF_ACAGTG_L004_R2.fastq.gz,http://owl.fish.washington.edu/nightingales/C_gigas/filtered_BS_CgF_ACAGTG_L004_R2.fastq.gz,
YRVA,,,YV,,C_gigas,20190207,20190408,,DNA,Illumina,,PE151,whole genome bisulfite; WGBS,,,,,,/Volumes/web/nightingales/C_gigas/YRVA_R1_001.fastq.gz,http://owl.fish.washington.edu/nightingales/C_gigas/YRVA_R1_001.fastq.gz,http://gannet.fish.washington.edu/Atumefaciens/20190415_cgig_fastqc_wgbs_yaamini/YRVA_R1_001_fastqc.html,/Volumes/web/nightingales/C_gigas/YRVA_R2_001.fastq.gz,http://owl.fish.washington.edu/nightingales/C_gigas/YRVA_R2_001.fastq.gz,http://gannet.fish.washington.edu/Atumefaciens/20190415_cgig_fastqc_wgbs_yaamini/YRVA_R2_001_fastqc.html
YRVL,,,YV,,C_gigas,20190207,20190408,,DNA,Illumina,,PE152,whole genome bisulfite; WGBS,,,,,,/Volumes/web/nightingales/C_gigas/YRVL_R1_001.fastq.gz,http://owl.fish.washington.edu/nightingales/C_gigas/YRVL_R1_001.fastq.gz,http://gannet.fish.washington.edu/Atumefaciens/20190415_cgig_fastqc_wgbs_yaamini/YRVL_R1_001_fastqc.html,/Volumes/web/nightingales/C_gigas/YRVL_R2_001.fastq.gz,http://owl.fish.washington.edu/nightingales/C_gigas/YRVL_R2_001.fastq.gz,http://gannet.fish.washington.edu/Atumefaciens/20190415_cgig_fastqc_wgbs_yaamini/YRVL_R2_001_fastqc.html
0501,,,roberto,,C_gigas,20190207,20190501,,DNA,Illumina,,PE150,whole genome bisulfite; WGBS,,,,,,/Volumes/web/nightingales/C_gigas/0501_R1_001.fastq.gz,http://owl.fish.washington.edu/nightingales/C_gigas/0501_R1_001.fastq.gz,http://gannet.fish.washington.edu/Atumefaciens/20190501_cgig_fastqc_wgbs_roberto/0501_R1_001_fastqc.html,/Volumes/web/nightingales/C_gigas/0501_R2_001.fastq.gz,http://owl.fish.washington.edu/nightingales/C_gigas/0501_R2_001.fastq.gz,http://gannet.fish.washington.edu/Atumefaciens/20190501_cgig_fastqc_wgbs_roberto/0501_R2_001_fastqc.html
lane1_NoIndex_L001_R1_001,,OlyRAD-01,SJW,http://onsnetwork.org/kubu4/2014/11/07/library-prep-oly-oyster-gdna-01-rad/,O_lurida,20141117,20141202,whole body,DNA,Illumina,,SE100,RAD_SbfI,,,,,,/Volumes/web/nightingales/O_lurida/lane1_NoIndex_L001_R1_001.fastq.gz,http://owl.fish.washington.edu/nightingales/O_lurida/lane1_NoIndex_L001_R1_001.fastq.gz,,,,
lane1_NoIndex_L001_R1_002,,OlyRAD-01,SJW,http://onsnetwork.org/kubu4/2014/11/07/library-prep-oly-oyster-gdna-01-rad/,O_lurida,20141117,20141202,whole body,DNA,Illumina,,SE100,RAD_SbfI,,,,,,/Volumes/web/nightingales/O_lurida/lane1_NoIndex_L001_R1_002.fastq.gz,http://owl.fish.washington.edu/nightingales/O_lurida/lane1_NoIndex_L001_R1_002.fastq.gz,,,,
lane1_NoIndex_L001_R1_003,,OlyRAD-01,SJW,http://onsnetwork.org/kubu4/2014/11/07/library-prep-oly-oyster-gdna-01-rad/,O_lurida,20141117,20141202,whole body,DNA,Illumina,,SE100,RAD_SbfI,,,,,,/Volumes/web/nightingales/O_lurida/lane1_NoIndex_L001_R1_003.fastq.gz,http://owl.fish.washington.edu/nightingales/O_lurida/lane1_NoIndex_L001_R1_003.fastq.gz,,,,
lane1_NoIndex_L001_R1_004,,OlyRAD-01,SJW,http://onsnetwork.org/kubu4/2014/11/07/library-prep-oly-oyster-gdna-01-rad/,O_lurida,20141117,20141202,whole body,DNA,Illumina,,SE100,RAD_SbfI,,,,,,/Volumes/web/nightingales/O_lurida/lane1_NoIndex_L001_R1_004.fastq.gz,http://owl.fish.washington.edu/nightingales/O_lurida/lane1_NoIndex_L001_R1_004.fastq.gz,,,,
lane1_NoIndex_L001_R1_005,,OlyRAD-01,SJW,http://onsnetwork.org/kubu4/2014/11/07/library-prep-oly-oyster-gdna-01-rad/,O_lurida,20141117,20141202,whole body,DNA,Illumina,,SE100,RAD_SbfI,,,,,,/Volumes/web/nightingales/O_lurida/lane1_NoIndex_L001_R1_005.fastq.gz,http://owl.fish.washington.edu/nightingales/O_lurida/lane1_NoIndex_L001_R1_005.fastq.gz,,,,
lane1_NoIndex_L001_R1_006,,OlyRAD-01,SJW,http://onsnetwork.org/kubu4/2014/11/07/library-prep-oly-oyster-gdna-01-rad/,O_lurida,20141117,20141202,whole body,DNA,Illumina,,SE100,RAD_SbfI,,,,,,/Volumes/web/nightingales/O_lurida/lane1_NoIndex_L001_R1_006.fastq.gz,http://owl.fish.washington.edu/nightingales/O_lurida/lane1_NoIndex_L001_R1_006.fastq.gz,,,,
lane1_NoIndex_L001_R1_007,,OlyRAD-01,SJW,http://onsnetwork.org/kubu4/2014/11/07/library-prep-oly-oyster-gdna-01-rad/,O_lurida,20141117,20141202,whole body,DNA,Illumina,,SE100,RAD_SbfI,,,,,,/Volumes/web/nightingales/O_lurida/lane1_NoIndex_L001_R1_007.fastq.gz,http://owl.fish.washington.edu/nightingales/O_lurida/lane1_NoIndex_L001_R1_007.fastq.gz,,,,
lane1_NoIndex_L001_R1_008,,OlyRAD-01,SJW,http://onsnetwork.org/kubu4/2014/11/07/library-prep-oly-oyster-gdna-01-rad/,O_lurida,20141117,20141202,whole body,DNA,Illumina,,SE100,RAD_SbfI,,,,,,/Volumes/web/nightingales/O_lurida/lane1_NoIndex_L001_R1_008.fastq.gz,http://owl.fish.washington.edu/nightingales/O_lurida/lane1_NoIndex_L001_R1_008.fastq.gz,,,,
lane1_NoIndex_L001_R1_009,,OlyRAD-01,SJW,http://onsnetwork.org/kubu4/2014/11/07/library-prep-oly-oyster-gdna-01-rad/,O_lurida,20141117,20141202,whole body,DNA,Illumina,,SE100,RAD_SbfI,,,,,,/Volumes/web/nightingales/O_lurida/lane1_NoIndex_L001_R1_009.fastq.gz,http://owl.fish.washington.edu/nightingales/O_lurida/lane1_NoIndex_L001_R1_009.fastq.gz,,,,
lane1_NoIndex_L001_R1_010,,OlyRAD-01,SJW,http://onsnetwork.org/kubu4/2014/11/07/library-prep-oly-oyster-gdna-01-rad/,O_lurida,20141117,20141202,whole body,DNA,Illumina,,SE100,RAD_SbfI,,,,,,/Volumes/web/nightingales/O_lurida/lane1_NoIndex_L001_R1_010.fastq.gz,http://owl.fish.washington.edu/nightingales/O_lurida/lane1_NoIndex_L001_R1_010.fastq.gz,,,,
lane1_NoIndex_L001_R1_011,,OlyRAD-01,SJW,http://onsnetwork.org/kubu4/2014/11/07/library-prep-oly-oyster-gdna-01-rad/,O_lurida,20141117,20141202,whole body,DNA,Illumina,,SE100,RAD_SbfI,,,,,,/Volumes/web/nightingales/O_lurida/lane1_NoIndex_L001_R1_011.fastq.gz,http://owl.fish.washington.edu/nightingales/O_lurida/lane1_NoIndex_L001_R1_011.fastq.gz,,,,
lane1_NoIndex_L001_R1_012,,OlyRAD-01,SJW,http://onsnetwork.org/kubu4/2014/11/07/library-prep-oly-oyster-gdna-01-rad/,O_lurida,20141117,20141202,whole body,DNA,Illumina,,SE100,RAD_SbfI,,,,,,/Volumes/web/nightingales/O_lurida/lane1_NoIndex_L001_R1_012.fastq.gz,http://owl.fish.washington.edu/nightingales/O_lurida/lane1_NoIndex_L001_R1_012.fastq.gz,,,,
lane1_NoIndex_L001_R1_013,,OlyRAD-01,SJW,http://onsnetwork.org/kubu4/2014/11/07/library-prep-oly-oyster-gdna-01-rad/,O_lurida,20141117,20141202,whole body,DNA,Illumina,,SE100,RAD_SbfI,,,,,,/Volumes/web/nightingales/O_lurida/lane1_NoIndex_L001_R1_013.fastq.gz,http://owl.fish.washington.edu/nightingales/O_lurida/lane1_NoIndex_L001_R1_013.fastq.gz,,,,
lane1_NoIndex_L001_R1_014,,OlyRAD-01,SJW,http://onsnetwork.org/kubu4/2014/11/07/library-prep-oly-oyster-gdna-01-rad/,O_lurida,20141117,20141202,whole body,DNA,Illumina,,SE100,RAD_SbfI,,,,,,/Volumes/web/nightingales/O_lurida/lane1_NoIndex_L001_R1_014.fastq.gz,http://owl.fish.washington.edu/nightingales/O_lurida/lane1_NoIndex_L001_R1_014.fastq.gz,,,,
0502,,,roberto,,C_gigas,20190207,20190501,,DNA,Illumina,,PE150,whole genome bisulfite; WGBS,,,,,,/Volumes/web/nightingales/C_gigas/0502_R1_001.fastq.gz,http://owl.fish.washington.edu/nightingales/C_gigas/0502_R1_001.fastq.gz,http://gannet.fish.washington.edu/Atumefaciens/20190501_cgig_fastqc_wgbs_roberto/0502_R1_001_fastqc.html,/Volumes/web/nightingales/C_gigas/0502_R2_001.fastq.gz,http://owl.fish.washington.edu/nightingales/C_gigas/0502_R2_001.fastq.gz,http://gannet.fish.washington.edu/Atumefaciens/20190501_cgig_fastqc_wgbs_roberto/0502_R2_001_fastqc.html
0503,,,roberto,,C_gigas,20190207,20190501,,DNA,Illumina,,PE150,whole genome bisulfite; WGBS,,,,,,/Volumes/web/nightingales/C_gigas/0503_R1_001.fastq.gz,http://owl.fish.washington.edu/nightingales/C_gigas/0503_R1_001.fastq.gz,http://gannet.fish.washington.edu/Atumefaciens/20190501_cgig_fastqc_wgbs_roberto/0503_R1_001_fastqc.html,/Volumes/web/nightingales/C_gigas/0503_R2_001.fastq.gz,http://owl.fish.washington.edu/nightingales/C_gigas/0503_R2_001.fastq.gz,http://gannet.fish.washington.edu/Atumefaciens/20190501_cgig_fastqc_wgbs_roberto/0503_R2_001_fastqc.html
3501,,,roberto,,C_gigas,20190207,20190501,,DNA,Illumina,,PE150,whole genome bisulfite; WGBS,,,,,,/Volumes/web/nightingales/C_gigas/3501_R1_001.fastq.gz,http://owl.fish.washington.edu/nightingales/C_gigas/3501_R1_001.fastq.gz,http://gannet.fish.washington.edu/Atumefaciens/20190501_cgig_fastqc_wgbs_roberto/3501_R1_001_fastqc.html,/Volumes/web/nightingales/C_gigas/3501_R2_001.fastq.gz,http://owl.fish.washington.edu/nightingales/C_gigas/3501_R2_001.fastq.gz,http://gannet.fish.washington.edu/Atumefaciens/20190501_cgig_fastqc_wgbs_roberto/3501_R2_001_fastqc.html
3502,,,roberto,,C_gigas,20190207,20190501,,DNA,Illumina,,PE150,whole genome bisulfite; WGBS,,,,,,/Volumes/web/nightingales/C_gigas/3502_R1_001.fastq.gz,http://owl.fish.washington.edu/nightingales/C_gigas/3502_R1_001.fastq.gz,http://gannet.fish.washington.edu/Atumefaciens/20190501_cgig_fastqc_wgbs_roberto/3502_R1_001_fastqc.html,/Volumes/web/nightingales/C_gigas/3502_R2_001.fastq.gz,http://owl.fish.washington.edu/nightingales/C_gigas/3502_R2_001.fastq.gz,http://gannet.fish.washington.edu/Atumefaciens/20190501_cgig_fastqc_wgbs_roberto/3502_R2_001_fastqc.html
3503,,,roberto,,C_gigas,20190207,20190501,,DNA,Illumina,,PE150,whole genome bisulfite; WGBS,,,,,,/Volumes/web/nightingales/C_gigas/3503_R1_001.fastq.gz,http://owl.fish.washington.edu/nightingales/C_gigas/3503_R1_001.fastq.gz,http://gannet.fish.washington.edu/Atumefaciens/20190501_cgig_fastqc_wgbs_roberto/3503_R1_001_fastqc.html,/Volumes/web/nightingales/C_gigas/3503_R2_001.fastq.gz,http://owl.fish.washington.edu/nightingales/C_gigas/3503_R2_001.fastq.gz,http://gannet.fish.washington.edu/Atumefaciens/20190501_cgig_fastqc_wgbs_roberto/3503_R2_001_fastqc.html
5201,,,roberto,,C_gigas,20190207,20190501,,DNA,Illumina,,PE150,whole genome bisulfite; WGBS,,,,,,/Volumes/web/nightingales/C_gigas/5201_R1_001.fastq.gz,http://owl.fish.washington.edu/nightingales/C_gigas/5201_R1_001.fastq.gz,http://gannet.fish.washington.edu/Atumefaciens/20190501_cgig_fastqc_wgbs_roberto/5201_R1_001_fastqc.html,/Volumes/web/nightingales/C_gigas/5201_R2_001.fastq.gz,http://owl.fish.washington.edu/nightingales/C_gigas/5201_R2_001.fastq.gz,http://gannet.fish.washington.edu/Atumefaciens/20190501_cgig_fastqc_wgbs_roberto/5201_R2_001_fastqc.html
2112_lane1_ACAGTG_L001,,NB3,SJW,http://onsnetwork.org/kubu4/category/lsu-c-virginica-oil-spill-mbd-bs-sequencing/,C_virginica,20141222,20150210,gill,DNA,Illumina,,SE100,BS-seq,SRP139854,,,NB3 No oil,,/Volumes/web/nightingales/C_virginica/20160223_gbs/2112_lane1_ACAGTG_L001_1.fq.gz,http://owl.fish.washington.edu/nightingales/C_virginica/20160223_gbs/2112_lane1_ACAGTG_L001_1.fq.gz,http://eagle.fish.washington.edu/Arabidopsis/20150413_2112_lane1_ACAGTG_L001_R1_002_fastqc.html,,,
2112_lane1_ATCACG_L001,,HB2,SJW,http://onsnetwork.org/kubu4/category/lsu-c-virginica-oil-spill-mbd-bs-sequencing/,C_virginica,20141222,20150210,gill,DNA,Illumina,,SE100,BS-seq,SRP139854,,,"HB2 25,000ppm oil",,/Volumes/web/nightingales/C_virginica/20160223_gbs/2112_lane1_ATCACG_L001_1.fq.gz,http://owl.fish.washington.edu/nightingales/C_virginica/20160223_gbs/2112_lane1_ATCACG_L001_1.fq.gz,http://eagle.fish.washington.edu/Arabidopsis/20150413_2112_lane1_ATCACG_L001_R1_002_fastqc.html,,,
2112_lane1_ATCACG_L001,,HB2,SJW,http://onsnetwork.org/kubu4/category/lsu-c-virginica-oil-spill-mbd-bs-sequencing/,C_virginica,20141222,20150210,gill,DNA,Illumina,,SE100,BS-seq,SRP139854,,,"HB2 25,000ppm oil",,/Volumes/web/nightingales/C_virginica/20160223_gbs/2112_lane1_ATCACG_L001_1.fq.gz,http://owl.fish.washington.edu/nightingales/C_virginica/20160223_gbs/2112_lane1_ATCACG_L001_1.fq.gz,http://eagle.fish.washington.edu/Arabidopsis/20150413_2112_lane1_ATCACG_L001_R1_003_fastqc.html,,,
2112_lane1_CAGATC_L001,,NB11,SJW,http://onsnetwork.org/kubu4/category/lsu-c-virginica-oil-spill-mbd-bs-sequencing/,C_virginica,20141222,20150210,gill,DNA,Illumina,,SE100,BS-seq,SRP139854,,,NB11 No oil,,/Volumes/web/nightingales/C_virginica/20160223_gbs/2112_lane1_CAGATC_L001_1.fq.gz,http://owl.fish.washington.edu/nightingales/C_virginica/20160223_gbs/2112_lane1_CAGATC_L001_1.fq.gz,http://eagle.fish.washington.edu/Arabidopsis/20150413_2112_lane1_CAGATC_L001_R1_002_fastqc.html,,,
2112_lane1_CAGATC_L001,,NB11,SJW,http://onsnetwork.org/kubu4/category/lsu-c-virginica-oil-spill-mbd-bs-sequencing/,C_virginica,20141222,20150210,gill,DNA,Illumina,,SE100,BS-seq,SRP139854,,,NB11 No oil,,/Volumes/web/nightingales/C_virginica/20160223_gbs/2112_lane1_CAGATC_L001_1.fq.gz,http://owl.fish.washington.edu/nightingales/C_virginica/20160223_gbs/2112_lane1_CAGATC_L001_1.fq.gz,http://eagle.fish.washington.edu/Arabidopsis/20150413_2112_lane1_CAGATC_L001_R1_003_fastqc.html,,,
2112_lane1_GCCAAT_L001,,NB6,SJW,http://onsnetwork.org/kubu4/category/lsu-c-virginica-oil-spill-mbd-bs-sequencing/,C_virginica,20141222,20150210,gill,DNA,Illumina,,SE100,BS-seq,SRP139854,,,NB6 No oil,,/Volumes/web/nightingales/C_virginica/20160223_gbs/2112_lane1_GCCAAT_L001_1.fq.gz,http://owl.fish.washington.edu/nightingales/C_virginica/20160223_gbs/2112_lane1_GCCAAT_L001_1.fq.gz,http://eagle.fish.washington.edu/Arabidopsis/20150413_2112_lane1_GCCAAT_L001_R1_002_fastqc.html,,,
2112_lane1_NoIndex_L001,,OilvNoOil,SJW,http://onsnetwork.org/kubu4/category/lsu-c-virginica-oil-spill-mbd-bs-sequencing/,C_virginica,20141222,20150210,gill,DNA,Illumina,,SE100,BS-seq,,,,"Oil vs. No Oil, non-demultiplexed data",,/Volumes/web/nightingales/C_virginica/2112_lane1_NoIndex_L001_R1_001.fastq.gz,http://owl.fish.washington.edu/nightingales/C_virginica/2112_lane1_NoIndex_L001_R1_001.fastq.gz,,,,
2112_lane1_NoIndex_L001,,OilvNoOil,SJW,http://onsnetwork.org/kubu4/category/lsu-c-virginica-oil-spill-mbd-bs-sequencing/,C_virginica,20141222,20150210,gill,DNA,Illumina,,SE100,BS-seq,,,,"Oil vs. No Oil, non-demultiplexed data",,/Volumes/web/nightingales/C_virginica/2112_lane1_NoIndex_L001_R1_002.fastq.gz,http://owl.fish.washington.edu/nightingales/C_virginica/2112_lane1_NoIndex_L001_R1_002.fastq.gz,,,,
2112_lane1_NoIndex_L001,,OilvNoOil,SJW,http://onsnetwork.org/kubu4/category/lsu-c-virginica-oil-spill-mbd-bs-sequencing/,C_virginica,20141222,20150210,gill,DNA,Illumina,,SE100,BS-seq,,,,"Oil vs. No Oil, non-demultiplexed data",,/Volumes/web/nightingales/C_virginica/2112_lane1_NoIndex_L001_R1_003.fastq.gz,http://owl.fish.washington.edu/nightingales/C_virginica/2112_lane1_NoIndex_L001_R1_003.fastq.gz,,,,
2112_lane1_NoIndex_L001,,OilvNoOil,SJW,http://onsnetwork.org/kubu4/category/lsu-c-virginica-oil-spill-mbd-bs-sequencing/,C_virginica,20141222,20150210,gill,DNA,Illumina,,SE100,BS-seq,,,,"Oil vs. No Oil, non-demultiplexed data",,/Volumes/web/nightingales/C_virginica/2112_lane1_NoIndex_L001_R1_004.fastq.gz,http://owl.fish.washington.edu/nightingales/C_virginica/2112_lane1_NoIndex_L001_R1_004.fastq.gz,,,,
2112_lane1_NoIndex_L001,,OilvNoOil,SJW,http://onsnetwork.org/kubu4/category/lsu-c-virginica-oil-spill-mbd-bs-sequencing/,C_virginica,20141222,20150210,gill,DNA,Illumina,,SE100,BS-seq,,,,"Oil vs. No Oil, non-demultiplexed data",,/Volumes/web/nightingales/C_virginica/2112_lane1_NoIndex_L001_R1_005.fastq.gz,http://owl.fish.washington.edu/nightingales/C_virginica/2112_lane1_NoIndex_L001_R1_005.fastq.gz,,,,
2112_lane1_NoIndex_L001,,OilvNoOil,SJW,http://onsnetwork.org/kubu4/category/lsu-c-virginica-oil-spill-mbd-bs-sequencing/,C_virginica,20141222,20150210,gill,DNA,Illumina,,SE100,BS-seq,,,,"Oil vs. No Oil, non-demultiplexed data",,/Volumes/web/nightingales/C_virginica/2112_lane1_NoIndex_L001_R1_006.fastq.gz,http://owl.fish.washington.edu/nightingales/C_virginica/2112_lane1_NoIndex_L001_R1_006.fastq.gz,,,,
2112_lane1_NoIndex_L001,,OilvNoOil,SJW,http://onsnetwork.org/kubu4/category/lsu-c-virginica-oil-spill-mbd-bs-sequencing/,C_virginica,20141222,20150210,gill,DNA,Illumina,,SE100,BS-seq,,,,"Oil vs. No Oil, non-demultiplexed data",,/Volumes/web/nightingales/C_virginica/2112_lane1_NoIndex_L001_R1_007.fastq.gz,http://owl.fish.washington.edu/nightingales/C_virginica/2112_lane1_NoIndex_L001_R1_007.fastq.gz,,,,
2112_lane1_NoIndex_L001,,OilvNoOil,SJW,http://onsnetwork.org/kubu4/category/lsu-c-virginica-oil-spill-mbd-bs-sequencing/,C_virginica,20141222,20150210,gill,DNA,Illumina,,SE100,BS-seq,,,,"Oil vs. No Oil, non-demultiplexed data",,/Volumes/web/nightingales/C_virginica/2112_lane1_NoIndex_L001_R1_008.fastq.gz,http://owl.fish.washington.edu/nightingales/C_virginica/2112_lane1_NoIndex_L001_R1_008.fastq.gz,,,,
2112_lane1_NoIndex_L001,,OilvNoOil,SJW,http://onsnetwork.org/kubu4/category/lsu-c-virginica-oil-spill-mbd-bs-sequencing/,C_virginica,20141222,20150210,gill,DNA,Illumina,,SE100,BS-seq,,,,"Oil vs. No Oil, non-demultiplexed data",,/Volumes/web/nightingales/C_virginica/2112_lane1_NoIndex_L001_R1_009.fastq.gz,http://owl.fish.washington.edu/nightingales/C_virginica/2112_lane1_NoIndex_L001_R1_009.fastq.gz,,,,
2112_lane1_NoIndex_L001,,OilvNoOil,SJW,http://onsnetwork.org/kubu4/category/lsu-c-virginica-oil-spill-mbd-bs-sequencing/,C_virginica,20141222,20150210,gill,DNA,Illumina,,SE100,BS-seq,,,,"Oil vs. No Oil, non-demultiplexed data",,/Volumes/web/nightingales/C_virginica/2112_lane1_NoIndex_L001_R1_010.fastq.gz,http://owl.fish.washington.edu/nightingales/C_virginica/2112_lane1_NoIndex_L001_R1_010.fastq.gz,,,,
2112_lane1_NoIndex_L001,,OilvNoOil,SJW,http://onsnetwork.org/kubu4/category/lsu-c-virginica-oil-spill-mbd-bs-sequencing/,C_virginica,20141222,20150210,gill,DNA,Illumina,,SE100,BS-seq,,,,"Oil vs. No Oil, non-demultiplexed data",,/Volumes/web/nightingales/C_virginica/2112_lane1_NoIndex_L001_R1_011.fastq.gz,http://owl.fish.washington.edu/nightingales/C_virginica/2112_lane1_NoIndex_L001_R1_011.fastq.gz,,,,
2112_lane1_NoIndex_L001,,OilvNoOil,SJW,http://onsnetwork.org/kubu4/category/lsu-c-virginica-oil-spill-mbd-bs-sequencing/,C_virginica,20141222,20150210,gill,DNA,Illumina,,SE100,BS-seq,,,,"Oil vs. No Oil, non-demultiplexed data",,/Volumes/web/nightingales/C_virginica/2112_lane1_NoIndex_L001_R1_012.fastq.gz,http://owl.fish.washington.edu/nightingales/C_virginica/2112_lane1_NoIndex_L001_R1_012.fastq.gz,,,,
2112_lane1_NoIndex_L001,,OilvNoOil,SJW,http://onsnetwork.org/kubu4/category/lsu-c-virginica-oil-spill-mbd-bs-sequencing/,C_virginica,20141222,20150210,gill,DNA,Illumina,,SE100,BS-seq,,,,"Oil vs. No Oil, non-demultiplexed data",,/Volumes/web/nightingales/C_virginica/2112_lane1_NoIndex_L001_R1_013.fastq.gz,http://owl.fish.washington.edu/nightingales/C_virginica/2112_lane1_NoIndex_L001_R1_013.fastq.gz,,,,
2112_lane1_NoIndex_L001,,OilvNoOil,SJW,http://onsnetwork.org/kubu4/category/lsu-c-virginica-oil-spill-mbd-bs-sequencing/,C_virginica,20141222,20150210,gill,DNA,Illumina,,SE100,BS-seq,,,,"Oil vs. No Oil, non-demultiplexed data",,/Volumes/web/nightingales/C_virginica/2112_lane1_NoIndex_L001_R1_014.fastq.gz,http://owl.fish.washington.edu/nightingales/C_virginica/2112_lane1_NoIndex_L001_R1_014.fastq.gz,,,,
2112_lane1_NoIndex_L001,,OilvNoOil,SJW,http://onsnetwork.org/kubu4/category/lsu-c-virginica-oil-spill-mbd-bs-sequencing/,C_virginica,20141222,20150210,gill,DNA,Illumina,,SE100,BS-seq,,,,"Oil vs. No Oil, non-demultiplexed data",,/Volumes/web/nightingales/C_virginica/2112_lane1_NoIndex_L001_R1_015.fastq.gz,http://owl.fish.washington.edu/nightingales/C_virginica/2112_lane1_NoIndex_L001_R1_015.fastq.gz,,,,
2112_lane1_TTAGGC_L001,,HB16,SJW,http://onsnetwork.org/kubu4/category/lsu-c-virginica-oil-spill-mbd-bs-sequencing/,C_virginica,20141222,20150210,gill,DNA,Illumina,,SE100,BS-seq,SRP139854,,,"HB16 25,000ppm oil",,/Volumes/web/nightingales/C_virginica/20160223_gbs/2112_lane1_TTAGGC_L001_1.fq.gz,http://owl.fish.washington.edu/nightingales/C_virginica/20160223_gbs/2112_lane1_TTAGGC_L001_1.fq.gz,http://eagle.fish.washington.edu/Arabidopsis/20150413_2112_lane1_TTAGGC_L001_R1_002_fastqc.html,,,
5202,,,roberto,,C_gigas,20190207,20190501,,DNA,Illumina,,PE150,whole genome bisulfite; WGBS,,,,,,/Volumes/web/nightingales/C_gigas/5202_R1_001.fastq.gz,http://owl.fish.washington.edu/nightingales/C_gigas/5202_R1_001.fastq.gz,http://gannet.fish.washington.edu/Atumefaciens/20190501_cgig_fastqc_wgbs_roberto/5202_R1_001_fastqc.html,/Volumes/web/nightingales/C_gigas/5202_R2_001.fastq.gz,http://owl.fish.washington.edu/nightingales/C_gigas/5202_R2_001.fastq.gz,http://gannet.fish.washington.edu/Atumefaciens/20190501_cgig_fastqc_wgbs_roberto/5202_R2_001_fastqc.html
5203,,,roberto,,C_gigas,20190207,20190501,,DNA,Illumina,,PE150,whole genome bisulfite; WGBS,,,,,,/Volumes/web/nightingales/C_gigas/5203_R1_001.fastq.gz,http://owl.fish.washington.edu/nightingales/C_gigas/5203_R1_001.fastq.gz,http://gannet.fish.washington.edu/Atumefaciens/20190501_cgig_fastqc_wgbs_roberto/5203_R1_001_fastqc.html,/Volumes/web/nightingales/C_gigas/5203_R2_001.fastq.gz,http://owl.fish.washington.edu/nightingales/C_gigas/5203_R2_001.fastq.gz,http://gannet.fish.washington.edu/Atumefaciens/20190501_cgig_fastqc_wgbs_roberto/5203_R2_001_fastqc.html
160123_I132_FCH3YHMBBXX_L4_OYSzenG1AAD96FAAPEI-109,,160123_I132_FCH3YHMBBXX_L4_OYSzenG1AAD96FAAPEI-109,BGI,https://github.com/RobertsLab/project-olympia.oyster-genomic/wiki/Genotype-by-sequencing-November-2015,O_lurida,20151130,20160422,whole body,DNA,Illumina,,PE100,GBS,SRP099079,,,genotype-by-sequencing of three geologically distinct Olympia oyster populations,,/Volumes/web/nightingales/O_lurida/20160223_gbs/160123_I132_FCH3YHMBBXX_L4_OYSzenG1AAD96FAAPEI-109_1.fq.gz,http://owl.fish.washington.edu/nightingales/O_lurida/20160223_gbs/160123_I132_FCH3YHMBBXX_L4_OYSzenG1AAD96FAAPEI-109_1.fq.gz,http://owl.fish.washington.edu/nightingales/O_lurida/20160223_gbs/20170307_fastqc/160123_I132_FCH3YHMBBXX_L4_OYSzenG1AAD96FAAPEI-109_1_fastqc.html,/Volumes/web/nightingales/O_lurida/20160223_gbs/160123_I132_FCH3YHMBBXX_L4_OYSzenG1AAD96FAAPEI-109_2.fq.gz,http://owl.fish.washington.edu/nightingales/O_lurida/20160223_gbs/160123_I132_FCH3YHMBBXX_L4_OYSzenG1AAD96FAAPEI-109_2.fq.gz,http://owl.fish.washington.edu/nightingales/O_lurida/20160223_gbs/20170307_fastqc/160123_I132_FCH3YHMBBXX_L4_OYSzenG1AAD96FAAPEI-109_2_fastqc.html
1HL_10A,,1HL_10A,BGI,https://github.com/RobertsLab/project-olympia.oyster-genomic/wiki/Genotype-by-sequencing-November-2015,O_lurida,20151130,20160218,whole body,DNA,Illumina,,PE100,GBS,SRP099079,,,genotype-by-sequencing of three geologically distinct Olympia oyster populations,,/Volumes/web/nightingales/O_lurida/20160223_gbs/1HL_10A_1.fq.gz,http://owl.fish.washington.edu/nightingales/O_lurida/20160223_gbs/1HL_10A_1.fq.gz,http://owl.fish.washington.edu/nightingales/O_lurida/20160223_gbs/20170307_fastqc/1HL_10A_1_fastqc.html,/Volumes/web/nightingales/O_lurida/20160223_gbs/1HL_10A_2.fq.gz,http://owl.fish.washington.edu/nightingales/O_lurida/20160223_gbs/1HL_10A_2.fq.gz,http://owl.fish.washington.edu/nightingales/O_lurida/20160223_gbs/20170307_fastqc/1HL_10A_2_fastqc.html
1HL_11A,,1HL_11A,BGI,https://github.com/RobertsLab/project-olympia.oyster-genomic/wiki/Genotype-by-sequencing-November-2015,O_lurida,20151130,20160218,whole body,DNA,Illumina,,PE100,GBS,SRP099079,,,genotype-by-sequencing of three geologically distinct Olympia oyster populations,,/Volumes/web/nightingales/O_lurida/20160223_gbs/1HL_11A_1.fq.gz,http://owl.fish.washington.edu/nightingales/O_lurida/20160223_gbs/1HL_11A_1.fq.gz,http://owl.fish.washington.edu/nightingales/O_lurida/20160223_gbs/20170307_fastqc/1HL_11A_1_fastqc.html,/Volumes/web/nightingales/O_lurida/20160223_gbs/1HL_11A_2.fq.gz,http://owl.fish.washington.edu/nightingales/O_lurida/20160223_gbs/1HL_11A_2.fq.gz,http://owl.fish.washington.edu/nightingales/O_lurida/20160223_gbs/20170307_fastqc/1HL_11A_2_fastqc.html
1HL_12A,,1HL_12A,BGI,https://github.com/RobertsLab/project-olympia.oyster-genomic/wiki/Genotype-by-sequencing-November-2015,O_lurida,20151130,20160218,whole body,DNA,Illumina,,PE100,GBS,SRP099079,,,genotype-by-sequencing of three geologically distinct Olympia oyster populations,,/Volumes/web/nightingales/O_lurida/20160223_gbs/1HL_12A_1.fq.gz,http://owl.fish.washington.edu/nightingales/O_lurida/20160223_gbs/1HL_12A_1.fq.gz,http://owl.fish.washington.edu/nightingales/O_lurida/20160223_gbs/20170307_fastqc/1HL_12A_1_fastqc.html,/Volumes/web/nightingales/O_lurida/20160223_gbs/1HL_12A_2.fq.gz,http://owl.fish.washington.edu/nightingales/O_lurida/20160223_gbs/1HL_12A_2.fq.gz,http://owl.fish.washington.edu/nightingales/O_lurida/20160223_gbs/20170307_fastqc/1HL_12A_2_fastqc.html
1HL_13A,,1HL_13A,BGI,https://github.com/RobertsLab/project-olympia.oyster-genomic/wiki/Genotype-by-sequencing-November-2015,O_lurida,20151130,20160218,whole body,DNA,Illumina,,PE100,GBS,SRP099079,,,genotype-by-sequencing of three geologically distinct Olympia oyster populations,,/Volumes/web/nightingales/O_lurida/20160223_gbs/1HL_13A_1.fq.gz,http://owl.fish.washington.edu/nightingales/O_lurida/20160223_gbs/1HL_13A_1.fq.gz,http://owl.fish.washington.edu/nightingales/O_lurida/20160223_gbs/20170307_fastqc/1HL_13A_1_fastqc.html,/Volumes/web/nightingales/O_lurida/20160223_gbs/1HL_13A_2.fq.gz,http://owl.fish.washington.edu/nightingales/O_lurida/20160223_gbs/1HL_13A_2.fq.gz,http://owl.fish.washington.edu/nightingales/O_lurida/20160223_gbs/20170307_fastqc/1HL_13A_2_fastqc.html
1HL_14A,,1HL_14A,BGI,https://github.com/RobertsLab/project-olympia.oyster-genomic/wiki/Genotype-by-sequencing-November-2015,O_lurida,20151130,20160218,whole body,DNA,Illumina,,PE100,GBS,SRP099079,,,genotype-by-sequencing of three geologically distinct Olympia oyster populations,,/Volumes/web/nightingales/O_lurida/20160223_gbs/1HL_14A_1.fq.gz,http://owl.fish.washington.edu/nightingales/O_lurida/20160223_gbs/1HL_14A_1.fq.gz,http://owl.fish.washington.edu/nightingales/O_lurida/20160223_gbs/20170307_fastqc/1HL_14A_1_fastqc.html,/Volumes/web/nightingales/O_lurida/20160223_gbs/1HL_14A_2.fq.gz,http://owl.fish.washington.edu/nightingales/O_lurida/20160223_gbs/1HL_14A_2.fq.gz,http://owl.fish.washington.edu/nightingales/O_lurida/20160223_gbs/20170307_fastqc/1HL_14A_2_fastqc.html
1HL_15A,,1HL_15A,BGI,https://github.com/RobertsLab/project-olympia.oyster-genomic/wiki/Genotype-by-sequencing-November-2015,O_lurida,20151130,20160218,whole body,DNA,Illumina,,PE100,GBS,SRP099079,,,genotype-by-sequencing of three geologically distinct Olympia oyster populations,,/Volumes/web/nightingales/O_lurida/20160223_gbs/1HL_15A_1.fq.gz,http://owl.fish.washington.edu/nightingales/O_lurida/20160223_gbs/1HL_15A_1.fq.gz,http://owl.fish.washington.edu/nightingales/O_lurida/20160223_gbs/20170307_fastqc/1HL_15A_1_fastqc.html,/Volumes/web/nightingales/O_lurida/20160223_gbs/1HL_15A_2.fq.gz,http://owl.fish.washington.edu/nightingales/O_lurida/20160223_gbs/1HL_15A_2.fq.gz,http://owl.fish.washington.edu/nightingales/O_lurida/20160223_gbs/20170307_fastqc/1HL_15A_2_fastqc.html
1HL_16A,,1HL_16A,BGI,https://github.com/RobertsLab/project-olympia.oyster-genomic/wiki/Genotype-by-sequencing-November-2015,O_lurida,20151130,20160218,whole body,DNA,Illumina,,PE100,GBS,SRP099079,,,genotype-by-sequencing of three geologically distinct Olympia oyster populations,,/Volumes/web/nightingales/O_lurida/20160223_gbs/1HL_16A_1.fq.gz,http://owl.fish.washington.edu/nightingales/O_lurida/20160223_gbs/1HL_16A_1.fq.gz,http://owl.fish.washington.edu/nightingales/O_lurida/20160223_gbs/20170307_fastqc/1HL_16A_1_fastqc.html,/Volumes/web/nightingales/O_lurida/20160223_gbs/1HL_16A_2.fq.gz,http://owl.fish.washington.edu/nightingales/O_lurida/20160223_gbs/1HL_16A_2.fq.gz,http://owl.fish.washington.edu/nightingales/O_lurida/20160223_gbs/20170307_fastqc/1HL_16A_2_fastqc.html
1HL_17A,,1HL_17A,BGI,https://github.com/RobertsLab/project-olympia.oyster-genomic/wiki/Genotype-by-sequencing-November-2015,O_lurida,20151130,20160218,whole body,DNA,Illumina,,PE100,GBS,SRP099079,,,genotype-by-sequencing of three geologically distinct Olympia oyster populations,,/Volumes/web/nightingales/O_lurida/20160223_gbs/1HL_17A_1.fq.gz,http://owl.fish.washington.edu/nightingales/O_lurida/20160223_gbs/1HL_17A_1.fq.gz,http://owl.fish.washington.edu/nightingales/O_lurida/20160223_gbs/20170307_fastqc/1HL_17A_1_fastqc.html,/Volumes/web/nightingales/O_lurida/20160223_gbs/1HL_17A_2.fq.gz,http://owl.fish.washington.edu/nightingales/O_lurida/20160223_gbs/1HL_17A_2.fq.gz,http://owl.fish.washington.edu/nightingales/O_lurida/20160223_gbs/20170307_fastqc/1HL_17A_2_fastqc.html
1HL_19A,,1HL_19A,BGI,https://github.com/RobertsLab/project-olympia.oyster-genomic/wiki/Genotype-by-sequencing-November-2015,O_lurida,20151130,20160218,whole body,DNA,Illumina,,PE100,GBS,SRP099079,,,genotype-by-sequencing of three geologically distinct Olympia oyster populations,,/Volumes/web/nightingales/O_lurida/20160223_gbs/1HL_19A_1.fq.gz,http://owl.fish.washington.edu/nightingales/O_lurida/20160223_gbs/1HL_19A_1.fq.gz,http://owl.fish.washington.edu/nightingales/O_lurida/20160223_gbs/20170307_fastqc/1HL_19A_1_fastqc.html,/Volumes/web/nightingales/O_lurida/20160223_gbs/1HL_19A_2.fq.gz,http://owl.fish.washington.edu/nightingales/O_lurida/20160223_gbs/1HL_19A_2.fq.gz,http://owl.fish.washington.edu/nightingales/O_lurida/20160223_gbs/20170307_fastqc/1HL_19A_2_fastqc.html
1HL_1A,,1HL_1A,BGI,https://github.com/RobertsLab/project-olympia.oyster-genomic/wiki/Genotype-by-sequencing-November-2015,O_lurida,20151130,20160218,whole body,DNA,Illumina,,PE100,GBS,SRP099079,,,genotype-by-sequencing of three geologically distinct Olympia oyster populations,,/Volumes/web/nightingales/O_lurida/20160223_gbs/1HL_1A_1.fq.gz,http://owl.fish.washington.edu/nightingales/O_lurida/20160223_gbs/1HL_1A_1.fq.gz,http://owl.fish.washington.edu/nightingales/O_lurida/20160223_gbs/20170307_fastqc/1HL_1A_1_fastqc.html,/Volumes/web/nightingales/O_lurida/20160223_gbs/1HL_1A_2.fq.gz,http://owl.fish.washington.edu/nightingales/O_lurida/20160223_gbs/1HL_1A_2.fq.gz,http://owl.fish.washington.edu/nightingales/O_lurida/20160223_gbs/20170307_fastqc/1HL_1A_2_fastqc.html
1HL_20A,,1HL_20A,BGI,https://github.com/RobertsLab/project-olympia.oyster-genomic/wiki/Genotype-by-sequencing-November-2015,O_lurida,20151130,20160218,whole body,DNA,Illumina,,PE100,GBS,SRP099079,,,genotype-by-sequencing of three geologically distinct Olympia oyster populations,,/Volumes/web/nightingales/O_lurida/20160223_gbs/1HL_20A_1.fq.gz,http://owl.fish.washington.edu/nightingales/O_lurida/20160223_gbs/1HL_20A_1.fq.gz,http://owl.fish.washington.edu/nightingales/O_lurida/20160223_gbs/20170307_fastqc/1HL_20A_1_fastqc.html,/Volumes/web/nightingales/O_lurida/20160223_gbs/1HL_20A_2.fq.gz,http://owl.fish.washington.edu/nightingales/O_lurida/20160223_gbs/1HL_20A_2.fq.gz,http://owl.fish.washington.edu/nightingales/O_lurida/20160223_gbs/20170307_fastqc/1HL_20A_2_fastqc.html
1HL_21A,,1HL_21A,BGI,https://github.com/RobertsLab/project-olympia.oyster-genomic/wiki/Genotype-by-sequencing-November-2015,O_lurida,20151130,20160218,whole body,DNA,Illumina,,PE100,GBS,SRP099079,,,genotype-by-sequencing of three geologically distinct Olympia oyster populations,,/Volumes/web/nightingales/O_lurida/20160223_gbs/1HL_21A_1.fq.gz,http://owl.fish.washington.edu/nightingales/O_lurida/20160223_gbs/1HL_21A_1.fq.gz,http://owl.fish.washington.edu/nightingales/O_lurida/20160223_gbs/20170307_fastqc/1HL_21A_1_fastqc.html,/Volumes/web/nightingales/O_lurida/20160223_gbs/1HL_21A_2.fq.gz,http://owl.fish.washington.edu/nightingales/O_lurida/20160223_gbs/1HL_21A_2.fq.gz,http://owl.fish.washington.edu/nightingales/O_lurida/20160223_gbs/20170307_fastqc/1HL_21A_2_fastqc.html
1HL_22A,,1HL_22A,BGI,https://github.com/RobertsLab/project-olympia.oyster-genomic/wiki/Genotype-by-sequencing-November-2015,O_lurida,20151130,20160218,whole body,DNA,Illumina,,PE100,GBS,SRP099079,,,genotype-by-sequencing of three geologically distinct Olympia oyster populations,,/Volumes/web/nightingales/O_lurida/20160223_gbs/1HL_22A_1.fq.gz,http://owl.fish.washington.edu/nightingales/O_lurida/20160223_gbs/1HL_22A_1.fq.gz,http://owl.fish.washington.edu/nightingales/O_lurida/20160223_gbs/20170307_fastqc/1HL_22A_1_fastqc.html,/Volumes/web/nightingales/O_lurida/20160223_gbs/1HL_22A_2.fq.gz,http://owl.fish.washington.edu/nightingales/O_lurida/20160223_gbs/1HL_22A_2.fq.gz,http://owl.fish.washington.edu/nightingales/O_lurida/20160223_gbs/20170307_fastqc/1HL_22A_2_fastqc.html
1HL_23A,,1HL_23A,BGI,https://github.com/RobertsLab/project-olympia.oyster-genomic/wiki/Genotype-by-sequencing-November-2015,O_lurida,20151130,20160218,whole body,DNA,Illumina,,PE100,GBS,SRP099079,,,genotype-by-sequencing of three geologically distinct Olympia oyster populations,,/Volumes/web/nightingales/O_lurida/20160223_gbs/1HL_23A_1.fq.gz,http://owl.fish.washington.edu/nightingales/O_lurida/20160223_gbs/1HL_23A_1.fq.gz,http://owl.fish.washington.edu/nightingales/O_lurida/20160223_gbs/20170307_fastqc/1HL_23A_1_fastqc.html,/Volumes/web/nightingales/O_lurida/20160223_gbs/1HL_23A_2.fq.gz,http://owl.fish.washington.edu/nightingales/O_lurida/20160223_gbs/1HL_23A_2.fq.gz,http://owl.fish.washington.edu/nightingales/O_lurida/20160223_gbs/20170307_fastqc/1HL_23A_2_fastqc.html
1HL_24A,,1HL_24A,BGI,https://github.com/RobertsLab/project-olympia.oyster-genomic/wiki/Genotype-by-sequencing-November-2015,O_lurida,20151130,20160218,whole body,DNA,Illumina,,PE100,GBS,SRP099079,,,genotype-by-sequencing of three geologically distinct Olympia oyster populations,,/Volumes/web/nightingales/O_lurida/20160223_gbs/1HL_24A_1.fq.gz,http://owl.fish.washington.edu/nightingales/O_lurida/20160223_gbs/1HL_24A_1.fq.gz,http://owl.fish.washington.edu/nightingales/O_lurida/20160223_gbs/20170307_fastqc/1HL_24A_1_fastqc.html,/Volumes/web/nightingales/O_lurida/20160223_gbs/1HL_24A_2.fq.gz,http://owl.fish.washington.edu/nightingales/O_lurida/20160223_gbs/1HL_24A_2.fq.gz,http://owl.fish.washington.edu/nightingales/O_lurida/20160223_gbs/20170307_fastqc/1HL_24A_2_fastqc.html
1HL_25A,,1HL_25A,BGI,https://github.com/RobertsLab/project-olympia.oyster-genomic/wiki/Genotype-by-sequencing-November-2015,O_lurida,20151130,20160218,whole body,DNA,Illumina,,PE100,GBS,SRP099079,,,genotype-by-sequencing of three geologically distinct Olympia oyster populations,,/Volumes/web/nightingales/O_lurida/20160223_gbs/1HL_25A_1.fq.gz,http://owl.fish.washington.edu/nightingales/O_lurida/20160223_gbs/1HL_25A_1.fq.gz,http://owl.fish.washington.edu/nightingales/O_lurida/20160223_gbs/20170307_fastqc/1HL_25A_1_fastqc.html,/Volumes/web/nightingales/O_lurida/20160223_gbs/1HL_25A_2.fq.gz,http://owl.fish.washington.edu/nightingales/O_lurida/20160223_gbs/1HL_25A_2.fq.gz,http://owl.fish.washington.edu/nightingales/O_lurida/20160223_gbs/20170307_fastqc/1HL_25A_2_fastqc.html
1HL_26A,,1HL_26A,BGI,https://github.com/RobertsLab/project-olympia.oyster-genomic/wiki/Genotype-by-sequencing-November-2015,O_lurida,20151130,20160218,whole body,DNA,Illumina,,PE100,GBS,SRP099079,,,genotype-by-sequencing of three geologically distinct Olympia oyster populations,,/Volumes/web/nightingales/O_lurida/20160223_gbs/1HL_26A_1.fq.gz,http://owl.fish.washington.edu/nightingales/O_lurida/20160223_gbs/1HL_26A_1.fq.gz,http://owl.fish.washington.edu/nightingales/O_lurida/20160223_gbs/20170307_fastqc/1HL_26A_1_fastqc.html,/Volumes/web/nightingales/O_lurida/20160223_gbs/1HL_26A_2.fq.gz,http://owl.fish.washington.edu/nightingales/O_lurida/20160223_gbs/1HL_26A_2.fq.gz,http://owl.fish.washington.edu/nightingales/O_lurida/20160223_gbs/20170307_fastqc/1HL_26A_2_fastqc.html
1HL_27A,,1HL_27A,BGI,https://github.com/RobertsLab/project-olympia.oyster-genomic/wiki/Genotype-by-sequencing-November-2015,O_lurida,20151130,20160218,whole body,DNA,Illumina,,PE100,GBS,SRP099079,,,genotype-by-sequencing of three geologically distinct Olympia oyster populations,,/Volumes/web/nightingales/O_lurida/20160223_gbs/1HL_27A_1.fq.gz,http://owl.fish.washington.edu/nightingales/O_lurida/20160223_gbs/1HL_27A_1.fq.gz,http://owl.fish.washington.edu/nightingales/O_lurida/20160223_gbs/20170307_fastqc/1HL_27A_1_fastqc.html,/Volumes/web/nightingales/O_lurida/20160223_gbs/1HL_27A_2.fq.gz,http://owl.fish.washington.edu/nightingales/O_lurida/20160223_gbs/1HL_27A_2.fq.gz,http://owl.fish.washington.edu/nightingales/O_lurida/20160223_gbs/20170307_fastqc/1HL_27A_2_fastqc.html
1HL_28A,,1HL_28A,BGI,https://github.com/RobertsLab/project-olympia.oyster-genomic/wiki/Genotype-by-sequencing-November-2015,O_lurida,20151130,20160218,whole body,DNA,Illumina,,PE100,GBS,SRP099079,,,genotype-by-sequencing of three geologically distinct Olympia oyster populations,,/Volumes/web/nightingales/O_lurida/20160223_gbs/1HL_28A_1.fq.gz,http://owl.fish.washington.edu/nightingales/O_lurida/20160223_gbs/1HL_28A_1.fq.gz,http://owl.fish.washington.edu/nightingales/O_lurida/20160223_gbs/20170307_fastqc/1HL_28A_1_fastqc.html,/Volumes/web/nightingales/O_lurida/20160223_gbs/1HL_28A_2.fq.gz,http://owl.fish.washington.edu/nightingales/O_lurida/20160223_gbs/1HL_28A_2.fq.gz,http://owl.fish.washington.edu/nightingales/O_lurida/20160223_gbs/20170307_fastqc/1HL_28A_2_fastqc.html
1HL_29A,,1HL_29A,BGI,https://github.com/RobertsLab/project-olympia.oyster-genomic/wiki/Genotype-by-sequencing-November-2015,O_lurida,20151130,20160218,whole body,DNA,Illumina,,PE100,GBS,SRP099079,,,genotype-by-sequencing of three geologically distinct Olympia oyster populations,,/Volumes/web/nightingales/O_lurida/20160223_gbs/1HL_29A_1.fq.gz,http://owl.fish.washington.edu/nightingales/O_lurida/20160223_gbs/1HL_29A_1.fq.gz,http://owl.fish.washington.edu/nightingales/O_lurida/20160223_gbs/20170307_fastqc/1HL_29A_1_fastqc.html,/Volumes/web/nightingales/O_lurida/20160223_gbs/1HL_29A_2.fq.gz,http://owl.fish.washington.edu/nightingales/O_lurida/20160223_gbs/1HL_29A_2.fq.gz,http://owl.fish.washington.edu/nightingales/O_lurida/20160223_gbs/20170307_fastqc/1HL_29A_2_fastqc.html
1HL_2A,,1HL_2A,BGI,https://github.com/RobertsLab/project-olympia.oyster-genomic/wiki/Genotype-by-sequencing-November-2015,O_lurida,20151130,20160218,whole body,DNA,Illumina,,PE100,GBS,SRP099079,,,genotype-by-sequencing of three geologically distinct Olympia oyster populations,,/Volumes/web/nightingales/O_lurida/20160223_gbs/1HL_2A_1.fq.gz,http://owl.fish.washington.edu/nightingales/O_lurida/20160223_gbs/1HL_2A_1.fq.gz,http://owl.fish.washington.edu/nightingales/O_lurida/20160223_gbs/20170307_fastqc/1HL_2A_1_fastqc.html,/Volumes/web/nightingales/O_lurida/20160223_gbs/1HL_2A_2.fq.gz,http://owl.fish.washington.edu/nightingales/O_lurida/20160223_gbs/1HL_2A_2.fq.gz,http://owl.fish.washington.edu/nightingales/O_lurida/20160223_gbs/20170307_fastqc/1HL_2A_2_fastqc.html
1HL_31A,,1HL_31A,BGI,https://github.com/RobertsLab/project-olympia.oyster-genomic/wiki/Genotype-by-sequencing-November-2015,O_lurida,20151130,20160218,whole body,DNA,Illumina,,PE100,GBS,SRP099079,,,genotype-by-sequencing of three geologically distinct Olympia oyster populations,,/Volumes/web/nightingales/O_lurida/20160223_gbs/1HL_31A_1.fq.gz,http://owl.fish.washington.edu/nightingales/O_lurida/20160223_gbs/1HL_31A_1.fq.gz,http://owl.fish.washington.edu/nightingales/O_lurida/20160223_gbs/20170307_fastqc/1HL_31A_1_fastqc.html,/Volumes/web/nightingales/O_lurida/20160223_gbs/1HL_31A_2.fq.gz,http://owl.fish.washington.edu/nightingales/O_lurida/20160223_gbs/1HL_31A_2.fq.gz,http://owl.fish.washington.edu/nightingales/O_lurida/20160223_gbs/20170307_fastqc/1HL_31A_2_fastqc.html
1HL_33A,,1HL_33A,BGI,https://github.com/RobertsLab/project-olympia.oyster-genomic/wiki/Genotype-by-sequencing-November-2015,O_lurida,20151130,20160218,whole body,DNA,Illumina,,PE100,GBS,SRP099079,,,genotype-by-sequencing of three geologically distinct Olympia oyster populations,,/Volumes/web/nightingales/O_lurida/20160223_gbs/1HL_33A_1.fq.gz,http://owl.fish.washington.edu/nightingales/O_lurida/20160223_gbs/1HL_33A_1.fq.gz,http://owl.fish.washington.edu/nightingales/O_lurida/20160223_gbs/20170307_fastqc/1HL_33A_1_fastqc.html,/Volumes/web/nightingales/O_lurida/20160223_gbs/1HL_33A_2.fq.gz,http://owl.fish.washington.edu/nightingales/O_lurida/20160223_gbs/1HL_33A_2.fq.gz,http://owl.fish.washington.edu/nightingales/O_lurida/20160223_gbs/20170307_fastqc/1HL_33A_2_fastqc.html
1HL_34A,,1HL_34A,BGI,https://github.com/RobertsLab/project-olympia.oyster-genomic/wiki/Genotype-by-sequencing-November-2015,O_lurida,20151130,20160218,whole body,DNA,Illumina,,PE100,GBS,SRP099079,,,genotype-by-sequencing of three geologically distinct Olympia oyster populations,,/Volumes/web/nightingales/O_lurida/20160223_gbs/1HL_34A_1.fq.gz,http://owl.fish.washington.edu/nightingales/O_lurida/20160223_gbs/1HL_34A_1.fq.gz,http://owl.fish.washington.edu/nightingales/O_lurida/20160223_gbs/20170307_fastqc/1HL_34A_1_fastqc.html,/Volumes/web/nightingales/O_lurida/20160223_gbs/1HL_34A_2.fq.gz,http://owl.fish.washington.edu/nightingales/O_lurida/20160223_gbs/1HL_34A_2.fq.gz,http://owl.fish.washington.edu/nightingales/O_lurida/20160223_gbs/20170307_fastqc/1HL_34A_2_fastqc.html
1HL_35A,,1HL_35A,BGI,https://github.com/RobertsLab/project-olympia.oyster-genomic/wiki/Genotype-by-sequencing-November-2015,O_lurida,20151130,20160218,whole body,DNA,Illumina,,PE100,GBS,SRP099079,,,genotype-by-sequencing of three geologically distinct Olympia oyster populations,,/Volumes/web/nightingales/O_lurida/20160223_gbs/1HL_35A_1.fq.gz,http://owl.fish.washington.edu/nightingales/O_lurida/20160223_gbs/1HL_35A_1.fq.gz,http://owl.fish.washington.edu/nightingales/O_lurida/20160223_gbs/20170307_fastqc/1HL_35A_1_fastqc.html,/Volumes/web/nightingales/O_lurida/20160223_gbs/1HL_35A_2.fq.gz,http://owl.fish.washington.edu/nightingales/O_lurida/20160223_gbs/1HL_35A_2.fq.gz,http://owl.fish.washington.edu/nightingales/O_lurida/20160223_gbs/20170307_fastqc/1HL_35A_2_fastqc.html
1HL_3A,,1HL_3A,BGI,https://github.com/RobertsLab/project-olympia.oyster-genomic/wiki/Genotype-by-sequencing-November-2015,O_lurida,20151130,20160218,whole body,DNA,Illumina,,PE100,GBS,SRP099079,,,genotype-by-sequencing of three geologically distinct Olympia oyster populations,,/Volumes/web/nightingales/O_lurida/20160223_gbs/1HL_3A_1.fq.gz,http://owl.fish.washington.edu/nightingales/O_lurida/20160223_gbs/1HL_3A_1.fq.gz,http://owl.fish.washington.edu/nightingales/O_lurida/20160223_gbs/20170307_fastqc/1HL_3A_1_fastqc.html,/Volumes/web/nightingales/O_lurida/20160223_gbs/1HL_3A_2.fq.gz,http://owl.fish.washington.edu/nightingales/O_lurida/20160223_gbs/1HL_3A_2.fq.gz,http://owl.fish.washington.edu/nightingales/O_lurida/20160223_gbs/20170307_fastqc/1HL_3A_2_fastqc.html
1HL_4A,,1HL_4A,BGI,https://github.com/RobertsLab/project-olympia.oyster-genomic/wiki/Genotype-by-sequencing-November-2015,O_lurida,20151130,20160218,whole body,DNA,Illumina,,PE100,GBS,SRP099079,,,genotype-by-sequencing of three geologically distinct Olympia oyster populations,,/Volumes/web/nightingales/O_lurida/20160223_gbs/1HL_4A_1.fq.gz,http://owl.fish.washington.edu/nightingales/O_lurida/20160223_gbs/1HL_4A_1.fq.gz,http://owl.fish.washington.edu/nightingales/O_lurida/20160223_gbs/20170307_fastqc/1HL_4A_1_fastqc.html,/Volumes/web/nightingales/O_lurida/20160223_gbs/1HL_4A_2.fq.gz,http://owl.fish.washington.edu/nightingales/O_lurida/20160223_gbs/1HL_4A_2.fq.gz,http://owl.fish.washington.edu/nightingales/O_lurida/20160223_gbs/20170307_fastqc/1HL_4A_2_fastqc.html
1HL_5A,,1HL_5A,BGI,https://github.com/RobertsLab/project-olympia.oyster-genomic/wiki/Genotype-by-sequencing-November-2015,O_lurida,20151130,20160218,whole body,DNA,Illumina,,PE100,GBS,SRP099079,,,genotype-by-sequencing of three geologically distinct Olympia oyster populations,,/Volumes/web/nightingales/O_lurida/20160223_gbs/1HL_5A_1.fq.gz,http://owl.fish.washington.edu/nightingales/O_lurida/20160223_gbs/1HL_5A_1.fq.gz,http://owl.fish.washington.edu/nightingales/O_lurida/20160223_gbs/20170307_fastqc/1HL_5A_1_fastqc.html,/Volumes/web/nightingales/O_lurida/20160223_gbs/1HL_5A_2.fq.gz,http://owl.fish.washington.edu/nightingales/O_lurida/20160223_gbs/1HL_5A_2.fq.gz,http://owl.fish.washington.edu/nightingales/O_lurida/20160223_gbs/20170307_fastqc/1HL_5A_2_fastqc.html
1HL_6A,,1HL_6A,BGI,https://github.com/RobertsLab/project-olympia.oyster-genomic/wiki/Genotype-by-sequencing-November-2015,O_lurida,20151130,20160218,whole body,DNA,Illumina,,PE100,GBS,SRP099079,,,genotype-by-sequencing of three geologically distinct Olympia oyster populations,,/Volumes/web/nightingales/O_lurida/20160223_gbs/1HL_6A_1.fq.gz,http://owl.fish.washington.edu/nightingales/O_lurida/20160223_gbs/1HL_6A_1.fq.gz,http://owl.fish.washington.edu/nightingales/O_lurida/20160223_gbs/20170307_fastqc/1HL_6A_1_fastqc.html,/Volumes/web/nightingales/O_lurida/20160223_gbs/1HL_6A_2.fq.gz,http://owl.fish.washington.edu/nightingales/O_lurida/20160223_gbs/1HL_6A_2.fq.gz,http://owl.fish.washington.edu/nightingales/O_lurida/20160223_gbs/20170307_fastqc/1HL_6A_2_fastqc.html
1HL_7A,,1HL_7A,BGI,https://github.com/RobertsLab/project-olympia.oyster-genomic/wiki/Genotype-by-sequencing-November-2015,O_lurida,20151130,20160218,whole body,DNA,Illumina,,PE100,GBS,SRP099079,,,genotype-by-sequencing of three geologically distinct Olympia oyster populations,,/Volumes/web/nightingales/O_lurida/20160223_gbs/1HL_7A_1.fq.gz,http://owl.fish.washington.edu/nightingales/O_lurida/20160223_gbs/1HL_7A_1.fq.gz,http://owl.fish.washington.edu/nightingales/O_lurida/20160223_gbs/20170307_fastqc/1HL_7A_1_fastqc.html,/Volumes/web/nightingales/O_lurida/20160223_gbs/1HL_7A_2.fq.gz,http://owl.fish.washington.edu/nightingales/O_lurida/20160223_gbs/1HL_7A_2.fq.gz,http://owl.fish.washington.edu/nightingales/O_lurida/20160223_gbs/20170307_fastqc/1HL_7A_2_fastqc.html
1HL_8A,,1HL_8A,BGI,https://github.com/RobertsLab/project-olympia.oyster-genomic/wiki/Genotype-by-sequencing-November-2015,O_lurida,20151130,20160218,whole body,DNA,Illumina,,PE100,GBS,SRP099079,,,genotype-by-sequencing of three geologically distinct Olympia oyster populations,,/Volumes/web/nightingales/O_lurida/20160223_gbs/1HL_8A_1.fq.gz,http://owl.fish.washington.edu/nightingales/O_lurida/20160223_gbs/1HL_8A_1.fq.gz,http://owl.fish.washington.edu/nightingales/O_lurida/20160223_gbs/20170307_fastqc/1HL_8A_1_fastqc.html,/Volumes/web/nightingales/O_lurida/20160223_gbs/1HL_8A_2.fq.gz,http://owl.fish.washington.edu/nightingales/O_lurida/20160223_gbs/1HL_8A_2.fq.gz,http://owl.fish.washington.edu/nightingales/O_lurida/20160223_gbs/20170307_fastqc/1HL_8A_2_fastqc.html
1HL_9A,,1HL_9A,BGI,https://github.com/RobertsLab/project-olympia.oyster-genomic/wiki/Genotype-by-sequencing-November-2015,O_lurida,20151130,20160218,whole body,DNA,Illumina,,PE100,GBS,SRP099079,,,genotype-by-sequencing of three geologically distinct Olympia oyster populations,,/Volumes/web/nightingales/O_lurida/20160223_gbs/1HL_9A_1.fq.gz,http://owl.fish.washington.edu/nightingales/O_lurida/20160223_gbs/1HL_9A_1.fq.gz,http://owl.fish.washington.edu/nightingales/O_lurida/20160223_gbs/20170307_fastqc/1HL_9A_1_fastqc.html,/Volumes/web/nightingales/O_lurida/20160223_gbs/1HL_9A_2.fq.gz,http://owl.fish.washington.edu/nightingales/O_lurida/20160223_gbs/1HL_9A_2.fq.gz,http://owl.fish.washington.edu/nightingales/O_lurida/20160223_gbs/20170307_fastqc/1HL_9A_2_fastqc.html
1NF_10A,,1NF_10A,BGI,https://github.com/RobertsLab/project-olympia.oyster-genomic/wiki/Genotype-by-sequencing-November-2015,O_lurida,20151130,20160218,whole body,DNA,Illumina,,PE100,GBS,SRP099079,,,genotype-by-sequencing of three geologically distinct Olympia oyster populations,,/Volumes/web/nightingales/O_lurida/20160223_gbs/1NF_10A_1.fq.gz,http://owl.fish.washington.edu/nightingales/O_lurida/20160223_gbs/1NF_10A_1.fq.gz,http://owl.fish.washington.edu/nightingales/O_lurida/20160223_gbs/20170307_fastqc/1NF_10A_1_fastqc.html,/Volumes/web/nightingales/O_lurida/20160223_gbs/1NF_10A_2.fq.gz,http://owl.fish.washington.edu/nightingales/O_lurida/20160223_gbs/1NF_10A_2.fq.gz,http://owl.fish.washington.edu/nightingales/O_lurida/20160223_gbs/20170307_fastqc/1NF_10A_2_fastqc.html
1NF_11A,,1NF_11A,BGI,https://github.com/RobertsLab/project-olympia.oyster-genomic/wiki/Genotype-by-sequencing-November-2015,O_lurida,20151130,20160218,whole body,DNA,Illumina,,PE100,GBS,SRP099079,,,genotype-by-sequencing of three geologically distinct Olympia oyster populations,,/Volumes/web/nightingales/O_lurida/20160223_gbs/1NF_11A_1.fq.gz,http://owl.fish.washington.edu/nightingales/O_lurida/20160223_gbs/1NF_11A_1.fq.gz,http://owl.fish.washington.edu/nightingales/O_lurida/20160223_gbs/20170307_fastqc/1NF_11A_1_fastqc.html,/Volumes/web/nightingales/O_lurida/20160223_gbs/1NF_11A_2.fq.gz,http://owl.fish.washington.edu/nightingales/O_lurida/20160223_gbs/1NF_11A_2.fq.gz,http://owl.fish.washington.edu/nightingales/O_lurida/20160223_gbs/20170307_fastqc/1NF_11A_2_fastqc.html
1NF_12A,,1NF_12A,BGI,https://github.com/RobertsLab/project-olympia.oyster-genomic/wiki/Genotype-by-sequencing-November-2015,O_lurida,20151130,20160218,whole body,DNA,Illumina,,PE100,GBS,SRP099079,,,genotype-by-sequencing of three geologically distinct Olympia oyster populations,,/Volumes/web/nightingales/O_lurida/20160223_gbs/1NF_12A_1.fq.gz,http://owl.fish.washington.edu/nightingales/O_lurida/20160223_gbs/1NF_12A_1.fq.gz,http://owl.fish.washington.edu/nightingales/O_lurida/20160223_gbs/20170307_fastqc/1NF_12A_1_fastqc.html,/Volumes/web/nightingales/O_lurida/20160223_gbs/1NF_12A_2.fq.gz,http://owl.fish.washington.edu/nightingales/O_lurida/20160223_gbs/1NF_12A_2.fq.gz,http://owl.fish.washington.edu/nightingales/O_lurida/20160223_gbs/20170307_fastqc/1NF_12A_2_fastqc.html
1NF_13A,,1NF_13A,BGI,https://github.com/RobertsLab/project-olympia.oyster-genomic/wiki/Genotype-by-sequencing-November-2015,O_lurida,20151130,20160218,whole body,DNA,Illumina,,PE100,GBS,SRP099079,,,genotype-by-sequencing of three geologically distinct Olympia oyster populations,,/Volumes/web/nightingales/O_lurida/20160223_gbs/1NF_13A_1.fq.gz,http://owl.fish.washington.edu/nightingales/O_lurida/20160223_gbs/1NF_13A_1.fq.gz,http://owl.fish.washington.edu/nightingales/O_lurida/20160223_gbs/20170307_fastqc/1NF_13A_1_fastqc.html,/Volumes/web/nightingales/O_lurida/20160223_gbs/1NF_13A_2.fq.gz,http://owl.fish.washington.edu/nightingales/O_lurida/20160223_gbs/1NF_13A_2.fq.gz,http://owl.fish.washington.edu/nightingales/O_lurida/20160223_gbs/20170307_fastqc/1NF_13A_2_fastqc.html
1NF_14A,,1NF_14A,BGI,https://github.com/RobertsLab/project-olympia.oyster-genomic/wiki/Genotype-by-sequencing-November-2015,O_lurida,20151130,20160218,whole body,DNA,Illumina,,PE100,GBS,SRP099079,,,genotype-by-sequencing of three geologically distinct Olympia oyster populations,,/Volumes/web/nightingales/O_lurida/20160223_gbs/1NF_14A_1.fq.gz,http://owl.fish.washington.edu/nightingales/O_lurida/20160223_gbs/1NF_14A_1.fq.gz,http://owl.fish.washington.edu/nightingales/O_lurida/20160223_gbs/20170307_fastqc/1NF_14A_1_fastqc.html,/Volumes/web/nightingales/O_lurida/20160223_gbs/1NF_14A_2.fq.gz,http://owl.fish.washington.edu/nightingales/O_lurida/20160223_gbs/1NF_14A_2.fq.gz,http://owl.fish.washington.edu/nightingales/O_lurida/20160223_gbs/20170307_fastqc/1NF_14A_2_fastqc.html
1NF_15A,,1NF_15A,BGI,https://github.com/RobertsLab/project-olympia.oyster-genomic/wiki/Genotype-by-sequencing-November-2015,O_lurida,20151130,20160218,whole body,DNA,Illumina,,PE100,GBS,SRP099079,,,genotype-by-sequencing of three geologically distinct Olympia oyster populations,,/Volumes/web/nightingales/O_lurida/20160223_gbs/1NF_15A_1.fq.gz,http://owl.fish.washington.edu/nightingales/O_lurida/20160223_gbs/1NF_15A_1.fq.gz,http://owl.fish.washington.edu/nightingales/O_lurida/20160223_gbs/20170307_fastqc/1NF_15A_1_fastqc.html,/Volumes/web/nightingales/O_lurida/20160223_gbs/1NF_15A_2.fq.gz,http://owl.fish.washington.edu/nightingales/O_lurida/20160223_gbs/1NF_15A_2.fq.gz,http://owl.fish.washington.edu/nightingales/O_lurida/20160223_gbs/20170307_fastqc/1NF_15A_2_fastqc.html
1NF_16A,,1NF_16A,BGI,https://github.com/RobertsLab/project-olympia.oyster-genomic/wiki/Genotype-by-sequencing-November-2015,O_lurida,20151130,20160218,whole body,DNA,Illumina,,PE100,GBS,SRP099079,,,genotype-by-sequencing of three geologically distinct Olympia oyster populations,,/Volumes/web/nightingales/O_lurida/20160223_gbs/1NF_16A_1.fq.gz,http://owl.fish.washington.edu/nightingales/O_lurida/20160223_gbs/1NF_16A_1.fq.gz,http://owl.fish.washington.edu/nightingales/O_lurida/20160223_gbs/20170307_fastqc/1NF_16A_1_fastqc.html,/Volumes/web/nightingales/O_lurida/20160223_gbs/1NF_16A_2.fq.gz,http://owl.fish.washington.edu/nightingales/O_lurida/20160223_gbs/1NF_16A_2.fq.gz,http://owl.fish.washington.edu/nightingales/O_lurida/20160223_gbs/20170307_fastqc/1NF_16A_2_fastqc.html
1NF_17A,,1NF_17A,BGI,https://github.com/RobertsLab/project-olympia.oyster-genomic/wiki/Genotype-by-sequencing-November-2015,O_lurida,20151130,20160218,whole body,DNA,Illumina,,PE100,GBS,SRP099079,,,genotype-by-sequencing of three geologically distinct Olympia oyster populations,,/Volumes/web/nightingales/O_lurida/20160223_gbs/1NF_17A_1.fq.gz,http://owl.fish.washington.edu/nightingales/O_lurida/20160223_gbs/1NF_17A_1.fq.gz,http://owl.fish.washington.edu/nightingales/O_lurida/20160223_gbs/20170307_fastqc/1NF_17A_1_fastqc.html,/Volumes/web/nightingales/O_lurida/20160223_gbs/1NF_17A_2.fq.gz,http://owl.fish.washington.edu/nightingales/O_lurida/20160223_gbs/1NF_17A_2.fq.gz,http://owl.fish.washington.edu/nightingales/O_lurida/20160223_gbs/20170307_fastqc/1NF_17A_2_fastqc.html
1NF_18A,,1NF_18A,BGI,https://github.com/RobertsLab/project-olympia.oyster-genomic/wiki/Genotype-by-sequencing-November-2015,O_lurida,20151130,20160218,whole body,DNA,Illumina,,PE100,GBS,SRP099079,,,genotype-by-sequencing of three geologically distinct Olympia oyster populations,,/Volumes/web/nightingales/O_lurida/20160223_gbs/1NF_18A_1.fq.gz,http://owl.fish.washington.edu/nightingales/O_lurida/20160223_gbs/1NF_18A_1.fq.gz,http://owl.fish.washington.edu/nightingales/O_lurida/20160223_gbs/20170307_fastqc/1NF_18A_1_fastqc.html,/Volumes/web/nightingales/O_lurida/20160223_gbs/1NF_18A_2.fq.gz,http://owl.fish.washington.edu/nightingales/O_lurida/20160223_gbs/1NF_18A_2.fq.gz,http://owl.fish.washington.edu/nightingales/O_lurida/20160223_gbs/20170307_fastqc/1NF_18A_2_fastqc.html
1NF_19A,,1NF_19A,BGI,https://github.com/RobertsLab/project-olympia.oyster-genomic/wiki/Genotype-by-sequencing-November-2015,O_lurida,20151130,20160218,whole body,DNA,Illumina,,PE100,GBS,SRP099079,,,genotype-by-sequencing of three geologically distinct Olympia oyster populations,,/Volumes/web/nightingales/O_lurida/20160223_gbs/1NF_19A_1.fq.gz,http://owl.fish.washington.edu/nightingales/O_lurida/20160223_gbs/1NF_19A_1.fq.gz,http://owl.fish.washington.edu/nightingales/O_lurida/20160223_gbs/20170307_fastqc/1NF_19A_1_fastqc.html,/Volumes/web/nightingales/O_lurida/20160223_gbs/1NF_19A_2.fq.gz,http://owl.fish.washington.edu/nightingales/O_lurida/20160223_gbs/1NF_19A_2.fq.gz,http://owl.fish.washington.edu/nightingales/O_lurida/20160223_gbs/20170307_fastqc/1NF_19A_2_fastqc.html
1NF_1A,,1NF_1A,BGI,https://github.com/RobertsLab/project-olympia.oyster-genomic/wiki/Genotype-by-sequencing-November-2015,O_lurida,20151130,20160218,whole body,DNA,Illumina,,PE100,GBS,SRP099079,,,genotype-by-sequencing of three geologically distinct Olympia oyster populations,,/Volumes/web/nightingales/O_lurida/20160223_gbs/1NF_1A_1.fq.gz,http://owl.fish.washington.edu/nightingales/O_lurida/20160223_gbs/1NF_1A_1.fq.gz,http://owl.fish.washington.edu/nightingales/O_lurida/20160223_gbs/20170307_fastqc/1NF_1A_1_fastqc.html,/Volumes/web/nightingales/O_lurida/20160223_gbs/1NF_1A_2.fq.gz,http://owl.fish.washington.edu/nightingales/O_lurida/20160223_gbs/1NF_1A_2.fq.gz,http://owl.fish.washington.edu/nightingales/O_lurida/20160223_gbs/20170307_fastqc/1NF_1A_2_fastqc.html
1NF_20A,,1NF_20A,BGI,https://github.com/RobertsLab/project-olympia.oyster-genomic/wiki/Genotype-by-sequencing-November-2015,O_lurida,20151130,20160218,whole body,DNA,Illumina,,PE100,GBS,SRP099079,,,genotype-by-sequencing of three geologically distinct Olympia oyster populations,,/Volumes/web/nightingales/O_lurida/20160223_gbs/1NF_20A_1.fq.gz,http://owl.fish.washington.edu/nightingales/O_lurida/20160223_gbs/1NF_20A_1.fq.gz,http://owl.fish.washington.edu/nightingales/O_lurida/20160223_gbs/20170307_fastqc/1NF_20A_1_fastqc.html,/Volumes/web/nightingales/O_lurida/20160223_gbs/1NF_20A_2.fq.gz,http://owl.fish.washington.edu/nightingales/O_lurida/20160223_gbs/1NF_20A_2.fq.gz,http://owl.fish.washington.edu/nightingales/O_lurida/20160223_gbs/20170307_fastqc/1NF_20A_2_fastqc.html
1NF_21A,,1NF_21A,BGI,https://github.com/RobertsLab/project-olympia.oyster-genomic/wiki/Genotype-by-sequencing-November-2015,O_lurida,20151130,20160218,whole body,DNA,Illumina,,PE100,GBS,SRP099079,,,genotype-by-sequencing of three geologically distinct Olympia oyster populations,,/Volumes/web/nightingales/O_lurida/20160223_gbs/1NF_21A_1.fq.gz,http://owl.fish.washington.edu/nightingales/O_lurida/20160223_gbs/1NF_21A_1.fq.gz,http://owl.fish.washington.edu/nightingales/O_lurida/20160223_gbs/20170307_fastqc/1NF_21A_1_fastqc.html,/Volumes/web/nightingales/O_lurida/20160223_gbs/1NF_21A_2.fq.gz,http://owl.fish.washington.edu/nightingales/O_lurida/20160223_gbs/1NF_21A_2.fq.gz,http://owl.fish.washington.edu/nightingales/O_lurida/20160223_gbs/20170307_fastqc/1NF_21A_2_fastqc.html
1NF_22A,,1NF_22A,BGI,https://github.com/RobertsLab/project-olympia.oyster-genomic/wiki/Genotype-by-sequencing-November-2015,O_lurida,20151130,20160218,whole body,DNA,Illumina,,PE100,GBS,SRP099079,,,genotype-by-sequencing of three geologically distinct Olympia oyster populations,,/Volumes/web/nightingales/O_lurida/20160223_gbs/1NF_22A_1.fq.gz,http://owl.fish.washington.edu/nightingales/O_lurida/20160223_gbs/1NF_22A_1.fq.gz,http://owl.fish.washington.edu/nightingales/O_lurida/20160223_gbs/20170307_fastqc/1NF_22A_1_fastqc.html,/Volumes/web/nightingales/O_lurida/20160223_gbs/1NF_22A_2.fq.gz,http://owl.fish.washington.edu/nightingales/O_lurida/20160223_gbs/1NF_22A_2.fq.gz,http://owl.fish.washington.edu/nightingales/O_lurida/20160223_gbs/20170307_fastqc/1NF_22A_2_fastqc.html
1NF_23A,,1NF_23A,BGI,https://github.com/RobertsLab/project-olympia.oyster-genomic/wiki/Genotype-by-sequencing-November-2015,O_lurida,20151130,20160218,whole body,DNA,Illumina,,PE100,GBS,SRP099079,,,genotype-by-sequencing of three geologically distinct Olympia oyster populations,,/Volumes/web/nightingales/O_lurida/20160223_gbs/1NF_23A_1.fq.gz,http://owl.fish.washington.edu/nightingales/O_lurida/20160223_gbs/1NF_23A_1.fq.gz,http://owl.fish.washington.edu/nightingales/O_lurida/20160223_gbs/20170307_fastqc/1NF_23A_1_fastqc.html,/Volumes/web/nightingales/O_lurida/20160223_gbs/1NF_23A_2.fq.gz,http://owl.fish.washington.edu/nightingales/O_lurida/20160223_gbs/1NF_23A_2.fq.gz,http://owl.fish.washington.edu/nightingales/O_lurida/20160223_gbs/20170307_fastqc/1NF_23A_2_fastqc.html
1NF_24A,,1NF_24A,BGI,https://github.com/RobertsLab/project-olympia.oyster-genomic/wiki/Genotype-by-sequencing-November-2015,O_lurida,20151130,20160218,whole body,DNA,Illumina,,PE100,GBS,SRP099079,,,genotype-by-sequencing of three geologically distinct Olympia oyster populations,,/Volumes/web/nightingales/O_lurida/20160223_gbs/1NF_24A_1.fq.gz,http://owl.fish.washington.edu/nightingales/O_lurida/20160223_gbs/1NF_24A_1.fq.gz,http://owl.fish.washington.edu/nightingales/O_lurida/20160223_gbs/20170307_fastqc/1NF_24A_1_fastqc.html,/Volumes/web/nightingales/O_lurida/20160223_gbs/1NF_24A_2.fq.gz,http://owl.fish.washington.edu/nightingales/O_lurida/20160223_gbs/1NF_24A_2.fq.gz,http://owl.fish.washington.edu/nightingales/O_lurida/20160223_gbs/20170307_fastqc/1NF_24A_2_fastqc.html
1NF_25A,,1NF_25A,BGI,https://github.com/RobertsLab/project-olympia.oyster-genomic/wiki/Genotype-by-sequencing-November-2015,O_lurida,20151130,20160218,whole body,DNA,Illumina,,PE100,GBS,SRP099079,,,genotype-by-sequencing of three geologically distinct Olympia oyster populations,,/Volumes/web/nightingales/O_lurida/20160223_gbs/1NF_25A_1.fq.gz,http://owl.fish.washington.edu/nightingales/O_lurida/20160223_gbs/1NF_25A_1.fq.gz,http://owl.fish.washington.edu/nightingales/O_lurida/20160223_gbs/20170307_fastqc/1NF_25A_1_fastqc.html,/Volumes/web/nightingales/O_lurida/20160223_gbs/1NF_25A_2.fq.gz,http://owl.fish.washington.edu/nightingales/O_lurida/20160223_gbs/1NF_25A_2.fq.gz,http://owl.fish.washington.edu/nightingales/O_lurida/20160223_gbs/20170307_fastqc/1NF_25A_2_fastqc.html
1NF_26A,,1NF_26A,BGI,https://github.com/RobertsLab/project-olympia.oyster-genomic/wiki/Genotype-by-sequencing-November-2015,O_lurida,20151130,20160218,whole body,DNA,Illumina,,PE100,GBS,SRP099079,,,genotype-by-sequencing of three geologically distinct Olympia oyster populations,,/Volumes/web/nightingales/O_lurida/20160223_gbs/1NF_26A_1.fq.gz,http://owl.fish.washington.edu/nightingales/O_lurida/20160223_gbs/1NF_26A_1.fq.gz,http://owl.fish.washington.edu/nightingales/O_lurida/20160223_gbs/20170307_fastqc/1NF_26A_1_fastqc.html,/Volumes/web/nightingales/O_lurida/20160223_gbs/1NF_26A_2.fq.gz,http://owl.fish.washington.edu/nightingales/O_lurida/20160223_gbs/1NF_26A_2.fq.gz,http://owl.fish.washington.edu/nightingales/O_lurida/20160223_gbs/20170307_fastqc/1NF_26A_2_fastqc.html
1NF_27A,,1NF_27A,BGI,https://github.com/RobertsLab/project-olympia.oyster-genomic/wiki/Genotype-by-sequencing-November-2015,O_lurida,20151130,20160218,whole body,DNA,Illumina,,PE100,GBS,SRP099079,,,genotype-by-sequencing of three geologically distinct Olympia oyster populations,,/Volumes/web/nightingales/O_lurida/20160223_gbs/1NF_27A_1.fq.gz,http://owl.fish.washington.edu/nightingales/O_lurida/20160223_gbs/1NF_27A_1.fq.gz,http://owl.fish.washington.edu/nightingales/O_lurida/20160223_gbs/20170307_fastqc/1NF_27A_1_fastqc.html,/Volumes/web/nightingales/O_lurida/20160223_gbs/1NF_27A_2.fq.gz,http://owl.fish.washington.edu/nightingales/O_lurida/20160223_gbs/1NF_27A_2.fq.gz,http://owl.fish.washington.edu/nightingales/O_lurida/20160223_gbs/20170307_fastqc/1NF_27A_2_fastqc.html
1NF_28A,,1NF_28A,BGI,https://github.com/RobertsLab/project-olympia.oyster-genomic/wiki/Genotype-by-sequencing-November-2015,O_lurida,20151130,20160218,whole body,DNA,Illumina,,PE100,GBS,SRP099079,,,genotype-by-sequencing of three geologically distinct Olympia oyster populations,,/Volumes/web/nightingales/O_lurida/20160223_gbs/1NF_28A_1.fq.gz,http://owl.fish.washington.edu/nightingales/O_lurida/20160223_gbs/1NF_28A_1.fq.gz,http://owl.fish.washington.edu/nightingales/O_lurida/20160223_gbs/20170307_fastqc/1NF_28A_1_fastqc.html,/Volumes/web/nightingales/O_lurida/20160223_gbs/1NF_28A_2.fq.gz,http://owl.fish.washington.edu/nightingales/O_lurida/20160223_gbs/1NF_28A_2.fq.gz,http://owl.fish.washington.edu/nightingales/O_lurida/20160223_gbs/20170307_fastqc/1NF_28A_2_fastqc.html
1NF_29A,,1NF_29A,BGI,https://github.com/RobertsLab/project-olympia.oyster-genomic/wiki/Genotype-by-sequencing-November-2015,O_lurida,20151130,20160218,whole body,DNA,Illumina,,PE100,GBS,SRP099079,,,genotype-by-sequencing of three geologically distinct Olympia oyster populations,,/Volumes/web/nightingales/O_lurida/20160223_gbs/1NF_29A_1.fq.gz,http://owl.fish.washington.edu/nightingales/O_lurida/20160223_gbs/1NF_29A_1.fq.gz,http://owl.fish.washington.edu/nightingales/O_lurida/20160223_gbs/20170307_fastqc/1NF_29A_1_fastqc.html,/Volumes/web/nightingales/O_lurida/20160223_gbs/1NF_29A_2.fq.gz,http://owl.fish.washington.edu/nightingales/O_lurida/20160223_gbs/1NF_29A_2.fq.gz,http://owl.fish.washington.edu/nightingales/O_lurida/20160223_gbs/20170307_fastqc/1NF_29A_2_fastqc.html
1NF_2A,,1NF_2A,BGI,https://github.com/RobertsLab/project-olympia.oyster-genomic/wiki/Genotype-by-sequencing-November-2015,O_lurida,20151130,20160218,whole body,DNA,Illumina,,PE100,GBS,SRP099079,,,genotype-by-sequencing of three geologically distinct Olympia oyster populations,,/Volumes/web/nightingales/O_lurida/20160223_gbs/1NF_2A_1.fq.gz,http://owl.fish.washington.edu/nightingales/O_lurida/20160223_gbs/1NF_2A_1.fq.gz,http://owl.fish.washington.edu/nightingales/O_lurida/20160223_gbs/20170307_fastqc/1NF_2A_1_fastqc.html,/Volumes/web/nightingales/O_lurida/20160223_gbs/1NF_2A_2.fq.gz,http://owl.fish.washington.edu/nightingales/O_lurida/20160223_gbs/1NF_2A_2.fq.gz,http://owl.fish.washington.edu/nightingales/O_lurida/20160223_gbs/20170307_fastqc/1NF_2A_2_fastqc.html
1NF_30A,,1NF_30A,BGI,https://github.com/RobertsLab/project-olympia.oyster-genomic/wiki/Genotype-by-sequencing-November-2015,O_lurida,20151130,20160218,whole body,DNA,Illumina,,PE100,GBS,SRP099079,,,genotype-by-sequencing of three geologically distinct Olympia oyster populations,,/Volumes/web/nightingales/O_lurida/20160223_gbs/1NF_30A_1.fq.gz,http://owl.fish.washington.edu/nightingales/O_lurida/20160223_gbs/1NF_30A_1.fq.gz,http://owl.fish.washington.edu/nightingales/O_lurida/20160223_gbs/20170307_fastqc/1NF_30A_1_fastqc.html,/Volumes/web/nightingales/O_lurida/20160223_gbs/1NF_30A_2.fq.gz,http://owl.fish.washington.edu/nightingales/O_lurida/20160223_gbs/1NF_30A_2.fq.gz,http://owl.fish.washington.edu/nightingales/O_lurida/20160223_gbs/20170307_fastqc/1NF_30A_2_fastqc.html
1NF_31A,,1NF_31A,BGI,https://github.com/RobertsLab/project-olympia.oyster-genomic/wiki/Genotype-by-sequencing-November-2015,O_lurida,20151130,20160218,whole body,DNA,Illumina,,PE100,GBS,SRP099079,,,genotype-by-sequencing of three geologically distinct Olympia oyster populations,,/Volumes/web/nightingales/O_lurida/20160223_gbs/1NF_31A_1.fq.gz,http://owl.fish.washington.edu/nightingales/O_lurida/20160223_gbs/1NF_31A_1.fq.gz,http://owl.fish.washington.edu/nightingales/O_lurida/20160223_gbs/20170307_fastqc/1NF_31A_1_fastqc.html,/Volumes/web/nightingales/O_lurida/20160223_gbs/1NF_31A_2.fq.gz,http://owl.fish.washington.edu/nightingales/O_lurida/20160223_gbs/1NF_31A_2.fq.gz,http://owl.fish.washington.edu/nightingales/O_lurida/20160223_gbs/20170307_fastqc/1NF_31A_2_fastqc.html
1NF_32A,,1NF_32A,BGI,https://github.com/RobertsLab/project-olympia.oyster-genomic/wiki/Genotype-by-sequencing-November-2015,O_lurida,20151130,20160218,whole body,DNA,Illumina,,PE100,GBS,SRP099079,,,genotype-by-sequencing of three geologically distinct Olympia oyster populations,,/Volumes/web/nightingales/O_lurida/20160223_gbs/1NF_32A_1.fq.gz,http://owl.fish.washington.edu/nightingales/O_lurida/20160223_gbs/1NF_32A_1.fq.gz,http://owl.fish.washington.edu/nightingales/O_lurida/20160223_gbs/20170307_fastqc/1NF_32A_1_fastqc.html,/Volumes/web/nightingales/O_lurida/20160223_gbs/1NF_32A_2.fq.gz,http://owl.fish.washington.edu/nightingales/O_lurida/20160223_gbs/1NF_32A_2.fq.gz,http://owl.fish.washington.edu/nightingales/O_lurida/20160223_gbs/20170307_fastqc/1NF_32A_2_fastqc.html
1NF_33A,,1NF_33A,BGI,https://github.com/RobertsLab/project-olympia.oyster-genomic/wiki/Genotype-by-sequencing-November-2015,O_lurida,20151130,20160218,whole body,DNA,Illumina,,PE100,GBS,SRP099079,,,genotype-by-sequencing of three geologically distinct Olympia oyster populations,,/Volumes/web/nightingales/O_lurida/20160223_gbs/1NF_33A_1.fq.gz,http://owl.fish.washington.edu/nightingales/O_lurida/20160223_gbs/1NF_33A_1.fq.gz,http://owl.fish.washington.edu/nightingales/O_lurida/20160223_gbs/20170307_fastqc/1NF_33A_1_fastqc.html,/Volumes/web/nightingales/O_lurida/20160223_gbs/1NF_33A_2.fq.gz,http://owl.fish.washington.edu/nightingales/O_lurida/20160223_gbs/1NF_33A_2.fq.gz,http://owl.fish.washington.edu/nightingales/O_lurida/20160223_gbs/20170307_fastqc/1NF_33A_2_fastqc.html
1NF_4A,,1NF_4A,BGI,https://github.com/RobertsLab/project-olympia.oyster-genomic/wiki/Genotype-by-sequencing-November-2015,O_lurida,20151130,20160218,whole body,DNA,Illumina,,PE100,GBS,SRP099079,,,genotype-by-sequencing of three geologically distinct Olympia oyster populations,,/Volumes/web/nightingales/O_lurida/20160223_gbs/1NF_4A_1.fq.gz,http://owl.fish.washington.edu/nightingales/O_lurida/20160223_gbs/1NF_4A_1.fq.gz,http://owl.fish.washington.edu/nightingales/O_lurida/20160223_gbs/20170307_fastqc/1NF_4A_1_fastqc.html,/Volumes/web/nightingales/O_lurida/20160223_gbs/1NF_4A_2.fq.gz,http://owl.fish.washington.edu/nightingales/O_lurida/20160223_gbs/1NF_4A_2.fq.gz,http://owl.fish.washington.edu/nightingales/O_lurida/20160223_gbs/20170307_fastqc/1NF_4A_2_fastqc.html
1NF_5A,,1NF_5A,BGI,https://github.com/RobertsLab/project-olympia.oyster-genomic/wiki/Genotype-by-sequencing-November-2015,O_lurida,20151130,20160218,whole body,DNA,Illumina,,PE100,GBS,SRP099079,,,genotype-by-sequencing of three geologically distinct Olympia oyster populations,,/Volumes/web/nightingales/O_lurida/20160223_gbs/1NF_5A_1.fq.gz,http://owl.fish.washington.edu/nightingales/O_lurida/20160223_gbs/1NF_5A_1.fq.gz,http://owl.fish.washington.edu/nightingales/O_lurida/20160223_gbs/20170307_fastqc/1NF_5A_1_fastqc.html,/Volumes/web/nightingales/O_lurida/20160223_gbs/1NF_5A_2.fq.gz,http://owl.fish.washington.edu/nightingales/O_lurida/20160223_gbs/1NF_5A_2.fq.gz,http://owl.fish.washington.edu/nightingales/O_lurida/20160223_gbs/20170307_fastqc/1NF_5A_2_fastqc.html
1NF_6A,,1NF_6A,BGI,https://github.com/RobertsLab/project-olympia.oyster-genomic/wiki/Genotype-by-sequencing-November-2015,O_lurida,20151130,20160218,whole body,DNA,Illumina,,PE100,GBS,SRP099079,,,genotype-by-sequencing of three geologically distinct Olympia oyster populations,,/Volumes/web/nightingales/O_lurida/20160223_gbs/1NF_6A_1.fq.gz,http://owl.fish.washington.edu/nightingales/O_lurida/20160223_gbs/1NF_6A_1.fq.gz,http://owl.fish.washington.edu/nightingales/O_lurida/20160223_gbs/20170307_fastqc/1NF_6A_1_fastqc.html,/Volumes/web/nightingales/O_lurida/20160223_gbs/1NF_6A_2.fq.gz,http://owl.fish.washington.edu/nightingales/O_lurida/20160223_gbs/1NF_6A_2.fq.gz,http://owl.fish.washington.edu/nightingales/O_lurida/20160223_gbs/20170307_fastqc/1NF_6A_2_fastqc.html
1NF_7A,,1NF_7A,BGI,https://github.com/RobertsLab/project-olympia.oyster-genomic/wiki/Genotype-by-sequencing-November-2015,O_lurida,20151130,20160218,whole body,DNA,Illumina,,PE100,GBS,SRP099079,,,genotype-by-sequencing of three geologically distinct Olympia oyster populations,,/Volumes/web/nightingales/O_lurida/20160223_gbs/1NF_7A_1.fq.gz,http://owl.fish.washington.edu/nightingales/O_lurida/20160223_gbs/1NF_7A_1.fq.gz,http://owl.fish.washington.edu/nightingales/O_lurida/20160223_gbs/20170307_fastqc/1NF_7A_1_fastqc.html,/Volumes/web/nightingales/O_lurida/20160223_gbs/1NF_7A_2.fq.gz,http://owl.fish.washington.edu/nightingales/O_lurida/20160223_gbs/1NF_7A_2.fq.gz,http://owl.fish.washington.edu/nightingales/O_lurida/20160223_gbs/20170307_fastqc/1NF_7A_2_fastqc.html
1NF_8A,,1NF_8A,BGI,https://github.com/RobertsLab/project-olympia.oyster-genomic/wiki/Genotype-by-sequencing-November-2015,O_lurida,20151130,20160218,whole body,DNA,Illumina,,PE100,GBS,SRP099079,,,genotype-by-sequencing of three geologically distinct Olympia oyster populations,,/Volumes/web/nightingales/O_lurida/20160223_gbs/1NF_8A_1.fq.gz,http://owl.fish.washington.edu/nightingales/O_lurida/20160223_gbs/1NF_8A_1.fq.gz,http://owl.fish.washington.edu/nightingales/O_lurida/20160223_gbs/20170307_fastqc/1NF_8A_1_fastqc.html,/Volumes/web/nightingales/O_lurida/20160223_gbs/1NF_8A_2.fq.gz,http://owl.fish.washington.edu/nightingales/O_lurida/20160223_gbs/1NF_8A_2.fq.gz,http://owl.fish.washington.edu/nightingales/O_lurida/20160223_gbs/20170307_fastqc/1NF_8A_2_fastqc.html
1NF_9A,,1NF_9A,BGI,https://github.com/RobertsLab/project-olympia.oyster-genomic/wiki/Genotype-by-sequencing-November-2015,O_lurida,20151130,20160218,whole body,DNA,Illumina,,PE100,GBS,SRP099079,,,genotype-by-sequencing of three geologically distinct Olympia oyster populations,,/Volumes/web/nightingales/O_lurida/20160223_gbs/1NF_9A_1.fq.gz,http://owl.fish.washington.edu/nightingales/O_lurida/20160223_gbs/1NF_9A_1.fq.gz,http://owl.fish.washington.edu/nightingales/O_lurida/20160223_gbs/20170307_fastqc/1NF_9A_1_fastqc.html,/Volumes/web/nightingales/O_lurida/20160223_gbs/1NF_9A_2.fq.gz,http://owl.fish.washington.edu/nightingales/O_lurida/20160223_gbs/1NF_9A_2.fq.gz,http://owl.fish.washington.edu/nightingales/O_lurida/20160223_gbs/20170307_fastqc/1NF_9A_2_fastqc.html
1SN_10A,,1SN_10A,BGI,https://github.com/RobertsLab/project-olympia.oyster-genomic/wiki/Genotype-by-sequencing-November-2015,O_lurida,20151130,20160218,whole body,DNA,Illumina,,PE100,GBS,SRP099079,,,genotype-by-sequencing of three geologically distinct Olympia oyster populations,,/Volumes/web/nightingales/O_lurida/20160223_gbs/1SN_10A_1.fq.gz,http://owl.fish.washington.edu/nightingales/O_lurida/20160223_gbs/1SN_10A_1.fq.gz,http://owl.fish.washington.edu/nightingales/O_lurida/20160223_gbs/20170307_fastqc/1SN_10A_1_fastqc.html,/Volumes/web/nightingales/O_lurida/20160223_gbs/1SN_10A_2.fq.gz,http://owl.fish.washington.edu/nightingales/O_lurida/20160223_gbs/1SN_10A_2.fq.gz,http://owl.fish.washington.edu/nightingales/O_lurida/20160223_gbs/20170307_fastqc/1SN_10A_2_fastqc.html
1SN_11A,,1SN_11A,BGI,https://github.com/RobertsLab/project-olympia.oyster-genomic/wiki/Genotype-by-sequencing-November-2015,O_lurida,20151130,20160218,whole body,DNA,Illumina,,PE100,GBS,SRP099079,,,genotype-by-sequencing of three geologically distinct Olympia oyster populations,,/Volumes/web/nightingales/O_lurida/20160223_gbs/1SN_11A_1.fq.gz,http://owl.fish.washington.edu/nightingales/O_lurida/20160223_gbs/1SN_11A_1.fq.gz,http://owl.fish.washington.edu/nightingales/O_lurida/20160223_gbs/20170307_fastqc/1SN_11A_1_fastqc.html,/Volumes/web/nightingales/O_lurida/20160223_gbs/1SN_11A_2.fq.gz,http://owl.fish.washington.edu/nightingales/O_lurida/20160223_gbs/1SN_11A_2.fq.gz,http://owl.fish.washington.edu/nightingales/O_lurida/20160223_gbs/20170307_fastqc/1SN_11A_2_fastqc.html
1SN_12A,,1SN_12A,BGI,https://github.com/RobertsLab/project-olympia.oyster-genomic/wiki/Genotype-by-sequencing-November-2015,O_lurida,20151130,20160218,whole body,DNA,Illumina,,PE100,GBS,SRP099079,,,genotype-by-sequencing of three geologically distinct Olympia oyster populations,,/Volumes/web/nightingales/O_lurida/20160223_gbs/1SN_12A_1.fq.gz,http://owl.fish.washington.edu/nightingales/O_lurida/20160223_gbs/1SN_12A_1.fq.gz,http://owl.fish.washington.edu/nightingales/O_lurida/20160223_gbs/20170307_fastqc/1SN_12A_1_fastqc.html,/Volumes/web/nightingales/O_lurida/20160223_gbs/1SN_12A_2.fq.gz,http://owl.fish.washington.edu/nightingales/O_lurida/20160223_gbs/1SN_12A_2.fq.gz,http://owl.fish.washington.edu/nightingales/O_lurida/20160223_gbs/20170307_fastqc/1SN_12A_2_fastqc.html
1SN_13A,,1SN_13A,BGI,https://github.com/RobertsLab/project-olympia.oyster-genomic/wiki/Genotype-by-sequencing-November-2015,O_lurida,20151130,20160218,whole body,DNA,Illumina,,PE100,GBS,SRP099079,,,genotype-by-sequencing of three geologically distinct Olympia oyster populations,,/Volumes/web/nightingales/O_lurida/20160223_gbs/1SN_13A_1.fq.gz,http://owl.fish.washington.edu/nightingales/O_lurida/20160223_gbs/1SN_13A_1.fq.gz,http://owl.fish.washington.edu/nightingales/O_lurida/20160223_gbs/20170307_fastqc/1SN_13A_1_fastqc.html,/Volumes/web/nightingales/O_lurida/20160223_gbs/1SN_13A_2.fq.gz,http://owl.fish.washington.edu/nightingales/O_lurida/20160223_gbs/1SN_13A_2.fq.gz,http://owl.fish.washington.edu/nightingales/O_lurida/20160223_gbs/20170307_fastqc/1SN_13A_2_fastqc.html
1SN_14A,,1SN_14A,BGI,https://github.com/RobertsLab/project-olympia.oyster-genomic/wiki/Genotype-by-sequencing-November-2015,O_lurida,20151130,20160218,whole body,DNA,Illumina,,PE100,GBS,SRP099079,,,genotype-by-sequencing of three geologically distinct Olympia oyster populations,,/Volumes/web/nightingales/O_lurida/20160223_gbs/1SN_14A_1.fq.gz,http://owl.fish.washington.edu/nightingales/O_lurida/20160223_gbs/1SN_14A_1.fq.gz,http://owl.fish.washington.edu/nightingales/O_lurida/20160223_gbs/20170307_fastqc/1SN_14A_1_fastqc.html,/Volumes/web/nightingales/O_lurida/20160223_gbs/1SN_14A_2.fq.gz,http://owl.fish.washington.edu/nightingales/O_lurida/20160223_gbs/1SN_14A_2.fq.gz,http://owl.fish.washington.edu/nightingales/O_lurida/20160223_gbs/20170307_fastqc/1SN_14A_2_fastqc.html
1SN_15A,,1SN_15A,BGI,https://github.com/RobertsLab/project-olympia.oyster-genomic/wiki/Genotype-by-sequencing-November-2015,O_lurida,20151130,20160218,whole body,DNA,Illumina,,PE100,GBS,SRP099079,,,genotype-by-sequencing of three geologically distinct Olympia oyster populations,,/Volumes/web/nightingales/O_lurida/20160223_gbs/1SN_15A_1.fq.gz,http://owl.fish.washington.edu/nightingales/O_lurida/20160223_gbs/1SN_15A_1.fq.gz,http://owl.fish.washington.edu/nightingales/O_lurida/20160223_gbs/20170307_fastqc/1SN_15A_1_fastqc.html,/Volumes/web/nightingales/O_lurida/20160223_gbs/1SN_15A_2.fq.gz,http://owl.fish.washington.edu/nightingales/O_lurida/20160223_gbs/1SN_15A_2.fq.gz,http://owl.fish.washington.edu/nightingales/O_lurida/20160223_gbs/20170307_fastqc/1SN_15A_2_fastqc.html
1SN_16A,,1SN_16A,BGI,https://github.com/RobertsLab/project-olympia.oyster-genomic/wiki/Genotype-by-sequencing-November-2015,O_lurida,20151130,20160218,whole body,DNA,Illumina,,PE100,GBS,SRP099079,,,genotype-by-sequencing of three geologically distinct Olympia oyster populations,,/Volumes/web/nightingales/O_lurida/20160223_gbs/1SN_16A_1.fq.gz,http://owl.fish.washington.edu/nightingales/O_lurida/20160223_gbs/1SN_16A_1.fq.gz,http://owl.fish.washington.edu/nightingales/O_lurida/20160223_gbs/20170307_fastqc/1SN_16A_1_fastqc.html,/Volumes/web/nightingales/O_lurida/20160223_gbs/1SN_16A_2.fq.gz,http://owl.fish.washington.edu/nightingales/O_lurida/20160223_gbs/1SN_16A_2.fq.gz,http://owl.fish.washington.edu/nightingales/O_lurida/20160223_gbs/20170307_fastqc/1SN_16A_2_fastqc.html
1SN_17A,,1SN_17A,BGI,https://github.com/RobertsLab/project-olympia.oyster-genomic/wiki/Genotype-by-sequencing-November-2015,O_lurida,20151130,20160218,whole body,DNA,Illumina,,PE100,GBS,SRP099079,,,genotype-by-sequencing of three geologically distinct Olympia oyster populations,,/Volumes/web/nightingales/O_lurida/20160223_gbs/1SN_17A_1.fq.gz,http://owl.fish.washington.edu/nightingales/O_lurida/20160223_gbs/1SN_17A_1.fq.gz,http://owl.fish.washington.edu/nightingales/O_lurida/20160223_gbs/20170307_fastqc/1SN_17A_1_fastqc.html,/Volumes/web/nightingales/O_lurida/20160223_gbs/1SN_17A_2.fq.gz,http://owl.fish.washington.edu/nightingales/O_lurida/20160223_gbs/1SN_17A_2.fq.gz,http://owl.fish.washington.edu/nightingales/O_lurida/20160223_gbs/20170307_fastqc/1SN_17A_2_fastqc.html
1SN_18A,,1SN_18A,BGI,https://github.com/RobertsLab/project-olympia.oyster-genomic/wiki/Genotype-by-sequencing-November-2015,O_lurida,20151130,20160218,whole body,DNA,Illumina,,PE100,GBS,SRP099079,,,genotype-by-sequencing of three geologically distinct Olympia oyster populations,,/Volumes/web/nightingales/O_lurida/20160223_gbs/1SN_18A_1.fq.gz,http://owl.fish.washington.edu/nightingales/O_lurida/20160223_gbs/1SN_18A_1.fq.gz,http://owl.fish.washington.edu/nightingales/O_lurida/20160223_gbs/20170307_fastqc/1SN_18A_1_fastqc.html,/Volumes/web/nightingales/O_lurida/20160223_gbs/1SN_18A_2.fq.gz,http://owl.fish.washington.edu/nightingales/O_lurida/20160223_gbs/1SN_18A_2.fq.gz,http://owl.fish.washington.edu/nightingales/O_lurida/20160223_gbs/20170307_fastqc/1SN_18A_2_fastqc.html
1SN_19A,,1SN_19A,BGI,https://github.com/RobertsLab/project-olympia.oyster-genomic/wiki/Genotype-by-sequencing-November-2015,O_lurida,20151130,20160218,whole body,DNA,Illumina,,PE100,GBS,SRP099079,,,genotype-by-sequencing of three geologically distinct Olympia oyster populations,,/Volumes/web/nightingales/O_lurida/20160223_gbs/1SN_19A_1.fq.gz,http://owl.fish.washington.edu/nightingales/O_lurida/20160223_gbs/1SN_19A_1.fq.gz,http://owl.fish.washington.edu/nightingales/O_lurida/20160223_gbs/20170307_fastqc/1SN_19A_1_fastqc.html,/Volumes/web/nightingales/O_lurida/20160223_gbs/1SN_19A_2.fq.gz,http://owl.fish.washington.edu/nightingales/O_lurida/20160223_gbs/1SN_19A_2.fq.gz,http://owl.fish.washington.edu/nightingales/O_lurida/20160223_gbs/20170307_fastqc/1SN_19A_2_fastqc.html
1SN_1A,,1SN_1A,BGI,https://github.com/RobertsLab/project-olympia.oyster-genomic/wiki/Genotype-by-sequencing-November-2015,O_lurida,20151130,20160218,whole body,DNA,Illumina,,PE100,GBS,SRP099079,,,genotype-by-sequencing of three geologically distinct Olympia oyster populations,,/Volumes/web/nightingales/O_lurida/20160223_gbs/1SN_1A_1.fq.gz,http://owl.fish.washington.edu/nightingales/O_lurida/20160223_gbs/1SN_1A_1.fq.gz,http://owl.fish.washington.edu/nightingales/O_lurida/20160223_gbs/20170307_fastqc/1SN_1A_1_fastqc.html,/Volumes/web/nightingales/O_lurida/20160223_gbs/1SN_1A_2.fq.gz,http://owl.fish.washington.edu/nightingales/O_lurida/20160223_gbs/1SN_1A_2.fq.gz,http://owl.fish.washington.edu/nightingales/O_lurida/20160223_gbs/20170307_fastqc/1SN_1A_2_fastqc.html
1SN_20A,,1SN_20A,BGI,https://github.com/RobertsLab/project-olympia.oyster-genomic/wiki/Genotype-by-sequencing-November-2015,O_lurida,20151130,20160218,whole body,DNA,Illumina,,PE100,GBS,SRP099079,,,genotype-by-sequencing of three geologically distinct Olympia oyster populations,,/Volumes/web/nightingales/O_lurida/20160223_gbs/1SN_20A_1.fq.gz,http://owl.fish.washington.edu/nightingales/O_lurida/20160223_gbs/1SN_20A_1.fq.gz,http://owl.fish.washington.edu/nightingales/O_lurida/20160223_gbs/20170307_fastqc/1SN_20A_1_fastqc.html,/Volumes/web/nightingales/O_lurida/20160223_gbs/1SN_20A_2.fq.gz,http://owl.fish.washington.edu/nightingales/O_lurida/20160223_gbs/1SN_20A_2.fq.gz,http://owl.fish.washington.edu/nightingales/O_lurida/20160223_gbs/20170307_fastqc/1SN_20A_2_fastqc.html
1SN_21A,,1SN_21A,BGI,https://github.com/RobertsLab/project-olympia.oyster-genomic/wiki/Genotype-by-sequencing-November-2015,O_lurida,20151130,20160218,whole body,DNA,Illumina,,PE100,GBS,SRP099079,,,genotype-by-sequencing of three geologically distinct Olympia oyster populations,,/Volumes/web/nightingales/O_lurida/20160223_gbs/1SN_21A_1.fq.gz,http://owl.fish.washington.edu/nightingales/O_lurida/20160223_gbs/1SN_21A_1.fq.gz,http://owl.fish.washington.edu/nightingales/O_lurida/20160223_gbs/20170307_fastqc/1SN_21A_1_fastqc.html,/Volumes/web/nightingales/O_lurida/20160223_gbs/1SN_21A_2.fq.gz,http://owl.fish.washington.edu/nightingales/O_lurida/20160223_gbs/1SN_21A_2.fq.gz,http://owl.fish.washington.edu/nightingales/O_lurida/20160223_gbs/20170307_fastqc/1SN_21A_2_fastqc.html
1SN_22A,,1SN_22A,BGI,https://github.com/RobertsLab/project-olympia.oyster-genomic/wiki/Genotype-by-sequencing-November-2015,O_lurida,20151130,20160218,whole body,DNA,Illumina,,PE100,GBS,SRP099079,,,genotype-by-sequencing of three geologically distinct Olympia oyster populations,,/Volumes/web/nightingales/O_lurida/20160223_gbs/1SN_22A_1.fq.gz,http://owl.fish.washington.edu/nightingales/O_lurida/20160223_gbs/1SN_22A_1.fq.gz,http://owl.fish.washington.edu/nightingales/O_lurida/20160223_gbs/20170307_fastqc/1SN_22A_1_fastqc.html,/Volumes/web/nightingales/O_lurida/20160223_gbs/1SN_22A_2.fq.gz,http://owl.fish.washington.edu/nightingales/O_lurida/20160223_gbs/1SN_22A_2.fq.gz,http://owl.fish.washington.edu/nightingales/O_lurida/20160223_gbs/20170307_fastqc/1SN_22A_2_fastqc.html
1SN_23A,,1SN_23A,BGI,https://github.com/RobertsLab/project-olympia.oyster-genomic/wiki/Genotype-by-sequencing-November-2015,O_lurida,20151130,20160218,whole body,DNA,Illumina,,PE100,GBS,SRP099079,,,genotype-by-sequencing of three geologically distinct Olympia oyster populations,,/Volumes/web/nightingales/O_lurida/20160223_gbs/1SN_23A_1.fq.gz,http://owl.fish.washington.edu/nightingales/O_lurida/20160223_gbs/1SN_23A_1.fq.gz,http://owl.fish.washington.edu/nightingales/O_lurida/20160223_gbs/20170307_fastqc/1SN_23A_1_fastqc.html,/Volumes/web/nightingales/O_lurida/20160223_gbs/1SN_23A_2.fq.gz,http://owl.fish.washington.edu/nightingales/O_lurida/20160223_gbs/1SN_23A_2.fq.gz,http://owl.fish.washington.edu/nightingales/O_lurida/20160223_gbs/20170307_fastqc/1SN_23A_2_fastqc.html
1SN_24A,,1SN_24A,BGI,https://github.com/RobertsLab/project-olympia.oyster-genomic/wiki/Genotype-by-sequencing-November-2015,O_lurida,20151130,20160218,whole body,DNA,Illumina,,PE100,GBS,SRP099079,,,genotype-by-sequencing of three geologically distinct Olympia oyster populations,,/Volumes/web/nightingales/O_lurida/20160223_gbs/1SN_24A_1.fq.gz,http://owl.fish.washington.edu/nightingales/O_lurida/20160223_gbs/1SN_24A_1.fq.gz,http://owl.fish.washington.edu/nightingales/O_lurida/20160223_gbs/20170307_fastqc/1SN_24A_1_fastqc.html,/Volumes/web/nightingales/O_lurida/20160223_gbs/1SN_24A_2.fq.gz,http://owl.fish.washington.edu/nightingales/O_lurida/20160223_gbs/1SN_24A_2.fq.gz,http://owl.fish.washington.edu/nightingales/O_lurida/20160223_gbs/20170307_fastqc/1SN_24A_2_fastqc.html
1SN_25A,,1SN_25A,BGI,https://github.com/RobertsLab/project-olympia.oyster-genomic/wiki/Genotype-by-sequencing-November-2015,O_lurida,20151130,20160218,whole body,DNA,Illumina,,PE100,GBS,SRP099079,,,genotype-by-sequencing of three geologically distinct Olympia oyster populations,,/Volumes/web/nightingales/O_lurida/20160223_gbs/1SN_25A_1.fq.gz,http://owl.fish.washington.edu/nightingales/O_lurida/20160223_gbs/1SN_25A_1.fq.gz,http://owl.fish.washington.edu/nightingales/O_lurida/20160223_gbs/20170307_fastqc/1SN_25A_1_fastqc.html,/Volumes/web/nightingales/O_lurida/20160223_gbs/1SN_25A_2.fq.gz,http://owl.fish.washington.edu/nightingales/O_lurida/20160223_gbs/1SN_25A_2.fq.gz,http://owl.fish.washington.edu/nightingales/O_lurida/20160223_gbs/20170307_fastqc/1SN_25A_2_fastqc.html
1SN_26A,,1SN_26A,BGI,https://github.com/RobertsLab/project-olympia.oyster-genomic/wiki/Genotype-by-sequencing-November-2015,O_lurida,20151130,20160218,whole body,DNA,Illumina,,PE100,GBS,SRP099079,,,genotype-by-sequencing of three geologically distinct Olympia oyster populations,,/Volumes/web/nightingales/O_lurida/20160223_gbs/1SN_26A_1.fq.gz,http://owl.fish.washington.edu/nightingales/O_lurida/20160223_gbs/1SN_26A_1.fq.gz,http://owl.fish.washington.edu/nightingales/O_lurida/20160223_gbs/20170307_fastqc/1SN_26A_1_fastqc.html,/Volumes/web/nightingales/O_lurida/20160223_gbs/1SN_26A_2.fq.gz,http://owl.fish.washington.edu/nightingales/O_lurida/20160223_gbs/1SN_26A_2.fq.gz,http://owl.fish.washington.edu/nightingales/O_lurida/20160223_gbs/20170307_fastqc/1SN_26A_2_fastqc.html
1SN_27A,,1SN_27A,BGI,https://github.com/RobertsLab/project-olympia.oyster-genomic/wiki/Genotype-by-sequencing-November-2015,O_lurida,20151130,20160218,whole body,DNA,Illumina,,PE100,GBS,SRP099079,,,genotype-by-sequencing of three 